tree
version=v4
num_class=1
num_tree_per_iteration=1
label_index=0
max_feature_idx=153
objective=lambdarank
feature_names=cost level_1_1 level_1_2 level_1_3 level_2_1 level_2_2 region title_vector_0 title_vector_1 title_vector_2 title_vector_3 title_vector_4 title_vector_5 title_vector_6 title_vector_7 title_vector_8 title_vector_9 title_vector_10 title_vector_11 title_vector_12 title_vector_13 title_vector_14 title_vector_15 title_vector_16 title_vector_17 title_vector_18 title_vector_19 supplier supplier_title_vector_0 supplier_title_vector_1 supplier_title_vector_2 supplier_title_vector_3 supplier_title_vector_4 supplier_title_vector_5 supplier_title_vector_6 supplier_title_vector_7 supplier_title_vector_8 supplier_title_vector_9 supplier_title_vector_10 supplier_title_vector_11 supplier_title_vector_12 supplier_title_vector_13 supplier_title_vector_14 supplier_title_vector_15 supplier_title_vector_16 supplier_title_vector_17 supplier_title_vector_18 supplier_title_vector_19 supplier_cost level_00101 level_00110 level_00100 level_00111 level_01000 level_10000 level_01101 level_10100 level_01111 level_11000 0 1 2 3 4 5 6 7 8 9 10 11 12 13 14 15 16 17 18 19 20 21 22 23 24 25 26 27 28 29 30 31 32 33 34 35 36 37 38 39 40 41 42 43 44 45 46 47 48 49 50 51 52 53 54 55 56 57 58 59 60 61 62 63 64 65 66 67 68 69 70 71 72 73 74 75 76 77 78 79 80 81 82 83 84 85 86 87 88 89 90 price_sim code_sim title_sim region_sim
feature_infos=[0:11466674385.120001] [0:1] [0:1] [0:1] [0:1] [0:1] [0:90] [-1.4585161:1.6381854] [-1.2815025:1.3959969999999999] [-1.1869704000000001:2.0241380000000002] [-1.6011793999999999:1.7395666999999999] [-1.1778740000000001:1.2141297] [-1.4340632:1.2053136] [-1.1212356999999999:2.3614350000000002] [-0.8815847:2.1441398] [-1.7125081:1.1774686999999999] [-1.3803951999999999:0.97098759999999995] [-0.98555859999999995:1.6697059000000001] [-1.5027440999999999:2.2507123999999998] [-1.1294886:1.8443560000000001] [-1.1616922999999999:2.6297313999999998] [-0.96045170000000002:1.7476782] [-1.3224773000000001:2.1119718999999999] [-1.1462190000000001:1.529007] [-1.41272:1.3091003999999999] [-1.3118380000000001:1.2799475] [-1.5586348000000001:1.3195873] [0:619] [-0.37364452999999997:0.33858347] [-0.31324950000000001:0.32906215999999999] [-0.031838274999999999:0.66146000000000005] [-0.15961717:0.63689289999999998] [-0.29408970000000001:0.23672489999999999] [-0.42262620000000001:0.25614693999999999] [-0.50995679999999999:0.11565373] [-0.093690040000000002:0.63273144000000003] [-0.47750437000000001:0.19210102000000001] [-0.62073266999999999:-0.062042706000000003] [-0.13320470000000001:0.6236583] [-0.38932266999999998:0.30159649999999999] [-0.084795029999999993:0.70765710000000004] [-0.28326863000000002:0.47038479999999999] [-0.040732923999999997:0.59365564999999998] [-0.32470926999999999:0.35616841999999999] [-0.16838248:0.47534743000000002] [-0.35211530000000002:0.40581474000000001] [-0.35259864000000002:0.26828150000000001] [-0.58772844000000002:0.19775984999999999] [4062:1848261720.1724999] [0:204] [0:46] [0:4] [0:36] [0:82] [0:336] [0:1] [0:1] [0:1] [0:3] [0:1] [0:1] [0:1] [0:0.72727272727272729] [0:0.043478260869565202] [0:1] [0:1] [0:1] [0:1] [0:1] [0:1] [0:1] [0:0.1538461538461538] [0:1] [0:0.058823529411764698] [0:0.71186440677966101] [0:1] [0:0.26666666666666661] [0:1] [0:0.30769230769230771] [0:1] [0:0.125] [0:1] [0:1] [0:1] [0:1] [0:1] [0:1] [0:0.13157894736842099] [0:0.83333333333333337] [0:0.34090909090909088] [0:0.30769230769230771] [0:1] [0:1] [0:1] [0:1] [0:0.125] [0:1] [0:1] [0:1] [0:1] [0:1] [0:0.36363636363636359] [0:1] [0:1] [0:1] [0:1] [0:0.14814814814814811] [0:1] [0:1] [0:1] [0:1] [0:0.071428571428571397] [0:0.14285714285714279] [0:0.58333333333333337] [0:1] [0:0.90000000000000002] [0:0.1578947368421052] [0:0.093023255813953404] [0:1] [0:0.20000000000000001] [0:1] [0:0.26666666666666661] [0:0.66666666666666663] [0:0.94736842105263164] [0:1] [0:1] [0:0.95238095238095244] [0:1] [0:1] [0:1] [0:0.38095238095238088] [0:1] [0:1] [0:1] [0:1] [0:1] [0:1] [0:0.5] [0:0.1818181818181818] [0:1] [0:1] [0:0.69999999999999996] [0:0.14285714285714279] [0:1] [0:0.090909090909090898] [0:1] [0:0.1111111111111111] [0:1] [0:0.90000000000000002] [0:0.29032258064516131] [11.477631578978617:11292637093.775] none [-0.43711075175184977:0.99661317507445002] [-0.36823507999999999:8631823.3438461535]
tree_sizes=3567 3556 3570 3569 3580 3562 3572 3564 3562 3562 3571 3565 3565 3578 3580 3577 3558 3569 3572 3592 3574 3580 3564 3568 3582 3568 3586 3580 3578 3574 3579 3585 3573 3580 3567 3570 3590 3557 3582 3605 3588 3604 3597 3593 3586 3562 3577 3595 3593 3594 3586 3614 3596 3585 3602 3595 3590 3591 3601 3613 3601 3610 3584 3597 3593 3596 3586 3609 3568 3597 3579 3595 3596 3583 3607 3601 3582 3609 3598 3615 3600 3598 3618 3598 3582 3582 3582 3609 3605 3592 3600 3593 3616 3588 3611 3593 3617 3595 3606 3576

Tree=0
num_leaves=31
num_cat=0
split_feature=153 152 150 54 150 153 152 0 48 152 150 49 54 153 54 52 49 1 150 36 52 153 1 153 0 48 49 0 0 152
split_gain=4649.76 1243.43 796.827 793.872 680.744 518.762 393.637 377.937 474.174 292.004 289.355 230.635 194.164 186.701 180.709 179.073 167.77 159.652 159.488 166.658 158.413 110.291 102.427 99.1333 96.3307 106.176 94.5533 92.8144 87.737 84.7207
threshold=0.11115030055555557 0.45035120232289044 2632573.4426875007 45.500000000000007 656230.06687448395 0.043538523434782608 0.86292133661402326 6145989.9450000012 4691736.2559927544 0.84364714654559358 2419553.9995000004 1.0000000180025095e-35 22.500000000000004 0.54692082111436957 20.500000000000004 10.500000000000002 1.0000000180025095e-35 1.0000000180025095e-35 1241970.9374102566 -0.22976596999999996 8.5000000000000018 0.017580631824561401 1.0000000180025095e-35 0.37797619047619052 2036902.7050000003 3678535.6403954807 77.000000000000014 2377738.0000000005 587866.19000000006 0.78945422321363667
decision_type=2 2 2 2 2 2 2 2 2 2 2 2 2 2 2 2 2 2 2 2 2 2 2 2 2 2 2 2 2 2
left_child=1 -1 6 4 11 17 12 10 -9 14 16 28 13 20 27 -13 -6 -5 -19 -20 -2 -17 26 -11 -21 -26 -18 -4 -3 -10
right_child=2 3 9 5 7 -7 -8 8 29 23 -12 15 -14 -15 -16 21 22 18 19 24 -22 -23 -24 -25 25 -27 -28 -29 -30 -31
leaf_value=0.075591560914409148 0.0025446218147663641 0.065992049485071799 -0.063861490711823135 -0.097101239594505118 -0.018439171396395129 0.046094642320078365 0.07297649862207449 -0.078646609203544798 -0.013251031585332902 0.011398367526270646 -0.083804174679803278 -0.033556649741189229 0.071752624162947753 0.048098351417632954 0.021085787969806626 -0.0317230247616778 -0.059577165121463695 0.014948427546715404 0.013201701394656637 -0.080110836017842593 0.054594836317313489 0.025419178922525754 -0.092480394153075088 0.061302448250610812 -0.06863626450423084 -0.0022866288500194205 -0.0088348847394619685 -0.017702718624010162 0.0055387132324138154 0.031571990789957892
leaf_weight=285.40620641815622 651.93419478794385 84.492478155123536 174.04361102552502 61.215304944344098 338.12785213644383 455.08387061752728 1337.9584173272306 240.50556825190142 209.25552524652448 198.84504903029301 1109.5520450681652 1342.3979513049708 348.03260596116888 787.59152692616772 208.02795758168213 129.24279298033798 518.51163865465787 313.54254234640393 160.97582585708005 142.01292461715639 188.42907813706552 243.61251328515937 189.93748761682946 199.2143703440961 99.963472561721574 151.95041899365606 111.5598923676007 290.98130855399359 207.19934852169536 212.4530904195999
leaf_count=3730 32393 1463 14733 4446 20224 13552 20404 24390 13019 9989 101266 76346 6129 20882 9513 6919 34684 12847 6806 10794 3828 8084 18291 4688 8504 6932 4909 20465 10404 8426
internal_value=-2.77758e-10 -0.026493 0.0399172 -0.0311019 -0.040486 0.00235395 0.0520346 -0.0558526 -0.0226214 0.00242685 -0.0655568 -0.0180525 0.0378546 0.0306078 -0.01765 -0.0250423 -0.0480749 -0.0190578 -0.0135567 -0.0296632 0.0142155 0.00561198 -0.0602951 0.0363736 -0.0471797 -0.0286152 -0.0505928 -0.0349784 0.0230498 0.00933041
internal_weight=10992.1 6607 4385.06 6321.59 4936.85 1384.74 3313.95 2929.9 662.214 1071.11 2267.69 2006.95 1975.99 1627.95 673.053 1715.25 1158.14 929.66 868.445 554.903 840.363 372.855 820.009 398.059 393.927 251.914 630.072 465.025 291.692 421.709
internal_count=539060 396036 143024 392306 328425 63881 83636 225209 45835 59388 179374 103216 63232 57103 44711 91349 78108 50329 45883 33036 36221 15003 57884 14677 26230 15436 39593 35198 11867 21445
is_linear=0
shrinkage=0.05


Tree=1
num_leaves=31
num_cat=0
split_feature=153 152 54 152 152 153 54 52 3 152 152 1 54 150 150 48 22 150 0 48 2 0 150 48 53 153 52 15 153 150
split_gain=5295.9 5158.83 2156.24 1299.92 1149.59 902.133 676.715 580.58 572.877 571.123 575.423 490.108 398.395 511.083 396.294 399.792 370.523 382.563 553.946 370.304 363.157 384.537 491.42 441.064 245.65 233.314 209.168 195.393 194.234 193.123
threshold=0.20042313500000003 0.45035120232289044 53.500000000000007 0.91770709851246168 0.84237223596111843 0.020007987000000001 43.500000000000007 10.500000000000002 1.0000000180025095e-35 0.45035120232289044 0.64625282410515261 1.0000000180025095e-35 167.00000000000003 3425086.6601895676 1189643.1604545456 445121.81942028989 0.23861298 731675.6679649126 8343333.3350000009 10149468.097950002 1.0000000180025095e-35 6145989.9450000012 2632573.4426875007 5410991.9321428584 9.5000000000000018 0.85164835164835173 2.5000000000000004 -0.11419843499999999 0.035125853149122803 8230807.0343750017
decision_type=2 2 2 2 2 2 2 2 2 2 2 2 2 2 2 2 2 2 2 2 2 2 2 2 2 2 2 2 2 2
left_child=1 -1 4 6 7 -4 9 20 -9 -2 26 -7 13 -13 -12 -16 17 24 29 -20 21 22 -3 -23 28 -5 -11 -25 -6 -19
right_child=3 2 5 25 16 11 -8 8 -10 10 14 12 -14 -15 15 -17 -18 18 19 -21 -22 23 -24 27 -26 -27 -28 -29 -30 -31
leaf_value=0.07291189002989594 0.078703131799063464 -0.047669689687236561 -0.02656604679643005 0.042055998451444775 -0.030684141250536937 -0.096706275594693705 0.053768407873705321 -0.089052034066537028 0.0013877795794393702 -0.02921705629798263 0.024850463641517696 0.022126270677282914 0.048230410643218424 -0.059468331958785418 -0.083685258902848558 0.0043789625871110309 0.050697184937852906 -0.037293347366728589 -0.053067006633284321 0.032941097723213152 -0.0046403872508826065 -0.076756769011812886 -0.08039581318496114 -0.02711057370516929 0.040172994634671944 0.070257539402143077 0.018429948957244716 0.018512297977195707 0.00012615010076336163 -0.081772612548513979
leaf_weight=1521.4148604692309 307.66614027344622 4442.4775508784223 1265.973716620676 1640.2435841835104 717.41408319026232 81.889380604843609 1088.9864361279178 206.83280303247739 1141.2210748600774 1134.4448649022379 4169.6494499759283 1369.8350071057212 1270.8781002126634 223.18276534788311 136.60390615602955 2278.4198638265952 213.41488200775348 1619.5570542924106 171.07334542053286 466.16285420162603 453.94404068263248 326.79026940121548 1546.4113370086416 619.4002962015802 286.38009923603386 1326.4939782554284 289.0187382940203 377.84602576866746 1782.4859778517857 287.33467707131058
leaf_count=4357 2212 123991 33014 5227 16581 2353 3581 8575 14185 17340 23763 11968 10416 4936 2588 29322 1898 41509 7465 3851 6566 18729 83674 13872 1289 2302 1956 5777 20669 15094
internal_value=-3.47635e-10 -0.0156577 -0.0227985 0.0258085 -0.0318581 0.0087329 0.0167055 -0.0427781 -0.0124885 0.011852 0.00928363 0.0239029 0.0273516 0.0106948 0.0155153 -0.00060232 -0.013904 -0.0164905 -0.0305084 0.00985124 -0.0480353 -0.050729 -0.05612 -0.0263443 -0.00369081 0.0546655 -0.0195429 -0.00982455 -0.0087157 -0.0439956
internal_weight=32763.4 20391.9 18870.5 12371.5 14658.7 4211.76 9404.79 9114.92 1348.05 8315.8 8008.14 2945.79 2863.9 1593.02 6584.67 2415.02 5543.82 5330.41 2544.13 637.236 7766.87 7312.93 5988.89 1324.04 2786.28 2966.74 1423.46 997.246 2499.9 1906.89
internal_count=539060 450769 446412 88291 383725 62687 80762 275369 22760 77181 74969 29673 27320 16904 55673 31910 108356 106458 67919 11316 252609 246043 207665 38378 38539 7529 19296 19649 37250 56603
is_linear=0
shrinkage=0.05


Tree=2
num_leaves=31
num_cat=0
split_feature=153 152 152 152 152 150 54 54 150 39 0 48 0 150 153 1 153 49 3 0 153 48 152 52 2 49 150 54 13 153
split_gain=5046.83 3801.03 1272 1228.97 1337.71 593.484 588.602 468.586 461.807 395.386 350.14 319.79 485.002 317.186 313.999 283.199 266.837 277.404 422.584 231.917 216.875 215.545 214.487 211.714 211.049 187.471 187.268 186.264 164.669 161.722
threshold=0.10004512000000002 0.45035120232289044 0.86292133661402326 0.88976845055508236 0.45035120232289044 3852207.8915757579 65.000000000000014 30.500000000000004 656230.06687448395 -0.024679818999999995 6145989.9450000012 2337696.8948684218 1696466.6650000003 1897292.4794254515 0.27301378636363643 1.0000000180025095e-35 0.33489576666666671 20.500000000000004 1.0000000180025095e-35 1716390.0000000002 0.017580631824561401 4594341.2527631586 0.95753826061075575 13.000000000000002 1.0000000180025095e-35 1.5000000000000002 2579077.1010208339 47.500000000000007 -0.19048760499999998 0.035125853149122803
decision_type=2 2 2 2 2 2 2 2 2 2 2 2 2 2 2 2 2 2 2 2 2 2 2 2 2 2 2 2 2 2
left_child=1 -1 6 4 -2 7 8 16 23 13 26 -7 -13 -4 27 -9 17 25 -19 -15 -8 -12 -16 24 -3 -6 -10 -5 -18 -11
right_child=3 2 9 14 5 11 20 15 10 29 21 12 -14 19 22 -17 28 18 -20 -21 -22 -23 -24 -25 -26 -27 -28 -29 -30 -31
leaf_value=0.066130508906294225 0.078066684210179024 -0.040798081545424462 0.018503297721201625 0.010287555919119996 -0.0036631694020196901 -0.073190648078825735 -0.036281755905770811 -0.077372812808588154 -0.053079425679364939 -0.045338988010364373 -0.071876656386686222 -0.06237262527653531 0.0044582679085818375 -0.053753534031939491 0.041251201036176605 0.038965956321367914 0.0059822651602430658 -0.094148415846292077 0.022538959625184391 -0.0021303350025250966 -0.0013984569756760362 -0.019148915913619571 0.070694484342237296 -0.004388867218282448 0.01175729297550401 -0.039509605924816477 -0.077602628638230836 0.047259952903479757 0.027829096140837152 -0.011397279631253199
leaf_weight=1159.6849114017095 672.52702492673416 2470.6768658626534 1742.5352253406309 1148.0567866067868 710.5763283012202 256.86661569844 691.41352449369151 54.142621886916459 1743.8783101550071 657.18933602771722 251.43107319372939 364.46388106113591 1064.018968376884 293.21894062240608 2842.8076334910002 1545.2778299646452 2821.7839869935997 84.994523509405553 890.61337470554281 843.18840479827486 1253.121670687804 845.88626300951 790.54795103566721 623.72490146756172 207.0311771268025 749.40885937711573 1406.2466164632351 484.38258114363998 1242.2524867912871 753.12147906073369
leaf_count=3626 3061 65347 21434 11253 12005 8764 19948 798 61617 21031 17504 14727 22176 11994 9574 6472 24663 2310 8011 19208 16183 18098 1233 9359 1752 18252 80172 2055 8461 17972
internal_value=-4.27144e-11 -0.0208071 -0.0281221 0.0197744 0.00985451 0.00516597 -0.0383321 0.0107834 -0.044651 -0.00552428 -0.055554 -0.0218288 -0.012593 0.00510077 0.0394735 0.0350277 0.00481735 -0.0082692 0.0123732 -0.0154503 -0.0138018 -0.0312306 0.0476575 -0.0306237 -0.0367347 -0.0220631 -0.0640268 0.0212581 0.0126602 -0.0272137
internal_weight=30665.1 14942.3 13782.7 15722.7 10456.9 9784.4 9493.41 8099.05 7548.88 4289.25 4247.44 1685.35 1428.48 2878.94 5265.79 1599.42 6499.63 2435.59 975.608 1136.41 1944.54 1097.32 3633.36 3301.43 2677.71 1459.99 3150.12 1632.44 4064.04 1410.31
internal_count=539060 385245 381619 153815 129700 126639 289980 80972 253849 91639 177391 45667 36903 52636 24115 7270 73702 40578 10321 31202 36131 35602 10807 76458 67099 30257 141789 13308 33124 39003
is_linear=0
shrinkage=0.05


Tree=3
num_leaves=31
num_cat=0
split_feature=153 152 152 152 152 54 54 153 150 150 54 0 153 54 153 54 150 52 50 0 48 48 153 152 150 0 114 153 52 152
split_gain=4539.88 3217.41 1061.28 1006.23 1178.39 511.92 406.038 395.254 393.583 376.339 298.28 280.328 277.065 359.282 263.737 239.579 204.208 192.286 190.872 186.847 184.804 180.6 178.301 172.81 169.527 165.516 164.658 160.455 159.462 157.834
threshold=0.11115030055555557 0.45035120232289044 0.85041647251279495 0.86432693557519014 0.45035120232289044 49.500000000000007 83.500000000000014 0.052677131973684205 2028057.0674844722 541509.51579487184 121.50000000000001 6145989.9450000012 0.82843137254901966 28.500000000000004 0.040202020202020204 14.500000000000002 1267810.5608373208 10.500000000000002 1.0000000180025095e-35 6145989.9450000012 2384922.5619607847 4691736.2559927544 0.28563245285714289 0.72537311563515972 2579077.1010208339 8343333.3350000009 0.10960960960960962 1.5000000000000002 6.5000000000000009 0.93876938304679891
decision_type=2 2 2 2 2 2 2 2 2 2 2 2 2 2 2 2 2 2 2 2 2 2 2 2 2 2 2 2 2 2
left_child=1 -1 5 4 27 9 8 18 23 17 16 24 13 -5 -7 -10 -9 -3 -4 -18 -17 -13 25 28 -11 -22 -25 -2 -6 -14
right_child=3 2 7 12 6 14 -8 10 15 11 -12 21 29 -15 -16 20 19 -19 -20 -21 22 -23 -24 26 -26 -27 -28 -29 -30 -31
leaf_value=0.062600257032974047 0.078234899198553032 -0.035970532224499883 -0.010422686168624185 0.015733382226464095 -0.010488741933912991 -0.029621361249135593 0.040987301830790968 0.014458729566748742 -0.036604733300618558 -0.051006383187862131 0.050165685272530937 -0.068869070620624653 0.038484258541625488 0.045792022594463459 0.0081946269492576655 -0.070319758184257355 -0.045453533250579825 -0.0032119548334950902 -0.037486078495812501 0.0087158388590983307 -0.049883763991818791 -0.018434616230773939 0.026613286043645708 0.017912461284455297 -0.075248180297084799 0.018225375934140781 -0.028752016691628957 -0.06322717221162269 0.022439881841123558 0.066757573777408763
leaf_weight=1098.0345017893706 619.17322779388633 2167.1323011436471 1919.9799932839815 2520.6787122108508 1782.5152248773666 1124.2362731987523 646.96263707824983 987.30107844469603 1003.9420934781665 1754.3902842563111 364.70071683870628 231.82504158368101 1203.5213254583068 1641.4954947410151 781.61120146838948 87.514544089324772 362.88646593410522 564.68206129549071 986.12669985066168 283.60012695449404 204.51454431633465 757.48881895613158 464.11538851086516 2750.6565544750192 1224.5949264515075 158.20158306637313 202.98885488836095 20.716064543346874 463.20308905746788 836.83028070069849
leaf_count=3730 2246 57706 42248 19701 23861 30307 3121 13724 32221 66365 2208 17773 4497 6076 8563 3223 14712 8727 30572 5565 7437 16616 5831 24574 77220 2382 3250 711 2574 1319
internal_value=4.29133e-11 -0.0197088 -0.0263983 0.019711 0.00843725 -0.0369774 0.00306258 -0.0078354 -0.000384607 -0.0434813 0.00928098 -0.0533133 0.034987 0.027588 -0.0141126 -0.0197416 0.000154525 -0.0291991 -0.0196061 -0.0216906 -0.00122605 -0.0302529 0.00608705 0.00675709 -0.0609716 -0.0201774 0.0147055 0.0736551 -0.00369687 0.0500803
internal_weight=29215.6 14608.6 13510.6 14607 8404.5 8605.96 7764.61 4904.6 7117.65 6700.11 1998.49 3968.3 6202.53 4162.17 1905.85 1918.29 1633.79 2731.81 2906.11 646.487 914.346 989.314 826.832 5199.36 2978.99 362.716 2953.65 639.889 2245.72 2040.35
internal_count=539060 396036 392306 143024 111431 283277 108474 109029 105353 244407 36209 177974 31593 25777 38870 51094 34001 66433 72820 20277 18873 34389 15650 54259 143585 9819 27824 2957 26435 5816
is_linear=0
shrinkage=0.05


Tree=4
num_leaves=31
num_cat=0
split_feature=153 152 152 152 54 152 153 54 49 153 3 150 0 92 150 0 48 48 152 152 150 2 153 50 22 16 150 153 152 76
split_gain=4090.67 2993.7 1253.94 661.708 612.217 570.879 532.766 442.693 417.248 347.518 343.935 280.969 408.601 260.054 245.236 257.433 212.264 203.653 192.472 192.303 173.266 166.811 156.003 153.79 153.474 145.696 140.995 128.562 128.006 127.056
threshold=0.21439623214285711 0.45035120232289044 0.84237223596111843 0.86842704451477815 44.500000000000007 0.45035120232289044 0.045529727727272706 42.500000000000007 87.500000000000014 0.040202020202020204 1.0000000180025095e-35 608859.27924426447 6145989.9450000012 0.14313399778516059 811204.65464285726 5262670.0000000009 5832504.3083333345 4970102.0871428577 0.93124092153396854 0.65126507419805779 1319363.4718181819 1.0000000180025095e-35 0.041841736694677813 1.0000000180025095e-35 -0.11794129499999999 -0.35164381499999992 7351207.4071517037 0.010479060333333302 0.31840728732322959 1.0000000180025095e-35
decision_type=2 2 2 2 2 2 2 2 2 2 2 2 2 2 2 2 2 2 2 2 2 2 2 2 2 2 2 2 2 2
left_child=1 28 4 5 8 -2 23 14 11 -6 -10 21 -13 19 -8 26 -14 -17 25 -7 -11 -3 -12 27 -21 -5 -16 -4 -1 -29
right_child=3 2 6 18 9 13 7 -9 10 20 22 12 16 -15 15 17 -18 -19 -20 24 -22 -23 -24 -25 -26 -27 -28 29 -30 -31
leaf_value=0.07813749301134415 0.065954867561505079 -0.033718854251657618 -0.04791699676942985 0.017619953758809998 -0.029032647230000149 -0.0053037149454002504 0.010614612788709416 0.032250446764027621 -0.07847923510602231 0.031368681026750923 -0.017831918496146917 -0.061315017567355058 -0.061451024722787108 -0.018992886334132805 -0.025188959499470115 -0.047573667166522199 -0.012175021164680168 0.026675211334206202 0.051572029403900113 0.037537596249626562 -0.0079766143376933715 0.015128377999336444 0.025180962859873264 -0.038407369205441404 0.013308430557127255 0.041255460283723025 -0.076671345596565119 -0.016813115903908986 0.044836096279338551 0.016434742042874498
leaf_weight=628.3809514962486 483.27854504471179 2485.6918115987792 220.58881875220686 1191.2562133845058 1028.4828926091723 1062.2873226551892 1533.3048735972261 1252.2989317025058 147.43379049235955 546.48470761813223 409.85601721866988 2841.4704412521824 299.62733188494167 708.79070159466937 729.21898727992084 119.87508584489115 807.62939239869593 402.2529046011623 1859.2054939945228 845.8563913507387 573.4160838893149 187.99586494534742 434.04731983633246 897.77764113829471 2875.1574116117554 1440.3824431630783 162.65675290673971 951.59442525589839 533.61402502655983 411.65202261833474
leaf_count=1762 2259 68762 6609 7400 30315 13867 18484 8411 8440 3400 7687 145401 20495 18666 19904 5283 16700 4361 4868 5123 8865 1779 3103 30635 26938 5627 9385 24470 2666 7395
internal_value=2.10213e-10 -0.0147166 -0.0201976 0.0247549 -0.0316202 0.0138558 -0.00350753 0.00734605 -0.0382715 -0.00804837 -0.00801875 -0.0428002 -0.0512748 0.00927137 -0.00323572 -0.0182546 -0.0255093 0.00962845 0.0392569 0.0134596 0.0112229 -0.0302842 0.00429103 -0.0218749 0.0188162 0.0305564 -0.0345781 -0.0125037 0.0628447 -0.00677344
internal_weight=28071.6 17605.4 16443.4 10466.2 9762.14 5975.37 6681.22 4199.61 7613.75 2148.38 991.337 6622.41 3948.73 5492.09 2947.31 1414 1107.26 522.128 4490.84 4783.3 1119.9 2673.69 843.903 2481.61 3721.01 2631.64 891.876 1583.84 1161.99 1363.25
internal_count=539060 454312 449884 84748 314947 66853 134937 65828 272367 42580 19230 253137 182596 64594 57417 38933 37195 9644 17895 45928 12265 70541 10790 69109 32061 13027 29289 38474 4428 31865
is_linear=0
shrinkage=0.05


Tree=5
num_leaves=31
num_cat=0
split_feature=153 152 54 152 152 150 0 49 150 48 153 150 153 54 54 54 0 52 44 152 13 14 150 48 152 153 152 152 48 48
split_gain=3625.85 2516.39 814.748 750.57 870.75 550.937 495.944 495.799 375.187 367.607 300.502 297.422 272.664 268.37 215.614 201.3 186.796 181.726 180.61 155.948 175.243 147.448 135.383 155.083 134.96 128.886 128.043 126.101 120.132 115.433
threshold=0.10004512000000002 0.45035120232289044 134.00000000000003 0.86292133661402326 0.45035120232289044 2419553.9995000004 6145989.9450000012 1.0000000180025095e-35 2632573.4426875007 6935391.1891692318 0.011653637988372051 624954.03246176173 0.36387197181818182 21.500000000000004 20.500000000000004 112.00000000000001 798750.00000000012 10.500000000000002 0.19837953000000003 0.59554324783386836 -0.072571972499999984 0.24154638500000003 1443355.6328282834 3405053.400994319 0.87125382497464876 0.017580631824561401 0.90886048483031134 0.83567900156616237 227416.75642375171 3291945.1830782616
decision_type=2 2 2 2 2 2 2 2 2 2 2 2 2 2 2 2 2 2 2 2 2 2 2 2 2 2 2 2 2 2
left_child=1 -1 5 4 -2 7 -7 18 13 -8 -4 17 15 19 -10 -5 -12 27 -3 -6 21 -21 -14 -24 -11 -19 -20 -9 -13 -16
right_child=3 2 10 12 8 6 9 11 14 24 16 28 22 -15 29 -17 -18 25 26 20 -22 -23 23 -25 -26 -27 -28 -29 -30 -31
leaf_value=0.060124602340074079 0.063066761102992253 0.017434806870730173 -0.033871112483930932 0.0118849239842029 -0.018354037991677973 -0.066676450579513533 -0.060052607338721503 -0.038560444305697529 -0.032931249279446205 -0.0193658325920999 -0.083586504300817294 -0.083293064339110379 0.046087280206840407 0.029497928413030151 -0.042014296775152137 0.048328097727914236 0.019789022453488334 -0.031864725735920273 -0.021912082620968193 0.011858850309965073 0.03462629898849965 -0.0093215419744967307 -0.0036409427832928124 0.037714553630170608 0.023813227774093171 0.010877250893298284 0.0085231906037073913 -0.015776763400598092 -0.044907773428105646 0.013824873549617723
leaf_weight=929.95103979390115 647.51335041690618 675.39938823273405 374.98226902267197 2134.7432248888072 716.97793318191543 1683.2218895696569 488.05770804407075 1747.1674833367579 1003.4061578544206 555.19967374240514 45.14249679655768 246.56277004024014 2475.75838497933 1214.470635377802 112.0107529766392 460.69790584500879 1366.6136852828786 264.76705042948015 1202.0280774866696 1949.3664065080811 500.92866646416951 1420.4360995873576 331.30231580184773 717.93907189788297 268.47605570615269 528.30795144848526 485.01236960757524 930.88293974252883 1176.0996556549799 532.7991766994819
leaf_count=3626 3061 10454 11219 20940 11672 106170 32347 51461 38884 12305 1913 11600 6977 6771 2868 1425 16264 6759 30898 20633 3651 22592 2424 3570 3140 7585 7374 22784 49346 8347
internal_value=4.53445e-11 -0.0191201 -0.0252419 0.0174385 0.00745128 -0.0306725 -0.0487149 -0.0232257 0.00261774 -0.0256666 0.00591557 -0.0323065 0.0306526 0.00859795 -0.0184342 0.0183537 0.0164835 -0.0244152 -0.00441477 0.00306525 0.00703275 0.00293091 0.0397082 0.0246564 -0.00529167 -0.0033921 -0.0131622 -0.0306409 -0.0515604 0.00412498
internal_weight=27186.2 12967.9 12037.9 14218.4 8097.91 10251.2 2994.96 7256.23 7450.4 1311.73 1786.74 4893.79 6120.44 5802.18 1648.22 2595.44 1411.76 3471.13 2362.44 4587.71 3870.73 3369.8 3525 1049.24 823.676 793.075 1687.04 2678.05 1422.66 644.81
internal_count=539060 385245 381619 153815 118479 352223 153962 198261 115418 47792 29396 149535 35336 65319 50099 22365 18177 88589 48726 58548 46876 43225 12971 5994 15445 14344 38272 74245 60946 11215
is_linear=0
shrinkage=0.05


Tree=6
num_leaves=31
num_cat=0
split_feature=153 152 152 152 152 152 54 150 150 153 0 54 153 54 54 153 153 48 52 48 49 2 1 54 15 54 150 150 150 153
split_gain=3132.28 2263.65 771.832 720.17 631.931 457.731 364.315 312.252 292.554 255.576 216.71 210.161 198.275 194.181 190.675 248.598 156.664 150.896 148.513 139.791 136.835 136.319 132.581 128.831 126.188 125.518 122.5 121.891 120.675 117.319
threshold=0.11115030055555557 0.45035120232289044 0.86569826954570861 0.91616956347643719 0.45035120232289044 0.78672362243901628 44.500000000000007 656230.06687448395 1241970.9374102566 0.045326142783769861 6145989.9450000012 24.500000000000004 0.020007987000000001 30.500000000000004 32.500000000000007 0.46504065040650416 0.85164835164835173 2430121.9982475494 10.500000000000002 4691736.2559927544 5.5000000000000009 1.0000000180025095e-35 1.0000000180025095e-35 56.500000000000007 -0.086200274999999979 267.50000000000006 656230.06687448395 2579077.1010208339 1140999.8031818185 1.0000000180025095e-35
decision_type=2 2 2 2 2 2 2 2 2 2 2 2 2 2 2 2 2 2 2 2 2 2 2 2 2 2 2 2 2 2
left_child=1 29 6 4 -2 8 7 18 23 20 27 26 25 -10 15 24 28 -15 21 -12 -4 -3 -16 -6 -7 -8 -11 -9 -5 -1
right_child=3 2 9 16 5 14 12 10 13 11 19 -13 -14 17 22 -17 -18 -19 -20 -21 -22 -23 -24 -25 -26 -27 -28 -29 -30 -31
leaf_value=0.09860406069204905 0.060767788102768852 -0.035265656836345603 -0.0080088915613538911 0.038859616976557862 0.0025456168138854921 -0.0078674831899580508 -0.04736360489281697 -0.045982096193604119 -0.029515134349413105 0.0091186047273569652 -0.062883943901616154 0.026457680613872325 -0.00062507471665331686 -0.070464158865131271 -0.093087759480340856 0.023448538583834871 0.053204001723400389 0.019800291228404689 -0.0044174612006078993 -0.016476879278161077 -0.036562267909845528 0.0098658973992577972 0.036390621568608277 0.038526359521403854 0.028716940688146494 0.0016415554603242536 -0.022462864244181108 -0.068431489753687749 0.012629490808077015 0.049795260776908976
leaf_weight=145.83661708049476 593.31857477058657 2144.0747893287335 1121.6640420404729 1251.9369278717786 2557.4124184034299 1447.5637995789293 496.17259128106525 1367.8343979182537 1317.6374016828486 640.04159562243149 211.6482902361895 835.94855297543108 1212.6912732052151 52.635564890690148 20.082007992081344 2191.0571224547457 1117.5754243792035 384.68294052779675 632.42739571630955 695.62786585767753 670.34923079761211 181.47666535968892 1276.1068972325884 275.59161555487663 281.54678974393755 177.37741470756009 590.18443526420742 1083.6914624548517 674.84708125097677 790.23604511888698
leaf_count=639 2957 66298 27665 4766 30111 25454 19376 62861 40645 9068 18673 9208 21250 1616 651 15135 2383 4097 10730 16487 25131 1787 6210 853 2780 3812 20590 79370 5366 3091
internal_value=7.69536e-11 -0.0175017 -0.0233148 0.0169227 0.0106604 0.00762806 -0.0319892 -0.0377472 -0.00389162 -0.00487184 -0.0481795 0.00711281 -0.0127064 -0.0199335 0.01776 0.0122631 0.0383109 0.00893608 -0.0259013 -0.0273027 -0.01869 -0.0317438 0.0343846 0.00604579 -0.00191053 -0.0344582 -0.00603218 -0.0559058 0.0296726 0.0573995
internal_weight=26439.3 12997.3 12061.2 13442 10397.6 9804.32 8203.02 6316.78 4587.96 3858.19 3358.8 2066.17 1886.24 1754.96 5216.36 3920.17 3044.36 437.319 2957.98 907.276 1792.01 2325.55 1296.19 2833 1729.11 673.55 1230.23 2451.53 1926.78 936.073
internal_count=539060 396036 392306 143024 130509 127552 300644 256206 77322 91662 177391 38866 44438 46358 50230 43369 12515 5713 78815 35160 52796 68085 6861 30964 28234 23188 29658 142231 10132 3730
is_linear=0
shrinkage=0.05


Tree=7
num_leaves=31
num_cat=0
split_feature=153 152 54 152 152 153 152 52 152 150 3 22 150 0 48 15 48 0 54 36 150 150 0 150 22 53 43 14 54 150
split_gain=2865.47 2298.34 909.914 577.22 534.612 530.639 324.313 297.057 243.143 239.292 236.548 228.669 219.017 290.221 251.08 196.415 175.42 174.959 166.637 159.709 159.567 149.936 149.111 136.349 136.177 129.184 126.766 121.282 121.808 124.594
threshold=0.20042313500000003 0.45035120232289044 53.500000000000007 0.84101970847190166 0.89266726515382067 0.020007987000000001 0.45035120232289044 10.500000000000002 0.72537311563515972 1319363.4718181819 1.0000000180025095e-35 0.23861298 731675.6679649126 6145989.9450000012 5496696.0915384619 -0.037489404999999996 3678535.6403954807 1716390.0000000002 225.50000000000003 -0.13101480499999998 5786903.7605714295 378491.35586956493 5740691.6350000007 7351207.4071517037 -0.14915110499999998 9.5000000000000018 0.016084690500000002 0.22623014000000002 14.500000000000002 58965.234266666688
decision_type=2 2 2 2 2 2 2 2 2 2 2 2 2 2 2 2 2 2 2 2 2 2 2 2 2 2 2 2 2 2
left_child=1 -1 3 7 6 -4 -2 15 20 18 -9 12 25 23 -15 21 -11 26 -7 -17 -8 -3 -23 -14 -10 -5 -18 -26 29 -29
right_child=4 2 5 11 -6 9 8 10 24 16 -12 -13 13 14 -16 19 17 -19 -20 -21 -22 22 -24 -25 27 -27 -28 28 -30 -31
leaf_value=0.058544942561403551 0.054410347228865875 -0.029775341619977275 -0.027442223855678474 -0.0068578591784909581 0.03706242543890334 0.018865497086972473 0.00095469896848283736 -0.07206531865014125 0.040917320188191629 -0.030643188869234929 -0.00041403851339618877 0.04193826292246635 -0.031547930272974978 -0.056552094862427342 0.020062049286962955 -0.038769823556941682 0.0017257951776285313 0.024982925532851953 0.057559629858609664 -0.0022081891772842426 -0.041558518594361639 -0.055527219597666135 -0.030818556902134572 -0.073802845259850106 0.024038690729667661 0.032070692466958102 -0.084752010679429349 0.031611172621088479 0.020648874554807142 -0.011063444172024851
leaf_weight=1040.01258844533 434.58487979817437 1408.7424219015811 1002.2866440993967 1896.3560758397798 3385.3381111458875 1109.8315218692878 1845.4804586345563 132.16469791601412 512.06369205657393 362.85679875896312 896.8041237606667 195.00157050555572 1075.0991908267606 138.25670492625795 472.08767406322295 603.29246947399224 110.02925317501649 579.14646751480177 371.33823156170547 591.57408046873752 250.70084008015692 2427.2384775231767 815.81630529218819 232.13590886909515 1530.7593476111069 240.09666551835835 68.92292962456122 203.85649931617081 808.39946898026392 1062.5205144600477
leaf_count=4357 2330 40844 33014 37731 12860 9881 23531 8501 2874 7910 14081 1957 38548 8649 6321 23270 1684 6024 1129 16203 9812 138111 32815 15389 11757 1305 3045 1276 7978 15873
internal_value=6.47069e-11 -0.0132911 -0.0183634 -0.0254373 0.0208885 0.00346932 0.0126528 -0.0343907 0.0097323 0.0153758 -0.0096172 -0.0109493 -0.0134932 -0.0257601 0.00270723 -0.0387506 -0.00205341 0.0116308 0.0285664 -0.0206683 -0.00412983 -0.0433952 -0.0493116 -0.0390515 0.0167892 -0.00248303 -0.0315809 0.0133625 0.00548567 -0.00419385
internal_weight=25802.8 15769.1 14729.1 11124.7 10033.7 3604.41 6648.37 6875.63 6213.78 2602.13 1028.97 4249.03 4054.03 1917.58 610.344 5846.66 1120.96 758.099 1481.17 1194.87 2096.18 4651.8 3243.05 1307.24 4117.6 2136.45 178.952 3605.54 2074.78 1266.38
internal_count=539060 450769 446412 383725 88291 62687 75431 273825 73101 29673 22582 109900 107943 68907 14970 251243 18663 10753 11010 39473 33343 211770 170926 53937 39758 39036 4729 36884 25127 17149
is_linear=0
shrinkage=0.05


Tree=8
num_leaves=31
num_cat=0
split_feature=153 152 152 152 152 150 54 54 54 150 54 150 1 153 0 153 152 48 13 0 153 153 153 0 16 48 150 0 48 10
split_gain=2582.01 1958.89 629.07 606.649 587.538 312.025 276.038 268.774 209.342 207.909 191.092 186.122 160.826 150.645 149.971 149.951 141.462 135.101 131.94 128.398 128.353 121.56 120.253 118.627 117.427 113.904 100.749 203.762 101.571 100.219
threshold=0.10004512000000002 0.45035120232289044 0.86842704451477815 0.85041647251279495 0.45035120232289044 2632573.4426875007 125.00000000000001 65.000000000000014 56.500000000000007 656230.06687448395 14.500000000000002 1443355.6328282834 1.0000000180025095e-35 0.014570896811594203 6145989.9450000012 0.035125853149122803 0.5648737936503857 3463573.6269999999 -0.16536879499999999 297055.00000000006 0.041841736694677813 0.27301378636363643 1.0000000180025095e-35 959310.62500000012 -0.14132393999999995 2337696.8948684218 2419553.9995000004 5740691.6350000007 9692677.9880714305 -0.0077141584999999993
decision_type=2 2 2 2 2 2 2 2 2 2 2 2 2 2 2 2 2 2 2 2 2 2 2 2 2 2 2 2 2 2
left_child=1 22 4 7 -2 8 15 9 16 -3 -7 21 -9 -8 -11 -5 -6 -13 24 -19 -14 -4 -1 -12 29 -25 -17 -28 -29 -18
right_child=2 3 11 6 5 10 13 12 -10 14 23 17 20 -15 -16 26 18 19 -20 -21 -22 -23 -24 25 -26 -27 27 28 -30 -31
leaf_value=0.095435497200195993 0.053848645607604488 -0.026032841544622772 0.021172989283648184 -0.028482987076818983 -0.020566337125012161 -0.03752114824717117 -0.021607832080069243 -0.083269343649378727 0.034603569793808402 -0.052520423483667145 -0.067514957099568354 -0.0056451515016509666 -0.02049454640728263 0.029021224163675863 -0.027487321048082231 0.0011896067616015665 0.016045735345389455 -0.06011275432976651 0.021467897608313483 0.027572253933312026 0.010912763055501068 0.040420719761212476 0.047302813737703189 -0.061839348009030154 0.0214902175275575 0.007946723460459033 -0.055085579006925761 -0.04309607611558898 0.019746925864048748 -0.007444328456089536
leaf_weight=160.15245056524873 593.54076461988734 2506.4474198242533 1204.6771339464467 1148.0176110340399 518.70747839834075 681.08996627456509 188.182566850679 76.102239658823237 636.13545963261276 2154.3589833584265 64.918859336525202 563.7234483032953 859.701093231095 670.15402582962997 828.33939440670656 1456.2729302020743 574.93892475333996 43.391914916457608 1169.0667429699679 1102.6555662690662 523.31498226011172 2570.8528761272901 683.88453486165963 63.268928128993139 626.63850497215753 771.02786626375746 272.9833957424853 87.218722516670823 244.66869549872354 2159.9057918686303
leaf_count=639 3061 72498 8599 40416 9138 29251 5574 3720 2411 135205 3386 6405 24969 6779 34236 27668 5854 1102 11352 8945 5539 7917 2987 3148 5809 15223 16898 5321 2796 32214
internal_value=7.76397e-11 -0.0169756 0.0150868 -0.0226004 0.00601746 0.00211009 -0.00726463 -0.031578 0.0075729 -0.0366481 -0.0175432 0.0280813 -0.0125044 0.0179213 -0.0455684 -0.014001 0.00416742 0.0143949 0.00699921 0.0242523 -0.00861044 0.0342793 0.0564358 -0.00241139 0.00196725 0.00265449 -0.00593476 -0.0230872 0.00323203 -0.00250608
internal_weight=25204.3 11859.8 13344.5 11015.8 7859.24 7265.7 4067.5 6948.26 5685.39 5489.15 1580.31 5485.3 1459.12 858.337 2982.7 3209.16 5049.26 1709.77 4530.55 1146.05 1383.02 3775.53 844.037 899.216 3361.48 834.297 2061.14 604.871 331.887 2734.84
internal_count=539060 385245 153815 381619 120847 117786 105452 276167 66778 241939 51008 32968 34228 12353 169441 93099 64367 16452 55229 10047 30508 16516 3626 21757 43877 18371 52683 25015 8117 38068
is_linear=0
shrinkage=0.05


Tree=9
num_leaves=31
num_cat=0
split_feature=153 152 152 152 152 54 150 150 39 152 54 153 0 150 54 153 54 48 153 52 0 52 2 27 23 153 150 0 153 153
split_gain=2346.75 1825.14 574.689 552.177 560.585 269.878 237.521 236.408 204.958 186.515 183.777 200.036 170.159 168.774 159.445 154.093 151.721 129.203 129.132 171.452 125.602 125.191 126.311 121.222 109.644 105.411 101.265 101.834 97.0618 96.8378
threshold=0.11115030055555557 0.45035120232289044 0.86569826954570861 0.8370212312763895 0.45035120232289044 44.500000000000007 687157.34966954042 2579077.1010208339 -0.027811300999999997 0.95753826061075575 112.00000000000001 0.51000000000000012 6145989.9450000012 1576991.6288461543 83.500000000000014 0.041841736694677813 20.500000000000004 4691736.2559927544 0.54692082111436957 8.5000000000000018 1716390.0000000002 10.500000000000002 1.0000000180025095e-35 603.50000000000011 0.021504493500000003 0.038100115047619058 2740848.4948798087 2803850.0000000005 1.0000000180025095e-35 1.5000000000000002
decision_type=2 2 2 2 2 2 2 2 2 2 2 2 2 2 2 2 2 2 2 2 2 2 2 2 2 2 2 2 2 2
left_child=1 28 5 4 29 6 21 14 13 10 11 26 -8 -4 18 -7 -9 -14 19 24 -15 22 -3 -13 -6 -23 -5 -28 -1 -2
right_child=3 2 8 9 7 15 12 16 -10 -11 -12 23 17 20 -16 -17 -18 -19 -20 -21 -22 25 -24 -25 -26 -27 27 -29 -30 -31
leaf_value=0.092987964782592636 0.056066655089003742 -0.032952309177877143 0.01474940069328029 0.014285082184020307 0.019253826859497853 -0.024231986716984386 -0.051643267506884687 -0.032912277803251969 -0.021698045531267588 0.048278377303373921 0.048615191894741727 0.030445133047433782 -0.059566154097426695 -0.04124262341429917 0.036275757938451225 0.0057221606417861342 0.0026868203481321936 -0.014014634243083961 0.010755001157141545 0.020173912102938729 -0.0015529297386734451 -0.019426502815808634 0.012130005362896087 -0.052982546949659814 -0.020275211698160427 0.023996159878799279 -0.043460234324138244 0.0040262579756350008 0.047900442485190486 -0.077041045718517179
leaf_weight=144.63770896755159 538.47744986182079 1983.0805596088758 1403.4226534743793 1925.9133426357876 202.65322822588496 1057.2344523287611 2136.7602239025 774.69037271291018 1213.5581291955896 781.23302500764839 588.4385848925449 2473.8126530332956 205.90210916812066 269.10209791432135 380.60694556217641 722.93426549108699 487.73988718306646 638.11275654257042 2209.6081405477016 450.94933756999671 768.85039556818083 385.0961985741742 168.57784811840975 44.321298440918326 1305.6497414972982 219.38369022076949 161.58464883628767 374.71357502578758 683.12239588634111 14.019778669928199
leaf_count=639 2246 68158 18728 15814 2807 34794 140023 34089 40058 2130 1868 11684 18673 12677 1303 9644 9130 16448 18855 3216 20199 8440 1844 516 28200 2620 4574 5881 3091 711
internal_value=2.76179e-11 -0.0158596 -0.0211674 0.0149682 0.0045601 -0.0290749 -0.0343523 -1.51885e-05 -0.00490423 0.0253998 0.0221902 0.019068 -0.0441352 0.00344363 0.0052969 -0.0120675 -0.0191586 -0.0251272 0.00246861 -0.00687663 -0.011843 -0.023772 -0.0294202 0.0289767 -0.0149642 -0.00366713 0.00893425 -0.0102812 0.0557788 0.052689
internal_weight=24714.2 11999.8 11172 12714.4 6364.39 7517.08 5736.91 5811.9 3654.93 6350.02 5568.78 4980.35 2980.78 2441.38 4549.47 1780.17 1262.43 844.015 4168.86 1959.25 1037.95 2756.14 2151.66 2518.13 1508.3 604.48 2462.21 536.298 827.76 552.497
internal_count=539060 396036 392306 143024 100557 300644 256206 97600 91662 42467 40337 38469 175144 51604 54381 44438 43219 35121 53078 34223 32876 81062 70002 12200 31007 11060 26269 10455 3730 2957
is_linear=0
shrinkage=0.05


Tree=10
num_leaves=31
num_cat=0
split_feature=153 152 152 152 153 150 54 142 54 54 153 152 0 48 150 48 49 49 21 150 0 48 49 1 152 50 27 152 42 21
split_gain=2214.18 1745.24 832.434 384.945 376.258 320.045 293.244 278.243 276.476 265.685 232.781 206.898 204.285 250.403 182.356 189.226 159.872 192.507 155.047 140.123 195.418 146.131 115.306 111.284 103.589 101.133 96.2695 93.5771 89.9108 116.29
threshold=0.27301378636363643 0.45035120232289044 0.84237223596111843 0.92408447469306187 0.045529727727272706 2110815.3762820517 225.50000000000003 1.0000000180025095e-35 44.500000000000007 30.500000000000004 0.055728088336783957 0.45035120232289044 5740691.6350000007 5043349.7791279079 1267810.5608373208 445121.81942028989 65.000000000000014 1.0000000180025095e-35 0.26579909000000007 811204.65464285726 5262670.0000000009 4656074.5636538463 21.500000000000004 1.0000000180025095e-35 0.31840728732322959 1.0000000180025095e-35 520.50000000000011 0.78537603865405703 0.33208088000000008 0.34236140500000006
decision_type=2 2 2 2 2 2 2 2 2 2 2 2 2 2 2 2 2 2 2 2 2 2 2 2 2 2 2 2 2 2
left_child=1 24 5 9 25 6 10 12 19 11 -3 -2 -7 -14 28 -16 17 -12 -9 26 -21 -22 -19 -11 -1 -4 -6 -17 -13 -30
right_child=3 2 4 -5 8 7 -8 18 -10 23 16 14 13 -15 15 27 -18 22 -20 20 21 -23 -24 -25 -26 -27 -28 -29 29 -31
leaf_value=0.067858887007178223 0.052067065241577649 -0.031100845155933754 -0.010386044303667298 0.041662887440266902 0.0155800618793599 -0.055041771345862273 0.039329861920532713 -0.025248477200895778 0.027477871835759629 -0.061669624223673773 0.0017024671762503178 0.017293319726063544 -0.058620101779793043 -0.010760456700237392 -0.077872423752941344 -0.017058883500518356 0.017407195149185938 -0.037607151899902533 0.046318228909955239 -0.027090127613755691 -0.040356302068634185 0.024502715340389919 -0.0057372191925695818 0.038169502575025452 0.035410944252869017 -0.033159670195321234 -0.015031876531126174 0.0086751045542583002 -0.032018601394825243 0.024104935013363929
leaf_weight=546.13219676463632 282.00278680818155 2603.403124725286 1357.8788384520449 1764.4617240978405 1257.4843317898922 1575.457556799287 213.63136646384373 167.64613427582663 1207.6298522311263 28.555043327156454 948.38609039061703 3062.7206210043223 422.22316767752636 774.85895935178269 86.979162673931569 601.87379808886908 440.07703183806734 920.28545089426916 137.9582895191852 865.13889453967568 108.99224310647696 427.36700836359523 410.36415157082956 1236.8177105726209 447.52919761929661 760.53500993491616 322.7495398435276 855.21722370292991 220.41074935346842 158.79401027504355
leaf_count=1869 1697 91677 38474 5068 14684 108014 1556 4500 8428 598 18933 23094 28996 19955 2800 16677 3901 34805 1518 31237 5391 5072 11589 5579 2948 30635 4986 10765 2620 994
internal_value=-1.60046e-10 -0.0109173 -0.0151899 0.02094 -0.00138915 -0.0252954 -0.0181091 -0.0382202 0.00729458 0.0153434 -0.0204145 0.0104018 -0.0432111 -0.027641 0.00804526 -0.00623124 -0.0101829 -0.0155105 0.00705871 -0.000879838 -0.0123893 0.0113229 -0.0277787 0.0359165 0.0532449 -0.018562 0.00932783 -0.00195471 0.0144498 -0.00851657
internal_weight=24213.6 15915.7 14922.1 8297.83 6307.78 8614.29 5536.15 3078.14 4189.36 6533.37 5322.52 5268 2772.54 1197.08 4986 1544.07 2719.11 2279.04 305.604 2981.73 1401.5 536.359 1330.65 1265.37 993.661 2118.41 1580.23 1457.09 3441.93 379.205
internal_count=539060 469168 464351 69892 138907 325444 162461 162983 69798 64824 160905 58647 156965 48951 56950 30242 69228 65327 6018 61370 41700 10463 46394 6177 4817 69109 19670 27442 26708 3614
is_linear=0
shrinkage=0.05


Tree=11
num_leaves=31
num_cat=0
split_feature=153 152 54 152 153 152 152 52 2 3 1 22 152 150 0 13 48 54 1 0 150 48 54 14 152 153 27 153 150 16
split_gain=2043.88 1621.19 714.588 434.021 408.404 374.41 303.347 224.74 187.655 185.792 181.648 169.321 166.863 164.593 201.904 163.404 152.894 132.729 126.872 117.858 177.606 138.298 112.339 107.501 102.766 97.2474 95.9432 96.5462 95.1677 93.495
threshold=0.18194617090909093 0.45035120232289044 49.500000000000007 0.86292133661402326 0.043538523434782608 0.84364714654559358 0.45035120232289044 10.500000000000002 1.0000000180025095e-35 1.0000000180025095e-35 1.0000000180025095e-35 0.23861298 0.63869577167186531 716785.57202327088 6145989.9450000012 -0.16536879499999999 5496696.0915384619 22.500000000000004 1.0000000180025095e-35 6145989.9450000012 397919.43600000005 5410991.9321428584 174.50000000000003 0.23305923500000003 0.93124092153396854 0.010479060333333302 520.50000000000011 0.023952954675846204 3022015.6695717238 -0.38679390999999991
decision_type=2 2 2 2 2 2 2 2 2 2 2 2 2 2 2 2 2 2 2 2 2 2 2 2 2 2 2 2 2 2
left_child=1 -1 5 6 18 7 -2 8 19 -9 -6 13 -8 26 -15 17 -16 23 -4 20 -3 -21 28 -14 29 -20 27 -7 -12 -5
right_child=3 2 4 24 10 11 12 9 -10 -11 22 -13 15 14 16 -17 -18 -19 25 21 -22 -23 -24 -25 -26 -27 -28 -29 -30 -31
leaf_value=0.053292775777057433 0.049834769855654472 -0.028422378055966153 -0.077736466413313582 0.010610495587051204 -0.087792900618936742 -0.026546153770820466 -0.012805594817634981 -0.06696763044790971 0.0032309446539642095 -0.00052409432258368721 0.01726675170532025 0.036764666075966672 0.0082797860157596444 -0.037216774173928227 -0.051000693682113719 0.027362985503299044 0.014880371349583546 0.023331654905223237 -0.034323580340023571 -0.05964721436536799 -0.050525839303583557 -0.012039204144647675 0.036130009158216909 -0.013221866782545097 0.03910069486906239 -0.0052296532470367694 -0.024718791429794475 0.0081784906223927624 -0.023876893948556271 0.03030349097016051
leaf_weight=885.0262641684385 404.99872573511675 1496.0149463551497 77.553412274224684 937.70745016733417 39.019033890217543 238.97867693181615 1056.7338229956804 120.58432662510313 293.57702345223515 825.26983898959588 892.41383909387514 175.99361947644502 1232.3895695511601 1106.6578597729094 112.45451373863034 972.3988337200135 406.07726285187528 673.76271353568882 378.16724024992436 192.6734768950264 2315.4073667709599 732.4026228308212 744.70172745455056 1100.3256316995248 1681.467816802673 1194.273613123456 413.53269622777589 1232.6307134686504 166.82065845839679 1687.0368506070226
leaf_count=4236 2451 49911 4446 7484 1530 7838 21091 8622 6370 14229 6867 1771 14267 51158 8314 8405 5760 5202 14577 18304 152087 18357 4387 23689 5279 30712 9366 19649 4111 8590
internal_value=2.16195e-12 -0.0122116 -0.0166184 0.0175907 0.00276328 -0.023625 0.0082039 -0.0313554 -0.03556 -0.0089948 0.0189405 -0.0110933 0.00485566 -0.0134927 -0.0251533 0.00954624 0.000592678 0.00378368 -0.0153058 -0.0379644 -0.04185 -0.0219549 0.0212491 -0.00186239 0.0294503 -0.0122267 -0.00344002 0.00253946 0.010787 0.023268
internal_weight=23787.1 14040.2 13155.2 9746.82 3492.95 9662.25 5440.61 5975.93 5030.08 945.854 1842.96 3686.33 5035.61 3510.33 1625.19 3978.88 518.532 3006.48 1649.99 4736.5 3811.42 925.076 1803.94 2332.72 4306.21 1572.44 1885.14 1471.61 1059.23 2624.74
internal_count=539060 442602 438366 96458 66630 371736 75105 267880 245029 22851 16895 103856 72654 102085 65232 51563 14074 43158 49735 238659 201998 36661 15365 37956 21353 45289 36853 27487 10978 16074
is_linear=0
shrinkage=0.05


Tree=12
num_leaves=31
num_cat=0
split_feature=153 152 152 54 152 150 49 0 54 153 48 52 153 150 3 153 54 152 44 150 52 15 152 13 37 8 1 153 152 48
split_gain=1809.74 1450.72 482.839 481.639 387.352 335.076 296.728 286.437 235.497 246.357 217.069 210.63 170.629 165.562 155 150.123 154.163 135.66 134.537 123.967 108.846 104.511 101.054 101.621 95.9197 94.4847 92.0588 90.2384 85.7795 80.9024
threshold=0.10004512000000002 0.45035120232289044 0.88842622115583547 134.00000000000003 0.45035120232289044 2419553.9995000004 1.0000000180025095e-35 6145989.9450000012 55.000000000000007 0.51000000000000012 6935391.1891692318 8.5000000000000018 0.022994139179389302 624954.03246176173 1.0000000180025095e-35 0.85164835164835173 28.500000000000004 0.78672362243901628 0.19837953000000003 5786903.7605714295 27.000000000000004 -0.117804755 0.5648737936503857 0.064674370000000009 -0.4554946749999999 -0.084473539999999986 1.0000000180025095e-35 1.0000000180025095e-35 0.68061847914016582 227416.75642375171
decision_type=2 2 2 2 2 2 2 2 2 2 2 2 2 2 2 2 2 2 2 2 2 2 2 2 2 2 2 2 2 2
left_child=1 27 4 5 -2 6 18 -7 9 11 -9 17 -5 20 -13 16 -4 21 -3 -18 -8 -6 -11 24 -24 -19 -10 -1 -12 -15
right_child=2 3 15 12 8 7 13 10 26 22 28 14 -14 29 -16 -17 19 25 -20 -21 -22 -23 23 -25 -26 -27 -28 -29 -30 -31
leaf_value=0.090035113413098861 0.04793585270246449 0.017239831476935353 0.010566672502816435 -0.013770067032468501 -0.034002642307539493 -0.056165080803463802 -0.023307472108523485 -0.05181129045175617 -0.081376678143268891 -0.019498873659400239 -0.034293804552618094 -0.074034549642289199 0.019334208249802809 -0.072591435436031901 0.024565294357836793 0.040553335248650936 0.038292195953189084 0.027586086940918353 -0.011027559549892424 -0.026294889567718152 0.00732304972001301 -0.0077708460108228536 -0.0710084521045906 0.051565999156045532 0.011276602078203021 -0.0086640342213582106 0.030217715431043585 0.044421153120003193 0.0042642410615260995 -0.036490639040530792
leaf_weight=131.84257828444242 514.90596380794886 596.32217783640954 1688.5192425337154 674.95171151682734 1027.4615789594827 1310.8847138564452 2584.0926958578202 394.99735718593001 18.894599355058745 270.58246123464778 196.06108983722515 42.878713272628374 919.55233402387239 186.00281228229869 565.8700723881484 1339.8920719120651 1120.1116944774985 215.5854112401139 1431.1557772419765 79.571859885007143 326.69919090438634 602.27858481486328 35.857704256195575 156.95177402114496 2878.6251918671187 1081.5773222453427 843.85127654625103 610.49113233014941 545.75733458186733 936.86263902854989
leaf_count=639 3061 10454 15627 19921 38508 106170 83026 32347 793 5019 4991 1685 9475 11600 3367 3930 4029 2841 38272 1111 5563 15428 544 630 28719 24401 4122 2987 10454 49346
internal_value=-3.43659e-11 -0.0149406 0.0129805 -0.0198974 0.00594312 -0.0246232 -0.0183178 -0.0402368 0.00314969 6.0806e-05 -0.0218696 -0.00913948 0.00532121 -0.0261612 0.0176202 0.0267209 0.0203037 -0.0147051 -0.00271355 0.0340083 -0.0198696 -0.0243086 0.00979415 0.0123748 0.0102642 -0.00263935 0.0277737 0.0525224 -0.00592657 -0.0424707
internal_weight=23329.1 10845.7 12483.4 10103.3 8255.32 8508.84 6061.14 2447.7 7740.41 6877.67 1136.82 3535.65 1594.5 4033.66 608.749 4228.09 2888.2 2926.9 2027.48 1199.68 2910.79 1629.74 3342.02 3071.43 2914.48 1297.16 862.746 742.334 741.818 1122.87
internal_count=539060 385245 153815 381619 129118 352223 198261 153962 126057 121142 47792 86230 29396 149535 5052 24697 20767 81178 48726 5140 88589 53936 34912 29893 29263 27242 4915 3626 15445 60946
is_linear=0
shrinkage=0.05


Tree=13
num_leaves=31
num_cat=0
split_feature=153 152 54 153 152 152 152 52 3 15 22 92 150 0 48 1 36 54 49 1 153 1 150 150 48 153 150 54 0 152
split_gain=1696.75 1391.72 592.18 371.389 355.055 344.178 234.54 207.279 160.838 157.836 152.484 138.328 131.82 167.006 132.311 130.253 114.383 111.482 114.392 117.138 112.611 104.756 102.445 97.2028 108.062 93.5402 91.7611 85.5881 85.062 82.917
threshold=0.21439623214285711 0.45035120232289044 49.500000000000007 0.045529727727272706 0.84101970847190166 0.86700835447346625 0.45035120232289044 10.500000000000002 1.0000000180025095e-35 -0.083881051999999998 0.23861298 0.14862850327966606 731675.6679649126 6145989.9450000012 4775012.2438627454 1.0000000180025095e-35 -0.13101480499999998 32.500000000000007 18.500000000000004 1.0000000180025095e-35 0.54692082111436957 1.0000000180025095e-35 506284.29280701763 1576991.6288461543 3678535.6403954807 0.071808545714285715 7351207.4071517037 174.50000000000003 1940181.4000000001 0.64372373473078903
decision_type=2 2 2 2 2 2 2 2 2 2 2 2 2 2 2 2 2 2 2 2 2 2 2 2 2 2 2 2 2 2
left_child=1 -1 4 21 7 6 -2 9 -9 22 12 17 25 26 -15 -5 -11 18 20 -20 -8 -4 -3 -7 -25 -6 -14 28 -17 -18
right_child=5 2 3 15 10 23 11 8 -10 16 -12 -13 13 14 -16 27 29 -19 19 -21 -22 -23 -24 24 -26 -27 -28 -29 -30 -31
leaf_value=0.050687220786003545 0.047670051550458246 -0.027249595491220288 -0.074604003162459506 -0.082469927727421496 -0.012563530866182976 0.033379856986710747 -0.017852776275215098 -0.064522605434449862 4.8874945508157296e-05 -0.032779684855688961 0.034347729767483015 -0.017258826924713238 -0.026564783147243087 -0.051049577355524192 0.012482176280273706 0.023052762577953145 -0.025802731926609385 0.026913363891852199 0.024787055452508339 -0.062357648391850186 0.0060090903091749694 -0.011867823511801746 -0.044857069067124354 -0.0074809764962752382 0.026299283747526783 0.0094545377407981215 -0.065144807753965792 0.033274909229202156 -0.0053692679668511344 0.0098894774318542544
leaf_weight=863.18470599735156 354.88591031427495 1294.9074128296197 69.533041092567146 31.529907394200563 1081.2846851075301 2748.4728388179792 674.93821288913023 108.99892255489249 836.85529986699112 702.27109054806351 190.33658340061083 583.85653302632272 940.80772110272665 100.39979949058034 445.98580528015736 626.19034746149555 266.97537941978953 700.65440821764059 823.52807503985241 40.456075343769044 1848.8512378592277 1545.8103123080218 2281.8671418191516 343.03857521899045 764.06794968270697 870.87263303203508 184.32107781339437 729.06232029572129 454.18620961462148 416.67963820396108
leaf_count=4428 2259 44709 4446 1535 28870 9914 16382 8542 14161 32399 1939 18587 38631 8308 6519 4784 10018 4085 5585 1074 18530 45432 151040 3323 5009 10217 14921 4311 6461 12641
internal_value=4.82867e-12 -0.0108189 -0.0148474 0.00292888 -0.0211668 0.0171028 0.00848354 -0.0288436 -0.00739225 -0.032932 -0.00927419 0.00550711 -0.0115655 -0.0218714 0.000808049 0.0182817 -0.0186072 0.00875824 0.00500343 0.0207065 -0.0003723 -0.0145683 -0.0384826 0.0283412 0.0158324 -0.0027411 -0.032885 0.0200373 0.0111042 -0.00404875
internal_weight=22924.8 14042.1 13178.9 3456.31 9722.56 8882.75 5027.17 5908.55 945.854 4962.7 3814.01 4672.28 3623.67 1671.51 546.386 1840.97 1385.93 4088.43 3387.77 863.984 2523.79 1615.34 3576.77 3855.58 1107.11 1952.16 1125.13 1809.44 1080.38 683.655
internal_count=539060 454312 449884 66969 382915 84748 66502 273510 22703 250807 109405 64243 107466 68379 14827 17091 55058 45656 41571 6659 34912 49878 195749 18246 8332 39087 53552 15556 11245 22659
is_linear=0
shrinkage=0.05


Tree=14
num_leaves=31
num_cat=0
split_feature=153 152 152 152 152 54 150 54 150 0 48 153 134 1 22 153 153 49 2 0 48 54 153 152 150 54 153 21 49 84
split_gain=1554.33 1263.81 410.64 405.068 286.851 296.293 253.189 222.151 230.848 161.4 168.702 154.221 137.963 136.444 136.057 123.858 114.954 113.599 118.474 110.363 148.101 102.825 100.938 94.8344 90.3085 89.2481 85.6456 85.0473 83.4169 77.4536
threshold=0.11115030055555557 0.45035120232289044 0.91616956347643719 0.8769851622892989 0.45035120232289044 32.500000000000007 2214683.6582538467 267.50000000000006 3147941.8637976549 2377738.0000000005 5181341.9658555491 0.045529727727272706 1.0000000180025095e-35 1.0000000180025095e-35 0.20831501000000002 0.035125853149122803 0.18194617090909093 27.500000000000004 1.0000000180025095e-35 1586813.2500000002 4698372.9271442695 119.50000000000001 0.85164835164835173 0.7921114534108481 49370260.220523819 25.500000000000004 1.0000000180025095e-35 0.22063225000000003 32.000000000000007 0.12310606060606062
decision_type=2 2 2 2 2 2 2 2 2 2 2 2 2 2 2 2 2 2 2 2 2 2 2 2 2 2 2 2 2 2
left_child=1 26 4 7 -2 6 16 8 11 -10 -11 -3 17 -7 15 -5 -6 18 25 -8 -21 -17 -4 28 -15 -13 -1 -9 -18 -12
right_child=2 3 22 14 5 13 19 27 9 10 29 12 -14 24 -16 21 23 -19 -20 20 -22 -23 -24 -25 -26 -27 -28 -29 -30 -31
leaf_value=0.088065392092679606 0.045668110566631948 -0.029385606203840245 0.022528831660858138 -0.019072714864871568 -0.010185763767804668 -0.068925114636249576 -0.040505144376995678 -0.010246227399063633 -0.060976506163946599 -0.056587422851312609 -0.023185884777936785 -0.036268881230485751 0.0042199876099836267 0.026714702083630221 0.042328459295802555 -0.0027927116982975758 -0.0021263926872159902 0.011087911818583878 0.020830349163395431 -0.032212171195718092 0.0046873702029425739 0.028674783075647831 0.042748891911744663 0.016701334325568182 -0.067189811061490232 0.007585523250706625 0.042412529982453984 0.041326846624403155 0.026578221676642984 0.022651386625393118
leaf_weight=124.05374415591359 467.63006868137745 2571.5379218099333 1705.4048636741936 1013.330145854794 918.22596538375365 39.223640204174444 382.89712413423695 156.49021932657342 677.11728650308214 408.45610689290334 689.53620571110514 1045.6889474093914 864.11408432212193 1759.9258548719808 159.58021860709414 1441.2723363245605 1837.353651116835 236.6889690880198 119.59631465328857 441.97035994601902 706.79941794928163 316.64122101408429 967.27469268534333 2156.0605575742084 25.981263921363279 130.49204680765979 597.73867552448064 163.4123871519696 293.53391183819622 106.37838176148944
leaf_count=639 2957 101647 10132 36313 19466 1513 16906 3630 59452 33310 31407 50232 19696 11527 1677 38471 25024 6587 1626 16169 17773 2561 2383 16469 873 2135 3091 1842 1832 1720
internal_value=-1.1207e-11 -0.0136582 0.012631 -0.0182259 0.00753525 0.00545255 0.000611241 -0.0246279 -0.02653 -0.0414457 -0.0304652 -0.0208812 -0.0117559 0.0233226 -0.00256502 -0.00515018 0.00586934 -0.0207642 -0.0265824 -0.0172577 -0.00950912 0.00287532 0.0298467 0.0093082 0.0253486 -0.0314034 0.0502588 0.0160983 0.00182772 -0.0170595
internal_weight=22524.4 10822.1 11702.3 10100.3 9029.6 8561.97 6736.84 7169.51 6849.61 1881.49 1204.37 4968.12 2396.58 1825.13 2930.82 2771.24 5205.17 1532.47 1295.78 1531.67 1148.77 1757.91 2672.68 4286.95 1785.91 1176.18 721.792 319.903 2130.89 795.915
internal_count=539060 396036 143024 392306 130509 127552 113639 313284 307812 125889 66437 181923 80276 13913 79022 77345 62791 60580 53993 50848 33942 41032 12515 43325 12400 52367 3730 5472 26856 33127
is_linear=0
shrinkage=0.05


Tree=15
num_leaves=31
num_cat=0
split_feature=153 152 152 54 152 150 49 0 152 48 19 54 150 48 153 150 153 54 53 153 27 0 49 3 153 49 150 153 48 150
split_gain=1417.53 1157.72 380.367 378.608 329.08 270.859 249.256 240.666 211.55 183.557 147.332 167.153 152.15 270.316 146.077 138.399 116.931 144.459 116.237 116.08 91.4543 90.1219 87.988 99.064 85.793 114.118 81.1664 78.7709 78.2645 77.7442
threshold=0.10004512000000002 0.45035120232289044 0.88414403380760864 134.00000000000003 0.45035120232289044 2419553.9995000004 1.0000000180025095e-35 6145989.9450000012 0.64372373473078903 6935391.1891692318 0.12858796000000003 32.500000000000007 397919.43600000005 445121.81942028989 0.011653637988372051 624954.03246176173 0.85164835164835173 112.00000000000001 4.5000000000000009 0.51000000000000012 520.50000000000011 798750.00000000012 17.500000000000004 1.0000000180025095e-35 0.030428046151515151 33.500000000000007 1443355.6328282834 1.0000000180025095e-35 4594341.2527631586 3918432.4299043068
decision_type=2 2 2 2 2 2 2 2 2 2 2 2 2 2 2 2 2 2 2 2 2 2 2 2 2 2 2 2 2 2
left_child=1 27 4 5 -2 6 18 -7 29 -9 -10 12 -12 -14 -5 20 17 26 28 22 24 -16 -15 -24 -8 -26 -4 -1 -3 -6
right_child=2 3 16 14 8 7 15 9 10 -11 11 -13 13 19 21 -17 -18 -19 -20 -21 -22 -23 23 -25 25 -27 -28 -29 -30 -31
leaf_value=0.086270624907250237 0.045217932115944354 -0.01350902918692202 0.019377765093297968 -0.026416480844829022 -0.0090232165467820074 -0.052884980152826971 -0.023658918793386781 -0.048766672462709632 0.038131162117109201 -0.0048265702608664513 0.011687487732465597 0.02125419826228497 -0.063883807874293333 -0.021355870329223786 -0.073265020662084096 -0.039708946568305814 0.03602073551133627 0.043571692077118647 0.025452853317475599 0.0088993638487395634 -0.033389313383703483 0.014153697599538252 -0.077138006811494131 0.016472903077428252 -0.019294041054178767 0.013726151367118756 -0.00019929095628188262 0.041563886202282005 0.013045568154983964 -0.038319502336528123
leaf_weight=119.68636036291718 478.20623087754939 1261.0722048596799 1698.8380471130367 308.33674001554027 1163.5935925847152 1180.0106627660571 955.70598329420318 362.93160822364734 349.47959130583331 688.68947004235815 1687.0481307902955 1184.5287293179426 197.21728029311635 922.10101894824766 30.216565155424178 1052.4241629559983 1320.6666686711833 468.13466520281509 316.84725535634789 1103.5799811542965 740.8918284180545 1213.2488687573932 31.024446551222354 317.40499069716316 528.26727414899506 518.46080843615346 769.15358276595362 557.34350434830412 355.75322793281521 281.17775974294636
leaf_count=639 3061 36929 10141 11219 21056 106170 34074 32347 3157 15445 17999 9968 6053 34112 1913 60946 4225 1378 2937 13917 24733 16264 1785 3558 19116 10666 10737 2987 8860 12668
internal_value=7.02223e-11 -0.0137067 0.0116662 -0.0182028 0.00504636 -0.0226067 -0.0168508 -0.0373842 0.00239196 -0.019991 0.00666132 0.0046407 1.94138e-05 -0.00763601 0.00439036 -0.0242944 0.0236646 0.0181068 -0.00223936 -0.00296351 -0.0183809 0.0120294 -0.0132676 0.00813771 -0.0128278 -0.00293862 0.0132765 0.0494672 -0.00766617 -0.0147248
internal_weight=22162 10189.9 11972.2 9512.86 7715.36 7961.05 5729.42 2231.63 7237.16 1051.62 5792.38 5442.9 4258.38 2571.33 1551.8 3795.75 4256.79 2936.13 1933.67 2374.11 2743.33 1243.47 1270.53 348.429 2002.43 1046.73 2467.99 677.03 1616.83 1444.77
internal_count=539060 385245 153815 381619 127334 352223 198261 153962 124273 47792 90549 87392 77424 59425 29396 149535 26481 22256 48726 53372 88589 18177 39455 5343 63856 29782 20878 3626 45789 33724
is_linear=0
shrinkage=0.05


Tree=16
num_leaves=31
num_cat=0
split_feature=153 152 152 152 153 54 150 54 153 152 54 0 48 152 52 49 49 25 50 22 150 0 22 14 27 3 23 13 152 53
split_gain=1327.66 1124.12 556.603 278.368 253.148 212.38 246.405 198.931 163.328 150.83 147.565 130.308 157.941 125.273 107.613 103.768 165.243 98.7862 107.812 95.204 93.3923 155.665 91.9631 89.8562 95.9058 87.7666 84.4736 83.191 82.1709 80.359
threshold=0.27301378636363643 0.45035120232289044 0.83305015699763196 0.90886048483031134 0.045529727727272706 187.50000000000003 2214683.6582538467 44.500000000000007 0.055728088336783957 0.45035120232289044 58.000000000000007 5740691.6350000007 5181341.9658555491 0.72537311563515972 2.5000000000000004 27.500000000000004 1.5000000000000002 -0.010025036999999999 21.500000000000004 0.16874853500000003 1545617.1575000004 1918817.7750000001 -0.14443012499999996 0.22623014000000002 601.50000000000011 1.0000000180025095e-35 0.11495963500000002 0.035348401000000008 0.31840728732322959 11.500000000000002
decision_type=2 2 2 2 2 2 2 2 2 2 2 2 2 2 2 2 2 2 2 2 2 2 2 2 2 2 2 2 2 2
left_child=1 28 5 9 -4 6 8 17 -3 -2 13 -8 -13 14 27 16 26 18 19 29 -7 -22 -15 -24 -25 -17 -10 -11 -1 -6
right_child=3 2 4 -5 7 20 11 -9 15 10 -12 12 -14 22 -16 25 -18 -19 -20 -21 21 -23 23 24 -26 -27 -28 -29 -30 -31
leaf_value=0.061249198560202979 0.046651528956249001 -0.027828468601232937 -0.015791690299380053 0.032402559823528444 -0.0129932321406742 0.036706151538123739 -0.050022443243918885 0.023247948909938251 0.022343999511723497 -0.017425997993559855 0.038121837163480943 -0.053318283860026738 -0.010471647381424138 0.034413342493735087 0.021835797586732583 -0.067754029421429135 -0.031870070862201609 0.032325384175371584 0.027293153886972083 0.023995419203308298 -0.055274213288861743 0.012026453951165552 0.019260947967949273 0.0035246476920777294 -0.069045722449227007 0.012780366123671692 -0.010564432474637493 0.019186188312148175 0.029894387001880997 0.023989712793050372
leaf_weight=458.89206623798236 281.08627567341318 2188.8767216105043 2018.5567673678161 2086.1426959605888 2009.8800888775149 178.83484935527667 1143.1404628272285 1172.04798807716 273.48175635212101 1029.7239959585713 403.17027601599693 325.74483083828818 633.09664258669363 403.67972516268492 293.43304077058565 35.833383032353595 806.79710448859259 203.69277140521444 252.03043854236603 223.32451985543594 117.87578876200132 316.93186936620623 1230.2768451818265 1659.2871600185754 46.811066578142345 605.21574284409871 679.57209255755879 182.68031227611937 383.64302938012406 158.4635702308733
leaf_count=1869 1870 88422 75403 7477 56799 1242 98269 8982 4267 21352 1174 27662 18580 2456 2488 1963 34921 3071 2460 3636 5643 5037 9745 20372 914 8883 17580 2044 2948 1531
internal_value=3.88659e-11 -0.00904078 -0.0125776 0.0168392 -0.00134484 -0.0218615 -0.0244432 0.00591035 -0.0179502 0.0109682 0.00905733 -0.0386209 -0.0250278 0.00663921 -0.0053337 -0.00894426 -0.0152179 -0.00122618 -0.00381128 -0.00708902 0.00629098 -0.00621867 0.0120371 0.00896091 0.0015335 0.00827865 -0.00112126 -0.0119094 0.046972 -0.0102905
internal_weight=21802.2 14185.9 13343.4 7616.29 6038 7305.4 6691.76 4019.44 4589.78 5530.15 5249.06 2101.98 958.841 4845.89 1505.84 2400.9 1759.85 2847.39 2643.7 2391.67 613.643 434.808 3340.05 2936.38 1706.1 641.049 953.054 1212.4 842.535 2168.34
internal_count=539060 469168 464351 69892 151882 312469 300547 76479 156036 62415 60545 144511 46242 59371 25884 67614 56768 67497 64426 61966 11922 10680 33487 31031 21286 10846 21847 23396 4817 58330
is_linear=0
shrinkage=0.05


Tree=17
num_leaves=31
num_cat=0
split_feature=153 152 54 152 152 153 152 153 52 150 152 13 53 150 0 31 22 150 32 15 48 53 48 43 1 153 34 16 37 6
split_gain=1210.61 1078.04 452.258 287.456 286.266 277.491 170.217 165.372 127.428 118.318 113.905 113.153 107.343 105.695 230.545 103.109 91.0429 90.9316 90.7126 90.5371 82.5151 80.6308 78.8151 76.4105 72.5378 72.306 71.7203 70.7668 130.729 68.2861
threshold=0.20042313500000003 0.45035120232289044 44.500000000000007 0.86700835447346625 0.77559989209450986 0.022994139179389302 0.45035120232289044 0.050179856115107911 10.500000000000002 1319363.4718181819 0.65126507419805779 -0.16536879499999999 36.500000000000007 1216721.1010059523 5262670.0000000009 0.16080280500000002 -0.14915110499999998 58965.234266666688 0.0092188100000000026 0.0090874090000000012 62040.147285714287 36.500000000000007 5410991.9321428584 0.16451070000000004 1.0000000180025095e-35 1.0000000180025095e-35 -0.24534674499999995 -0.38679390999999991 -0.30789827999999991 28.500000000000004
decision_type=2 2 2 2 2 2 2 2 2 2 2 2 2 2 2 2 2 2 2 2 2 2 2 2 2 2 2 2 2 2
left_child=1 25 4 6 8 -4 29 21 12 18 -8 16 19 23 -15 -11 -12 -5 24 -3 -19 -6 -16 -9 -7 -1 -13 28 -22 -2
right_child=3 2 5 17 7 9 10 13 -10 15 11 26 -14 14 22 -17 -18 20 -20 -21 27 -23 -24 -25 -26 -27 -28 -29 -30 -31
leaf_value=0.084157895143650838 0.0093075539421290099 -0.038798859165373699 -0.018699572305341475 0.046326595094904527 -0.024521223324934199 -0.084462799491792306 -0.010562113574780114 0.0013949072724459624 -0.0085075021262446555 -0.010700955152045158 0.024565536502064601 0.0035290819845894893 0.025242164550021491 -0.035300603910931476 -0.029176227754552267 0.024600124355965074 -0.00061657577347778579 -0.078324102854643279 0.011473233303394668 -0.016415478726611549 0.024823158285913235 0.028631466630883617 0.018075734513674054 0.046124080750433366 0.041908066539456362 0.041031455344675033 0.034301442184990184 0.02845508191365357 -0.0095941420284739783 0.058803433929279059
leaf_weight=113.872624065727 104.79292580118636 2612.3040800049057 1062.4579828628339 438.50342951994389 1910.0089631234005 11.623888167785479 1028.2285487024346 1645.0307499011979 604.58275814866647 712.50338678900152 425.5561181420926 282.39175841282122 75.904562124982476 655.05954002740327 110.39090689900331 291.47006863122806 2292.2970950392773 20.33336550364038 738.81355992588215 546.23235134529386 823.43573085544631 74.11818837816827 439.97576563525945 101.36294407374226 492.00459071667865 663.46210870775394 574.67925845552236 2031.6077852961607 414.93368506105617 207.99426543619484
leaf_count=639 1783 155528 39873 1246 90083 627 20675 33633 15034 17258 3561 3364 896 40553 8327 3366 35411 271 7146 23241 4362 679 6571 1374 2223 3718 3930 9249 3892 547
internal_value=1.28667e-10 -0.00972587 -0.0133974 0.0144696 -0.0193373 0.00235487 0.00652885 -0.0113728 -0.0295775 0.0123127 0.00410355 0.00832173 -0.0335159 -0.00386947 -0.0152576 -0.000452469 0.00332639 0.0249384 0.0226278 -0.0349279 0.022088 -0.0225357 0.00859808 0.00399105 0.0389914 0.0473491 0.0241624 0.0227124 0.0132911 0.0422209
internal_weight=21505.9 12861.2 12083.8 8644.75 8774.97 3308.87 4915.94 4935.95 3839.02 2246.42 4603.15 3574.92 3234.44 2951.82 1205.43 1003.97 2717.85 3728.81 1242.44 3158.54 3290.31 1984.13 550.367 1746.39 503.628 777.335 857.071 3269.98 1238.37 312.787
internal_count=539060 450769 446412 88291 375919 70493 69271 181220 194699 30620 66941 46266 179665 90458 55451 20624 38972 19020 9996 178769 17774 90762 14898 35007 2850 4357 7294 17503 8254 2330
is_linear=0
shrinkage=0.05


Tree=18
num_leaves=31
num_cat=0
split_feature=153 152 152 152 152 54 150 150 54 0 48 153 39 150 150 48 150 134 48 14 49 2 153 76 54 21 48 0 47 153
split_gain=1130.52 955.972 329.069 315.953 269.667 170.553 177.614 160.2 141.12 137.767 133.936 127.067 120.21 127.597 113.656 212.181 111.421 109.844 104.719 95.8913 90.9083 96.632 76.7244 76.3723 72.7602 71.9344 71.1884 127.612 90.7124 67.2879
threshold=0.11115030055555557 0.45035120232289044 0.86145845475486837 0.8769851622892989 0.45035120232289044 267.50000000000006 3147941.8637976549 5641260.60453125 20.500000000000004 2377738.0000000005 5181341.9658555491 0.045529727727272706 -0.027811300999999997 7532306.4101913879 418899.94211538468 478304.16325899289 1216721.1010059523 1.0000000180025095e-35 478304.16325899289 0.18363148000000004 26.500000000000004 1.0000000180025095e-35 0.010964057453237402 1.0000000180025095e-35 51.000000000000007 0.32307452500000006 4218594.6114732148 2377738.0000000005 -0.11104996999999998 1.0000000180025095e-35
decision_type=2 2 2 2 2 2 2 2 2 2 2 2 2 2 2 2 2 2 2 2 2 2 2 2 2 2 2 2 2 2
left_child=1 29 4 5 -2 6 11 8 14 -8 -11 -3 13 22 -6 -16 -4 20 -18 -17 21 24 -5 -24 -13 -7 -9 28 -28 -1
right_child=2 3 16 12 7 25 9 26 -10 10 -12 17 -14 -15 15 19 18 -19 -20 -21 -22 -23 23 -25 -26 -27 27 -29 -30 -31
leaf_value=0.082400217880251772 0.042391561174992314 -0.026945386655960697 0.026385703654076349 -0.032084950186423912 0.008120115758285135 -0.0055589020266503609 -0.057460823806867657 -0.047643063489499371 0.019216085715007419 -0.05252215428674132 -0.015401882683468069 -0.033378623447233087 -0.017347565439742942 -0.024257777584810646 -0.055418426671466417 0.010285702518041498 -0.069123231586493541 0.0040785711722310901 0.012405225486034094 -0.013199623531035846 0.0077913046294159766 0.017620022156217975 0.006853088540832746 0.032591549984291895 0.015376521750407018 0.042677519259472725 -0.057350673443755856 0.0046410957971716321 0.031892824927859199 0.03947846999067646
leaf_weight=110.16084794141352 415.43113178218482 2361.499152008284 3138.5504171197535 98.208337879972532 1915.6213563142228 198.07270951196551 581.7719170692144 181.73754574428312 1169.2081920761848 359.37349756993353 750.45968684845138 972.28135020914488 875.98168360977434 311.3712341520004 218.55799520970322 756.150569453137 40.350718123372644 832.19461805559695 1648.0670475235675 1022.1945287804119 263.7507819198072 121.07553592836484 1110.507544380147 389.2279306279961 83.060486048460007 126.75024189474061 179.81156991957687 400.16608549957164 33.831813853583299 533.62637224141508
leaf_count=639 2957 101647 15049 4031 22958 4340 59452 8652 9801 33310 33127 50655 34152 13681 6550 11437 1137 19696 16545 25175 7581 1626 22178 4980 718 1132 11296 10769 698 3091
internal_value=-5.21707e-11 -0.0121277 0.0109931 -0.0161499 0.00345982 -0.0220712 -0.0238857 0.000707954 0.00397413 -0.0377527 -0.0274217 -0.0188234 -0.00201213 0.00502367 -0.000580729 -0.00892742 0.020814 -0.0103829 0.0104568 -0.00321369 -0.0187394 -0.0246876 0.0107294 0.013533 -0.0295414 0.0132636 -0.0201555 -0.0120169 -0.0432184 0.046823
internal_weight=21199.1 10079.4 11119.7 9435.59 6292.71 6650.29 6325.47 5877.28 5081.73 1691.61 1109.83 4633.86 2785.3 1909.32 3912.52 1996.9 4826.97 2272.36 1688.42 1778.35 1440.17 1176.42 1597.94 1499.74 1055.34 324.823 795.547 613.809 213.643 643.787
internal_count=539060 396036 143024 392306 110293 313284 307812 107336 75921 125889 66437 181923 79022 44870 66120 43162 32731 80276 17682 36612 60580 52999 31189 27158 51373 5472 31415 22763 11994 3730
is_linear=0
shrinkage=0.05


Tree=19
num_leaves=31
num_cat=0
split_feature=153 152 152 152 153 54 54 49 54 3 15 152 153 152 36 150 13 14 15 150 0 150 153 48 12 92 152 22 152 152
split_gain=1049.79 922.235 439.352 240.217 199.07 170.57 170.415 199.862 167.29 138.139 136.734 117.436 115.634 113.187 103.935 99.3659 93.2561 89.4549 87.1479 87.7577 95.72 85.4674 80.203 74.1079 73.1055 85.213 71.1238 71.021 68.9851 67.7272
threshold=0.27301378636363643 0.45035120232289044 0.83305015699763196 0.92408447469306187 0.045326142783769861 58.000000000000007 44.500000000000007 87.500000000000014 42.500000000000007 1.0000000180025095e-35 -0.081089382999999973 0.45035120232289044 0.040202020202020204 0.78672362243901628 -0.16430623999999996 506284.29280701763 -0.023687880499999998 0.22769578000000004 1.0000000180025095e-35 731675.6679649126 5262670.0000000009 1121096.5409797297 0.014337101747173602 5496696.0915384619 -0.20172461499999997 0.19375000000000003 0.64372373473078903 0.24686455000000004 0.31840728732322959 0.53851541254826973
decision_type=2 2 2 2 2 2 2 2 2 2 2 2 2 2 2 2 2 2 2 2 2 2 2 2 2 2 2 2 2 2
left_child=1 28 6 5 27 11 7 10 18 -9 15 -2 -8 16 -12 -3 21 -15 19 -6 -21 -13 -11 -22 -19 -26 -16 -4 -1 -18
right_child=3 2 4 -5 8 -7 12 9 -10 22 14 13 -14 17 26 -17 29 24 -20 20 23 -23 -24 -25 25 -27 -28 -29 -30 -31
leaf_value=0.058215324140156302 0.042528413070522214 -0.022413047937450591 -0.016806417368872839 0.032674006785118191 0.0051763906102096731 0.038986598647381354 -0.019890537948363263 -0.059640746298891968 0.020459828628839605 -0.031000509691493424 -0.034286278956707966 0.0015339718325474269 0.0072686511780247478 0.024207482297517069 -0.022275977002643624 -0.040471350971734647 -0.022862020614502987 0.032099791605734729 0.047322796708023807 -0.023453128680826985 -0.032791249255063708 -0.020668556440941212 0.014229185217268972 0.015632273471520804 0.0064629480066819419 -0.029344597874447612 0.0069541201732106518 0.032493570050097363 0.028376798081741556 0.030418008981945445
leaf_weight=421.98692911770195 234.75839562888723 1214.7420986603829 1798.1322773885331 1551.2718336991966 1399.5480950992787 482.82747731218114 740.8990291870432 88.857669573975727 1210.9284887299873 118.02347081503831 445.46259056012786 1171.2315472429036 832.03747346950695 1092.8060514745302 344.01113657519454 2042.8460586920846 73.650145726045594 232.61078129574889 87.278831538744271 801.63556202559266 101.01154374983162 688.09534608456306 578.08598753990373 362.78200996015221 1335.3029259790201 189.75997592881322 526.80048834509216 76.145679319975898 358.06966384267434 313.66199871059507
leaf_count=1869 1802 45813 72203 5068 20785 1384 28846 8018 9706 3579 23487 13315 12209 7195 14436 151513 1401 1587 1027 35619 6492 19166 7024 4827 11890 4685 17544 1223 2948 2399
internal_value=8.40751e-13 -0.00825935 -0.0114835 0.0151926 -0.00137692 0.0105288 -0.0199945 -0.0242419 0.00497283 -0.000933329 -0.0282422 0.00795183 -0.00552412 0.00635933 -0.0146421 -0.0337375 -0.00203331 0.0129741 -0.00184109 -0.00345123 -0.0129933 -0.00668269 0.00656061 0.00508591 0.00598992 0.0020075 -0.00459313 -0.0148035 0.0445185 0.0202864
internal_weight=20915.3 13549.3 12769.2 7365.98 5837.46 5814.7 6931.77 5358.83 3963.18 784.967 4573.86 5331.88 1572.94 5097.12 1316.27 3257.59 2246.64 2850.48 2752.26 2664.98 1265.43 1859.33 696.109 463.794 1757.67 1525.06 870.812 1874.28 780.057 387.312
internal_count=539060 469168 464351 69892 151882 64824 312469 271414 78456 18621 252793 63440 41055 61638 55467 197326 36281 25357 68750 67723 46938 32481 10603 11319 18162 16575 31980 73426 4817 3800
is_linear=0
shrinkage=0.05


Tree=20
num_leaves=31
num_cat=0
split_feature=153 152 152 54 152 150 0 49 152 48 54 19 150 153 153 26 153 54 44 27 150 150 31 0 21 150 13 152 52 48
split_gain=955.178 843.343 284.499 278.004 222.102 210.059 199.716 183.795 157.126 151.062 129.598 144.291 123.918 110.923 108.807 104.41 101.579 104.287 90.8947 78.9072 73.8382 70.1687 69.2582 95.9422 72.0308 71.9322 68.9525 67.7346 66.0164 65.8068
threshold=0.10004512000000002 0.45035120232289044 0.88976845055508236 134.00000000000003 0.45035120232289044 2419553.9995000004 6145989.9450000012 1.0000000180025095e-35 0.64129555067213528 6935391.1891692318 83.500000000000014 0.11305967500000001 624954.03246176173 0.011653637988372051 0.46504065040650416 -0.021438528499999995 0.85164835164835173 121.50000000000001 0.19837953000000003 520.50000000000011 1443355.6328282834 1492189.3613241108 0.16080280500000002 3260755.0000000005 0.29802881000000009 3210662.575263158 -0.19048760499999998 0.7921114534108481 2.5000000000000004 227416.75642375171
decision_type=2 2 2 2 2 2 2 2 2 2 2 2 2 2 2 2 2 2 2 2 2 2 2 2 2 2 2 2 2 2
left_child=1 -1 4 5 -2 7 -7 18 28 -8 11 -10 19 -5 15 27 17 20 -3 -9 -4 -15 25 24 -24 -23 -16 -13 -6 -14
right_child=2 3 16 13 8 6 9 12 10 -11 -12 14 29 21 26 -17 -18 -19 -20 -21 -22 22 23 -25 -26 -27 -28 -29 -30 -31
leaf_value=0.045622661369888927 0.04025088067870166 0.01510732494937536 0.017527520918952082 -0.023791549280242977 -0.019414420157903484 -0.048967904795223061 -0.045112804285208315 -0.010143857584038504 0.038111427468148551 -0.0031412429125339952 0.029146312291389018 -0.020942565611499458 -0.06667055962589255 0.025613182486288723 0.0033668117032994507 0.019809862401448677 0.033310866542387692 0.040150169718411011 -0.0090770688036182264 -0.030281324943821158 -0.0022784113773055984 0.0022038628345123126 -0.042537918423737553 0.032125902281723059 0.024007640585747607 -0.050150746286349961 0.021619742003577205 -0.0027477622476122388 0.0073364943641504136 -0.030879545605421735
leaf_weight=598.64041047822684 404.34438391489675 557.03077324715559 1526.0610410817899 286.95883220073301 1024.8218417881289 1023.2936815285939 322.70625760915573 1846.2786857566098 281.97844061302021 638.65025238270755 535.27755962219089 874.4982916531153 152.63158894667868 479.53329068073072 1797.0873998919851 333.48913469328545 1167.9152695247903 368.63320138957351 1284.2421798272844 660.48584785414278 680.37905578571372 162.61970504419878 102.2349302417133 263.63587174843997 67.522727623581886 109.97665275051259 726.59008323121816 1232.3234721063054 297.6028708810918 809.92374007610488
leaf_count=3626 3061 10454 9390 11219 29001 106170 32347 63856 2510 15445 3053 30708 11600 3936 20948 4840 3852 1171 38272 24733 9702 2328 3794 2858 1098 4163 5308 26156 4115 49346
internal_value=-5.18016e-11 -0.0117952 0.00981941 -0.0157156 0.00420556 -0.0197155 -0.0335943 -0.0145288 0.00215384 -0.0172302 0.00571038 0.00331907 -0.0213053 0.00410185 0.0013427 -0.00618528 0.0210802 0.015533 -0.00176069 -0.0154497 0.0114202 0.0108535 0.000828228 0.0132483 -0.0160688 -0.0189182 0.008622 -0.0103001 -0.0133943 -0.0365549
internal_weight=20617.4 9366.37 11251 8767.73 7508.01 7295.24 1984.65 5310.59 7103.67 961.357 5781.24 5245.97 3469.32 1472.48 4963.99 2440.31 3742.99 2575.07 1841.27 2506.76 2206.44 1185.52 705.99 433.394 169.758 272.596 2523.68 2106.82 1322.42 962.555
internal_count=539060 385245 153815 381619 129700 352223 153962 198261 126639 47792 93523 90470 149535 29396 87960 61704 24115 20263 48726 88589 19092 18177 14241 7750 4892 6491 26256 56864 33116 60946
is_linear=0
shrinkage=0.05


Tree=21
num_leaves=31
num_cat=0
split_feature=153 152 54 152 152 153 152 53 0 150 48 52 150 1 15 54 49 1 49 153 1 48 150 48 150 48 1 2 27 153
split_gain=903.475 822.845 338.578 243.199 228.371 213.962 135.829 128.494 152.062 216.682 124.171 107.489 96.8122 90.0444 86.9624 86.9107 107.986 105.625 86.5471 82.4989 82.1756 81.5529 76.6217 108.371 75.983 80.1364 75.2792 71.1292 70.9177 67.0616
threshold=0.20042313500000003 0.45035120232289044 44.500000000000007 0.86700835447346625 0.77559989209450986 0.045529727727272706 0.45035120232289044 11.500000000000002 5262670.0000000009 1292942.9729658642 4300109.0466086967 10.500000000000002 5641260.60453125 1.0000000180025095e-35 -0.081089382999999973 14.500000000000002 13.500000000000002 1.0000000180025095e-35 174.00000000000003 0.030428046151515151 1.0000000180025095e-35 2337696.8948684218 90111.781728395072 131609.42050000004 120288.86395646604 141164.07642857145 1.0000000180025095e-35 1.0000000180025095e-35 520.50000000000011 1.0000000180025095e-35
decision_type=2 2 2 2 2 2 2 2 2 2 2 2 2 2 2 2 2 2 2 2 2 2 2 2 2 2 2 2 2 2
left_child=1 29 4 6 11 26 -2 8 9 18 -10 14 15 -7 -3 16 24 -18 19 -6 -17 -14 -5 -24 -8 -26 -4 -9 -21 -1
right_child=3 2 5 22 7 13 12 27 10 -11 -12 -13 21 -15 -16 20 17 -19 -20 28 -22 -23 23 -25 25 -27 -28 -29 -30 -31
leaf_value=0.080579351705608537 0.039299893601922577 -0.036541242643230575 -0.068802313708238014 0.039908201097277517 -0.02662467599480367 -0.077677089884457665 0.011583413517728569 -0.058991376133269706 -0.037918197747931294 -0.037935859883401729 0.015071253811589708 -0.007040093410094277 -0.068202415075088757 0.015684586100469529 -0.018198388936116885 -0.053010965301420458 0.014167019162132156 -0.05962003229516355 0.02665089962240564 -0.00043993071384549861 0.020615155179067476 -0.0094236199101953647 -0.042597278533807459 0.020978612239754418 -0.065903836325831203 -0.011106115828480817 -0.0096046688859859498 0.028705425521288463 -0.023353631905193056 0.037383632112539728
leaf_weight=105.86514589376748 276.73467664502095 2022.2619413061184 55.792393006617203 544.77048801071942 680.57392333872849 26.23711317544803 368.23446541937301 25.216032883618027 130.84307162777986 900.81304614583496 713.02780380862532 573.65891439281404 67.967631472740322 1648.789068807615 949.56223814332043 39.328849610406905 1310.3939283088548 50.364629592280835 155.54497512802482 1346.8509573900374 1041.8602922132704 447.84764827170875 68.601183046761435 2926.5661489926279 71.310535503493156 1036.0363688040525 1434.6627319835825 278.39298629318364 450.66964676394127 594.06888028141111
leaf_count=639 2330 135403 4446 1774 31273 1535 3556 2092 12441 69038 13926 15034 3890 16740 44262 1450 12419 1617 2047 33979 9382 14135 831 16415 1685 18807 47772 2263 14161 3718
internal_value=-3.90505e-11 -0.00870333 -0.0119361 0.0127573 -0.0172826 0.00196003 0.005315 -0.0100335 -0.0122148 -0.0167678 0.00685518 -0.0268553 0.00319362 0.0142222 -0.0306803 0.0058747 0.00127667 0.011436 -0.00952748 -0.0117983 0.017937 -0.0171687 0.0226597 0.0195225 -0.00809211 -0.014635 -0.0118206 0.0214218 -0.00618479 0.043917
internal_weight=20342.8 12092.8 11392.9 8250.02 8227.42 3165.48 4710.08 4681.93 4378.32 3534.45 843.871 3545.48 4433.34 1675.03 2971.82 3917.53 2836.34 1360.76 2633.64 2478.09 1081.19 515.815 3539.94 2995.17 1475.58 1107.35 1490.46 303.609 1797.52 699.934
internal_count=539060 450769 446412 88291 375919 70493 69271 181220 176865 150498 26367 194699 66941 18275 179665 48916 38084 14036 81460 79413 10832 18025 19020 17246 24048 20492 52218 4355 48140 4357
is_linear=0
shrinkage=0.05


Tree=22
num_leaves=31
num_cat=0
split_feature=153 152 152 152 153 54 54 150 0 48 153 54 13 152 49 49 34 23 49 14 10 22 27 153 38 153 21 24 150 15
split_gain=838.815 766.37 375.584 208.504 156.025 153.031 138.104 178.49 137.171 145.213 130.533 115.998 104.89 93.2686 86.1665 88.0107 82.2182 77.0475 74.8325 73.8192 72.8573 72.2137 67.9336 64.8327 63.1434 61.5156 73.5817 60.6836 61.1332 72.1751
threshold=0.27301378636363643 0.45035120232289044 0.85041647251279495 0.92408447469306187 0.052677131973684205 58.000000000000007 187.50000000000003 2214683.6582538467 5740691.6350000007 5293913.6087514525 0.055728088336783957 121.50000000000001 -0.16536879499999999 0.81854386280601565 65.000000000000014 1.5000000000000002 -0.29908556999999997 0.20182628000000005 21.500000000000004 0.22769578000000004 0.043473383500000011 0.27705255500000009 579.50000000000011 1.0000000180025095e-35 0.143820845 0.035282401479584551 0.33608734000000007 -0.13886085999999997 1267810.5608373208 -0.073341377499999985
decision_type=2 2 2 2 2 2 2 2 2 2 2 2 2 2 2 2 2 2 2 2 2 2 2 2 2 2 2 2 2 2
left_child=1 23 6 5 21 12 7 10 24 -10 -3 27 13 20 15 17 -14 -12 -17 -15 -2 -4 -21 -1 -9 26 -8 -6 -29 -30
right_child=3 2 4 -5 11 -7 25 8 9 -11 14 -13 16 19 -16 18 -18 -19 -20 22 -22 -23 -24 -25 -26 -27 -28 28 29 -31
leaf_value=0.079259650792475086 0.007757640040316505 -0.023465297847644995 -0.012998291412561506 0.03044348010897362 0.03768802417844333 0.036904441803442753 -0.028089806960344795 -0.016574034322423114 -0.046340471983860584 -0.0048835631703706217 0.01535979332992345 0.027747445521972558 -0.017128495802287577 0.023594546022668618 0.014678106786878385 -0.031007888580771404 0.023407349109242925 -0.012748955947828012 -0.0028971203639668853 0.0059616239665610986 -0.012793981271595027 0.037798200556500253 -0.045716500181568816 0.036311026863708989 -0.050305073889883901 0.019483568615342697 0.023026050680441813 0.0066109165603928533 -0.014424956782766094 0.040088905212063632
leaf_weight=102.30418482609093 679.12739196326584 2169.1817236563875 1868.226575805631 1487.971392031759 116.52981733437628 463.81610644795001 215.176201621769 164.7157077168813 317.14879237249261 632.45830612696591 444.02131661586463 553.27900365390815 139.97085962572601 683.54542007204145 398.53642746945843 663.19501990510616 1176.7868788232154 540.61329792859033 368.1798294915352 1229.2461027048994 1181.4645424017217 72.689072463661432 67.062641355674714 622.73947164579295 879.85506396141136 326.67334006074816 104.64258402283303 1553.3877968252636 772.69298996473663 65.89544627466239
leaf_count=639 8859 96465 72049 5068 1044 1384 8018 9742 30021 18973 8317 3381 2662 4415 4085 32875 10296 15459 12134 12340 23893 771 975 4178 95394 3318 1920 21030 28391 964
internal_value=-5.87484e-12 -0.00757458 -0.0105363 0.0138004 -5.4869e-06 0.00939474 -0.0178285 -0.0199958 -0.0324829 -0.0187293 -0.0145632 0.00702492 0.00692064 0.0027453 -0.00656577 -0.0107654 0.0190984 -7.33058e-05 -0.0209729 0.0102989 -0.00529251 -0.0110959 0.00328813 0.0423711 -0.0449861 0.0042228 -0.011365 0.00245433 0.000737854 -0.0101413
internal_weight=20061.1 12952.1 12227.1 7108.99 5002.7 5621.02 7224.4 6577.91 1994.18 949.607 4583.73 3061.79 5157.2 3840.45 2414.55 2016.01 1316.76 984.635 1031.37 1979.85 1860.59 1940.92 1296.31 725.044 1044.57 646.492 319.819 2508.51 2391.98 838.588
internal_count=539060 469168 464351 69892 127630 64824 336721 323465 154130 48994 169335 54810 63440 50482 72870 68785 12958 23776 45009 17730 32752 72820 13315 4817 105136 13256 9938 51429 50385 29355
is_linear=0
shrinkage=0.05


Tree=23
num_leaves=31
num_cat=0
split_feature=153 152 54 152 152 54 150 153 150 0 152 150 48 48 0 15 1 150 48 1 0 152 19 36 2 52 32 0 38 47
split_gain=784.495 699.646 271.393 237.835 182.43 168.294 168.554 165.168 154.205 132.14 107.004 97.0276 85.5351 84.0915 125.02 81.5361 79.6851 79.8699 104.116 78.2598 78.1288 77.6891 78.2444 73.8047 72.014 83.4967 71.6152 71.3595 70.3602 67.7729
threshold=0.13402975166666667 0.45035120232289044 44.500000000000007 0.91616956347643719 0.92090870067993713 30.500000000000004 2419553.9995000004 0.020007987000000001 541509.51579487184 6145989.9450000012 0.45035120232289044 2419553.9995000004 467871.10000000003 2099116.520892858 2377738.0000000005 -0.10307357449999999 1.0000000180025095e-35 1241970.9374102566 3075692.9874047623 1.0000000180025095e-35 1716390.0000000002 0.5648737936503857 0.14802293500000002 -0.17649085499999997 1.0000000180025095e-35 10.500000000000002 -0.085976897499999982 1180835.6650000003 0.15351542500000001 -0.24150535499999995
decision_type=2 2 2 2 2 2 2 2 2 2 2 2 2 2 2 2 2 2 2 2 2 2 2 2 2 2 2 2 2 2
left_child=1 -1 4 5 8 6 10 -4 24 11 -2 12 -10 -8 -15 -11 -9 27 -19 -7 28 -12 -23 -17 25 -3 -6 -18 -20 -5
right_child=3 2 7 29 26 19 13 16 9 15 21 -13 -14 14 -16 23 17 18 20 -21 -22 22 -24 -25 -26 -27 -28 -29 -30 -31
leaf_value=0.042549525272795131 0.040635950157811157 -0.019969722766793561 -0.018785644394238712 0.04249733605586084 0.067838785001079288 -0.060309866214236521 -0.046597938025977809 -0.073253774827302998 -0.053995530786212512 -0.022904925980681848 -0.017885802513342843 -0.048635532329355559 -0.022169877097543589 -0.031119687704115398 0.0043326089644770537 -0.046209586577544211 0.042866281192897766 -0.029517065291388353 0.0066342087348378685 0.02278325957191174 0.016928767666220385 0.027790424587836343 0.0045312292433828966 0.019633703405847181 0.016336844238269636 0.0014175117696354081 0.00041611961361523854 0.011527024223694426 -0.061071968329129749 0.020383066039218082
leaf_weight=604.56357783684507 219.53482937946683 1875.452993262712 821.02001031208783 431.01128133013844 41.490737764630467 28.906266354490072 172.45443240669556 29.849364469060674 252.81631527212448 635.53667858266272 345.71461574092973 830.9715962158516 1280.0891721031949 397.72199762507807 663.5734403525712 51.158867924823426 237.05742162046954 243.44198603741825 87.51675102673471 1437.9821760675404 565.92235403857194 400.47296955017373 3723.0497806388885 253.20830916971317 201.21831054944778 603.1050150624942 776.11038917145925 777.01641617668793 68.331509442534298 1766.0856952855829
leaf_count=3948 1759 74630 34340 1737 267 1044 8567 2240 19141 33330 7274 98595 66744 18625 16946 3771 1398 7661 1467 9961 9303 3437 46887 6493 2113 12462 23579 7772 4436 9133
internal_value=-8.73245e-12 -0.0096262 -0.0129013 0.0102783 -0.0183156 0.0059839 0.0022286 0.000109757 -0.0213426 -0.0285717 0.00655543 -0.0348771 -0.0274188 -0.0142152 -0.00895319 -0.0127136 0.00783124 0.00905407 -0.00124103 0.0211458 0.00829603 0.00488135 0.00679014 0.00856658 -0.0124302 -0.0147656 0.00383761 0.0188531 -0.0230515 0.0247213
internal_weight=19822.4 10235.9 9631.31 9586.51 6801.16 7389.41 5922.52 2830.16 5983.56 3303.78 4688.77 2363.88 1532.91 1233.75 1061.3 939.904 2009.14 1979.29 965.213 1466.89 721.771 4469.24 4123.52 304.367 2679.78 2478.56 817.601 1014.07 155.848 2197.1
internal_count=539060 413690 409742 125370 341125 114500 103495 68617 317279 228074 59357 184480 85885 44138 35571 43594 34277 32037 22867 11005 15206 57598 50324 10264 89205 87092 23846 9170 5903 10870
is_linear=0
shrinkage=0.05


Tree=24
num_leaves=31
num_cat=0
split_feature=153 152 152 152 152 152 8 54 150 15 150 53 0 150 48 47 54 153 54 17 54 10 150 52 54 16 19 49 153 153
split_gain=714.956 647.377 273.752 213.776 185.381 148.182 146.96 120.609 110.498 95.6747 91.6852 90.895 80.3983 136.238 127.524 77.5858 73.0829 70.0458 68.4802 68.1803 70.0237 68.2044 67.4418 66.1547 98.589 76.0727 64.2429 64.7502 63.5028 59.3084
threshold=0.09123417045454546 0.45035120232289044 0.88414403380760864 0.45035120232289044 0.77135227607750367 0.72537311563515972 -0.070652437499999984 134.00000000000003 8576930.0135000013 -0.0046681856499999992 5922289.7457639771 11.500000000000002 5041333.3200000012 1818279.5307729009 2572455.5454848097 -0.24489272499999998 121.50000000000001 0.0070672260513434506 78.000000000000014 -0.049126632499999996 21.500000000000004 -0.027693959999999997 448800.7254285714 6.5000000000000009 21.500000000000004 -0.037698554999999988 0.075635120000000014 11.500000000000002 0.51000000000000012 1.0000000180025095e-35
decision_type=2 2 2 2 2 2 2 2 2 2 2 2 2 2 2 2 2 2 2 2 2 2 2 2 2 2 2 2 2 2
left_child=1 29 3 -2 18 10 -7 11 15 19 23 12 13 -6 -14 -4 28 -9 22 -8 21 -21 -3 24 25 26 -5 -28 -17 -1
right_child=2 4 8 5 7 6 9 17 -10 -11 -12 -13 14 -15 -16 16 -18 -19 -20 20 -22 -23 -24 -25 -26 -27 27 -29 -30 -31
leaf_value=0.077611588771014664 0.038344152061373232 -0.018087168858827621 0.039017884348601636 0.010819134313249192 -0.013033678689025371 0.023060476643347993 0.025648561695513456 -0.036948954784976819 -0.0099413187830729374 0.028633515842224035 -0.031298733430084318 0.018331641152236504 -0.051196541632284022 -0.041636880233943359 0.01074979127779855 0.0077981987546614784 0.038151929094352763 0.01254740823252487 -0.010235754816763913 0.0171017644727646 0.0093088978581364074 -0.011335266013457933 -0.035182078367433103 0.01470533846577275 0.011696993369707977 0.017574472341046244 -0.033629928558785209 -0.0093950091819083661 0.022972050303884935 0.034555369583639861
leaf_weight=98.812119586393237 391.97050430817762 957.53632594105875 517.47077288571745 156.6773501415737 2314.2347471124376 982.9236909658066 216.46171300369315 78.526459504384547 311.55481835943647 289.2368171827402 391.34890279959654 223.94218877016101 97.907803584006615 507.61573614459485 548.61288393347058 1405.7987621726934 398.30896272789687 796.39603679126594 662.49420139845461 237.38778665405698 786.32775938278064 1886.5061988838715 1451.5547770873454 355.78763225791045 447.8896021208493 158.07920236652717 649.65490953356493 478.69564649974927 1353.2462668982334 419.67103121895343
leaf_count=639 3257 35831 2613 3072 88235 11983 2238 3599 5376 2948 21808 3304 10605 50888 15368 14716 1304 14237 19664 2813 10201 47228 114637 3180 4813 2821 22726 10607 5558 2791
internal_value=-2.25174e-11 -0.0113046 0.0080782 0.00240628 -0.0149743 0.000404481 0.00602341 -0.00858662 0.0186483 0.00112103 -0.00896456 -0.0125418 -0.0145352 -0.018179 0.00136876 0.0210721 0.0181309 0.00810499 -0.0244724 -0.00142404 -0.0034377 -0.00815686 -0.0283874 -0.00507436 -0.00879587 -0.0151561 -0.0191825 -0.0233484 0.0152406 0.042761
internal_weight=19572.6 8157.3 11415.3 7428.95 7638.82 7036.98 4398.84 4567.24 3986.38 3415.92 2638.13 3692.31 3468.37 2821.85 646.521 3674.82 3157.35 874.922 3071.59 3126.68 2910.22 2123.89 2409.09 2246.78 1891 1443.11 1285.03 1128.35 2759.05 518.483
internal_count=539060 359798 179262 149695 356368 146438 77411 186236 29567 65428 69027 168400 165096 139123 25973 24191 21578 17836 170132 62480 60242 50041 150468 47219 44039 39226 36405 33333 20274 3430
is_linear=0
shrinkage=0.05


Tree=25
num_leaves=31
num_cat=0
split_feature=153 152 152 152 153 150 54 54 48 0 48 14 150 48 92 49 25 35 150 44 50 19 150 54 22 153 152 53 152 152
split_gain=674.328 635.83 318.932 179.768 148.381 124.706 121.271 120.977 118.472 111.646 205.779 89.7815 87.4204 95.5828 88.3183 85.7248 82.8071 80.9803 79.8078 73.1617 69.6901 69.528 65.3472 64.6758 63.4391 62.2702 61.4139 60.818 59.9516 62.2886
threshold=0.27301378636363643 0.45035120232289044 0.82252914240940844 0.92408447469306187 0.045326142783769861 2214683.6582538467 58.000000000000007 25.500000000000004 2025987.1097613887 2501250.0000000005 5043349.7791279079 0.22769578000000004 58965.234266666688 79641.28802173915 0.26120857699805072 87.500000000000014 -0.069278944999999995 0.3795286100000001 656230.06687448395 0.26754431500000003 21.500000000000004 0.17876973500000001 6403983.362343207 44.500000000000007 0.16874853500000003 0.014337101747173602 0.31840728732322959 11.500000000000002 0.45035120232289044 0.77854717205673485
decision_type=2 2 2 2 2 2 2 2 2 2 2 2 2 2 2 2 2 2 2 2 2 2 2 2 2 2 2 2 2 2
left_child=1 26 5 6 -4 8 11 16 15 -7 -11 17 -13 -14 -15 18 20 28 -3 -10 24 -12 -9 -23 27 -17 -1 -6 -2 -30
right_child=3 2 4 -5 7 9 -8 22 19 10 21 12 13 14 -16 25 -18 -19 -20 -21 -22 23 -24 -25 -26 -27 -28 -29 29 -31
leaf_value=0.054179955043497499 0.045743133224369875 -0.016771641905896296 -0.012851287335755749 0.028365215011707436 -0.016799214776045172 -0.044630497886307449 0.033382038195020308 0.019486801894551722 0.0084689963419912872 -0.049159324129259135 0.019281359026698672 0.023047499214768875 -0.07950721001770425 0.0017169003694356639 -0.026688771420303289 -0.034911240444582672 0.014549708483909974 -0.062627312276242839 -0.03792623017143272 -0.021871006639855292 0.021449716110217287 -0.02400855426670985 -0.012187237956328471 0.008300632149491987 0.020045923725160092 0.0064535292094683632 0.023975455116275194 0.018779704212546655 0.0039416656135184266 0.020880595538671665
leaf_weight=363.52198740653694 143.60781340557151 1706.9911676785414 1866.9834805017163 1427.7267687437125 1414.8004605800379 665.86514290591003 447.1111056287773 1299.5790856250096 843.87457784240542 406.7370023993426 204.21086149848998 353.43649073853157 40.80336005758727 1938.8303488657111 318.60795757547021 111.51707954495214 546.23725936701521 34.5815597132314 603.44677293673885 259.89110356406309 186.54221045970917 489.82204758311855 186.16652310325298 226.5243269263301 152.27521114703268 494.10386951890541 313.36278083012439 131.25532635929994 1088.6939808839234 1082.2107860695105
leaf_count=1869 1014 66801 80469 5068 49449 69586 1384 12448 20883 40417 5793 2302 1102 24285 10536 4600 12269 927 40400 8931 2131 27415 5761 4645 2897 8039 2948 1417 15696 7578
internal_value=1.35871e-11 -0.00692996 -0.00963402 0.0125723 -0.00125152 -0.0176971 0.00843345 0.00427755 -0.0126267 -0.027923 -0.0195413 0.00620284 -0.000102882 -0.00366308 -0.00229219 -0.0179077 -0.00259192 0.0133208 -0.0222969 0.00132518 -0.00755957 -0.00645496 0.015518 -0.0137917 -0.0107459 -0.00116325 0.0401968 -0.0137787 0.0144555 0.0123858
internal_weight=19349.3 12473.7 11796.8 6875.61 5783.84 6012.98 5447.88 3916.86 4019.82 1993.16 1327.29 5000.77 2651.68 2298.24 2257.44 2916.06 2431.11 2349.09 2310.44 1103.77 1884.87 920.557 1485.75 716.346 1698.33 605.621 676.885 1546.06 2314.51 2170.9
internal_count=539060 469168 464351 69892 166841 297510 64824 86372 149654 147856 78270 63440 38225 35923 34821 119840 68163 25215 107201 29814 55894 37853 18209 32060 53763 12639 4817 50866 24288 23274
is_linear=0
shrinkage=0.05


Tree=26
num_leaves=31
num_cat=0
split_feature=153 152 152 152 152 54 153 52 3 54 153 152 15 153 54 153 54 150 48 15 10 150 27 153 54 23 22 152 150 150
split_gain=627.329 575.914 207.498 200.639 155.266 149.41 134.89 130.888 124.81 118.646 90.8821 85.4362 106.362 75.1305 68.9921 64.8458 64.7356 71.6574 125.781 63.4805 63.1116 62.1343 58.8493 57.5715 57.262 68.2693 59.9028 57.0605 56.9678 56.3765
threshold=0.10004512000000002 0.45035120232289044 0.91616956347643719 0.77135227607750367 0.45035120232289044 83.500000000000014 0.51000000000000012 8.5000000000000018 1.0000000180025095e-35 134.00000000000003 0.045326142783769861 0.72537311563515972 0.026611132000000003 0.85164835164835173 65.000000000000014 0.014134452102687002 14.500000000000002 120288.86395646604 131609.42050000004 -0.029071096499999997 0.007634008700000001 448800.7254285714 248.50000000000003 1.0000000180025095e-35 21.500000000000004 0.11495963500000002 0.20831501000000002 0.92408447469306187 1140999.8031818185 716785.57202327088
decision_type=2 2 2 2 2 2 2 2 2 2 2 2 2 2 2 2 2 2 2 2 2 2 2 2 2 2 2 2 2 2
left_child=1 23 4 14 -2 6 7 11 -9 10 29 -6 24 28 21 -11 17 -8 -19 27 -20 -3 -10 -1 25 -13 -27 -12 -4 -5
right_child=2 3 13 9 5 -7 16 8 22 15 19 12 -14 -15 -16 -17 -18 18 20 -21 -22 -23 -24 -25 -26 26 -28 -29 -30 -31
leaf_value=0.076045999012500781 0.037312379780397628 -0.017241808051106883 0.021872053446284762 -0.010564849174380404 -0.022422641296485687 0.024145364682015242 0.016881903048249297 -0.070570705293401467 -0.0067339551005257282 -0.017424962166611175 -0.01040004317154399 0.014246560142236339 0.045336614273757597 0.033665287248265556 -0.0091926666622136142 0.015493167122284768 0.021009342773196243 -0.057216036773252738 0.019937605926116455 0.028535005923209678 -0.0031026643974001126 -0.033333361206269327 0.030591028818087854 0.033089540663911669 0.0054695363711938019 -0.02083058599378123 0.017077936868086275 0.010590332685355461 0.0018628246436742932 -0.027951715720921061
leaf_weight=95.545371844433248 343.46244615910109 998.87390439826413 1012.1251427594107 995.56696043035481 960.46276623674203 752.52240624721162 788.55326918390347 39.500197923742235 140.3457659840642 186.36817306652665 1508.7232178475242 202.13073163002264 102.07782211340964 802.49914134014398 704.60867056029383 758.45806528092362 740.41611724928953 94.823471577372402 379.94832593644969 143.90139030327555 1364.9932222005446 1501.8843461034558 426.61217120522633 424.73709183279425 636.03622802742757 1079.9414141869638 115.34105674398597 412.23360796296038 548.49295353703201 876.85962993293651
leaf_count=639 3061 38594 5390 37240 38321 4545 5257 1827 1067 7475 67789 4487 1089 2383 20818 10953 6892 2148 3643 3535 19798 124934 2704 2987 8954 33712 2412 9741 6125 60540
internal_value=-3.52356e-11 -0.0100125 0.00818453 -0.0132929 0.00440913 0.00296467 0.000710594 -0.00587663 0.0153644 -0.00691159 -0.0107299 -0.0100374 -0.00446713 0.0212327 -0.0230122 0.00900002 0.00795036 0.00427155 -0.00113345 -0.00349606 0.00191419 -0.0269059 0.0213515 0.0409781 -0.00696724 -0.0126279 -0.0171725 -0.00589555 0.0148396 -0.0187071
internal_weight=19138 8607.76 10530.3 8087.48 8167.17 7823.7 7071.18 3702.45 606.458 4882.11 3937.28 3095.99 2135.53 2363.12 3205.37 944.826 3368.73 2628.32 1839.77 2064.86 1744.94 2500.76 566.958 520.282 2033.45 1397.41 1195.28 1920.96 1560.62 1872.43
internal_count=539060 385245 153815 381619 139917 136856 132311 94573 5598 197273 178845 88975 50654 13898 184346 18428 37738 30846 25589 81065 23441 163528 3771 3626 49565 40611 36124 77530 11515 97780
is_linear=0
shrinkage=0.05


Tree=27
num_leaves=31
num_cat=0
split_feature=153 152 54 152 150 0 48 49 1 49 13 150 153 153 48 5 0 41 26 150 152 54 7 152 48 0 150 27 81 153
split_gain=599.919 564.145 242.413 192.611 190.365 192.664 183.322 178.438 203.055 147.624 135.109 118.714 116.294 111.153 100.235 96.8584 130.623 78.9181 76.7127 69.6894 69.6146 67.6592 66.1082 61.7146 59.1736 59.0131 54.5333 54.6646 60.6725 54.3121
threshold=0.18194617090909093 0.45035120232289044 167.00000000000003 0.83044021987458705 1241970.9374102566 5740691.6350000007 5410991.9321428584 1.5000000000000002 1.0000000180025095e-35 47.000000000000007 -0.16536879499999999 4605613.7348168511 0.021310115372340403 0.022994139179389302 467871.10000000003 1.0000000180025095e-35 346676.09500000003 0.10849900000000001 -0.068333412999999982 1099771.4926945129 0.96220318077861211 33.500000000000007 -0.17136052499999996 0.5502026774843628 3291945.1830782616 626627.50000000012 2368449.6037543863 70.500000000000014 0.23611111111111113 1.0000000180025095e-35
decision_type=2 2 2 2 2 2 2 2 2 2 2 2 2 2 2 2 2 2 2 2 2 2 2 2 2 2 2 2 2 2
left_child=1 29 4 10 7 11 -7 15 9 -9 18 14 -11 -4 -6 16 -3 -18 19 -2 21 22 -5 -8 -21 -10 27 -24 -29 -1
right_child=3 2 13 20 5 6 23 8 25 12 -12 -13 -14 -15 -16 -17 17 -19 -20 24 -22 -23 26 -25 -26 -27 -28 28 -30 -31
leaf_value=0.074972539330532634 -0.0015167599404786844 0.039730465343618425 -0.0094646189444132726 0.046199196742401076 -0.058892865515417663 -0.036909046984485841 -0.04154053319812314 -0.019444345058654201 -0.0045669518063542816 -0.019732208939185335 0.015299768178382758 -0.051323039069053999 0.012903196676805954 0.018894929826618126 -0.019482556451985267 -0.066959552997435431 -0.0044144425243304959 0.022815609710365455 0.0082523836173247524 -0.037745559397889913 0.036752549165344081 0.028031845782793725 -0.0049187939890498146 0.0070384062226166834 -0.009539934529700941 -0.064776282109736377 -0.0027400884261235495 0.019223154985369559 -0.028790619717347078 0.033259676203203234
leaf_weight=92.4081015503034 962.57661625999026 249.84568288648734 549.40798184263986 134.57446349877864 186.22899750922807 397.42008993876516 70.56242220592685 1971.2857449868025 48.973406587378122 400.93369012977928 1312.6372288583661 601.821611006686 855.29858254591818 930.9971080851974 1207.1657992601758 46.584702740423381 1344.0931388240424 331.76190261889133 805.96580108706257 328.8204258402111 434.04276995453984 847.57671102369204 321.83342871814966 889.83117399190087 427.96942723332904 240.80960229723132 620.78803842118941 1759.9078219406074 68.351478613913059 501.75729275168851
leaf_count=639 13456 1876 18696 781 17860 38275 2653 85889 1924 15538 16646 79052 15163 9365 72499 3747 28603 7540 10991 10867 1174 3477 2370 21599 14581 18087 9527 11988 600 3597
internal_value=-6.11597e-11 -0.00762902 -0.0103559 0.0103784 -0.0134909 -0.0228779 -0.00834916 -0.00775739 -0.0145077 -0.0109079 0.00228764 -0.0327651 0.00248742 0.00837013 -0.0247498 0.00428088 0.00600426 0.000976175 -0.00447591 -0.0104424 0.0177947 0.0156022 0.0119762 0.00346919 -0.0217951 -0.0546009 0.0103141 0.0140831 0.0174281 0.0397471
internal_weight=18942.2 10917.2 10323 8025.04 8842.62 3353.03 1357.81 5489.59 3517.3 3227.52 3837.97 1995.22 1256.23 1480.41 1393.39 1972.29 1925.7 1675.86 2525.33 1719.37 4187.07 3753.03 2905.46 960.394 756.79 289.783 2770.88 2150.09 1828.26 594.165
internal_count=539060 442602 438366 96458 410305 231938 62527 178367 136601 116590 66541 169411 30701 28061 90359 41766 38019 36143 49895 38904 29917 28743 25266 24252 25448 20011 24485 14958 12588 4236
is_linear=0
shrinkage=0.05


Tree=28
num_leaves=31
num_cat=0
split_feature=153 152 150 152 152 152 48 0 43 152 15 54 54 1 54 49 53 0 150 48 153 54 1 153 21 13 150 17 47 54
split_gain=548.547 509.568 226.948 183.482 145.593 142.456 125.814 203.289 87.6227 86.973 97.1206 86.79 76.1443 129.291 93.8785 91.7634 72.9582 70.9141 104.494 94.2028 69.9457 66.5807 64.7657 63.4009 61.2945 61.2393 59.2365 58.3056 57.8053 64.7677
threshold=0.09123417045454546 0.45035120232289044 3852207.8915757579 0.88414403380760864 0.45035120232289044 0.77135227607750367 4090810.6182888201 1811891.6650000003 -0.0026383836499999998 0.58568731602556634 0.0090874090000000012 121.50000000000001 11.500000000000002 1.0000000180025095e-35 6.5000000000000009 18.500000000000004 11.500000000000002 6145989.9450000012 1818279.5307729009 5496696.0915384619 0.4210567757894737 18.500000000000004 1.0000000180025095e-35 0.0096090447619047517 0.015623180500000002 -0.13218335499999997 6403983.362343207 0.12898769500000004 -0.23739529999999998 121.50000000000001
decision_type=2 2 2 2 2 2 2 2 2 2 2 2 2 2 2 2 2 2 2 2 2 2 2 2 2 2 2 2 2 2
left_child=1 -1 3 4 -2 25 27 8 -8 -6 12 16 13 15 -15 24 17 18 -7 -19 21 -9 -14 -13 -11 26 -3 -4 -5 -30
right_child=2 5 6 28 9 11 7 20 -10 10 -12 23 22 14 -16 -17 -18 19 -20 -21 -22 -23 -24 -25 -26 -27 -28 -29 29 -31
leaf_value=0.040180122068887957 0.039152589680668315 -0.02258178216118046 -0.0094889082786655341 0.035859203856397549 -0.013752450116157236 -0.012279979137685252 -0.0072817614285422194 -0.013721091095775512 -0.054586263723249207 0.039445092109916841 0.025798595984214225 -0.025774078077809799 -0.05040880721287834 -0.057013550995915666 -0.0080405832507419207 0.013750334367253376 0.016118236216291625 -0.038762770616617655 -0.038357063752883794 0.013448356557803444 0.029223435949825488 0.015914155671082314 0.013598730468683543 0.010425986446032293 -0.0085309109036961137 -0.010405497278885215 -0.044218784409133571 -0.048761758101471743 0.014298024271258706 0.037537678575294449
leaf_weight=471.71200126875192 299.21041435009101 1678.9238436357773 153.95720008411445 488.43915358488448 655.80865790139069 2187.6189317884273 182.5598314339295 377.6682003850583 211.07840625254903 70.262566892430186 532.3792937946273 141.10337175428867 40.562513929326087 164.38732990750577 241.79308335576206 1046.297585635446 222.43715787259862 107.97034252225421 465.99027867527911 432.2961869922292 313.70791525091045 380.45043655496556 1538.4425192401977 846.9790237111738 1268.6372189821559 805.14714657945296 389.76080448867287 244.74562013300601 2406.8119375389069 342.4646457741037
leaf_count=3430 2506 93012 5020 2311 15131 86776 5971 14980 16555 701 5498 7073 1676 8234 6050 11989 3304 13110 51381 8361 3123 7286 17751 16231 24148 38918 38202 11843 17428 1061
internal_value=3.03319e-11 -0.0101811 0.00719938 0.0104567 0.00517705 -0.0134451 -0.00869359 -0.00191829 -0.0326476 0.0033482 0.00563563 -0.00779458 0.00317947 -0.00178429 -0.0278607 0.00265631 -0.0115693 -0.0134975 -0.0168593 0.00301415 0.00936733 0.00115091 0.0119545 0.00525643 -0.00601323 -0.0221049 -0.0266584 -0.0335967 0.0200089 0.0171929
internal_weight=18709.6 7749.94 10959.7 9095.5 5857.78 7278.23 1864.17 1465.46 393.638 5558.57 4902.76 4404.4 4370.38 2791.38 406.18 2385.2 3416.31 3193.88 2653.61 540.267 1071.83 758.119 1579.01 988.082 1338.9 2873.83 2068.68 398.703 3237.72 2749.28
internal_count=539060 359798 179262 114484 93684 356368 64778 47915 22526 91178 76047 186236 70549 51122 14284 36838 162932 159628 138157 21471 25389 22266 19427 23304 24849 170132 131214 16863 20800 18489
is_linear=0
shrinkage=0.05


Tree=29
num_leaves=31
num_cat=0
split_feature=153 152 152 152 153 54 153 120 150 0 54 14 92 36 48 22 153 54 21 150 48 150 21 49 49 84 47 14 48 150
split_gain=522.664 497.349 257.894 149.354 103.632 102.622 99.5757 120.278 107.227 93.3334 81.6552 79.2172 80.2886 74.2138 72.2543 58.9206 54.4899 54.1921 60.2244 54.1149 89.5573 51.4764 50.4566 55.3502 58.164 49.7507 48.2814 51.1095 46.9968 123.676
threshold=0.27301378636363643 0.45035120232289044 0.85041647251279495 0.93124092153396854 0.052677131973684205 58.000000000000007 0.045529727727272706 1.0000000180025095e-35 1241970.9374102566 6794686.1100000003 174.50000000000003 0.028786125500000006 0.19375000000000003 -0.27384404999999995 5293913.6087514525 0.24686455000000004 1.0000000180025095e-35 267.50000000000006 0.33608734000000007 38189.845146520041 55760.562465277784 493589.87851282052 -0.016505501499999995 26.500000000000004 2.5000000000000004 0.10501253132832077 -0.23128543499999996 0.31500028000000008 606168.77374590177 418899.94211538468
decision_type=2 2 2 2 2 2 2 2 2 2 2 2 2 2 2 2 2 2 2 2 2 2 2 2 2 2 2 2 2 2
left_child=1 16 6 5 15 11 17 8 22 -10 25 -2 19 -9 -11 -4 -1 -3 -19 -13 -21 -14 -8 24 -24 -6 -5 -28 29 -22
right_child=3 2 4 26 10 -7 7 13 9 14 -12 12 21 -15 -16 -17 -18 18 -20 20 28 -23 23 -25 -26 -27 27 -29 -30 -31
leaf_value=0.073625087291069646 0.024324701477285202 -0.025048940455045257 -0.010983831673720669 0.045141072574818891 0.0049362523799770051 0.030725280398208567 0.023515903846732043 -0.041631321076871973 -0.035972393673741797 -0.045179797885599754 0.030678469532983251 0.02374780700041363 0.01031918670186735 0.0088636615988124164 0.00097396166323334343 0.033593396993398618 0.031347548118470701 -0.020139315585293374 0.036104591498085745 -0.059013787513841204 0.0044425732827288022 -0.02321033678605984 -0.0037076896836075444 0.0047857240096826304 -0.026205764542131485 -0.025984184537129387 0.03191668116326541 0.0069883481407519727 0.0089157078097033323 -0.041042526491620948
leaf_weight=89.056220476515591 517.03605649154633 2297.9391689900367 1732.575701519032 294.83126687025651 2455.308529815753 449.58751201909035 126.06069500843296 79.014431682531722 836.64817476691678 107.58585978284827 304.2497216083575 395.29699288238771 158.61526273563504 920.1610432821908 400.36501144303475 77.441117695532739 528.53242212929763 120.0756372793112 78.848807119764388 55.085178917623125 809.70878785551758 411.29895290662535 557.51773439894896 488.69736219863989 592.67259104637196 137.36943824752234 499.51738015469164 349.46466971002519 2485.5817521255813 183.27297979220748
leaf_count=639 5253 142597 71863 828 49127 1439 2597 6344 79993 12746 1732 2408 2036 21129 11842 957 4178 3736 826 1178 7303 14238 14577 9952 30382 3951 1554 1655 27896 4104
internal_value=-3.65283e-11 -0.00624868 -0.00863401 0.0112792 0.000309266 0.00784074 -0.0150067 -0.0102211 -0.0150705 -0.025708 0.00617361 0.00578954 0.00365936 0.00487054 -0.00880157 -0.00907661 0.037444 -0.0228817 0.0021544 0.00620334 0.0042407 -0.0138786 -0.0069664 -0.00931105 -0.0153005 0.00329798 0.0277092 0.0216555 0.00524237 -0.00395254
internal_weight=18539.4 11930.1 11312.5 6609.3 4706.94 5465.48 6605.59 4108.72 3109.55 1344.6 2896.93 5015.9 4498.86 999.175 507.951 1810.02 617.589 2496.86 198.924 3928.95 3533.65 569.914 1764.95 1638.89 1150.19 2592.68 1143.81 848.982 3478.56 992.982
internal_count=539060 469168 464351 69892 127630 65855 336721 189562 162089 104581 54810 64416 59163 27473 24588 72820 4817 147159 4562 42889 40481 16274 57508 54911 44959 53078 4037 3209 39303 11407
is_linear=0
shrinkage=0.05


Tree=30
num_leaves=31
num_cat=0
split_feature=153 152 152 152 150 0 48 153 27 150 153 152 67 0 48 54 49 2 3 23 152 13 32 131 31 23 152 22 9 150
split_gain=482.254 473.115 248.797 128.551 110.272 180.989 167.28 109.106 95.3103 90.2631 88.1005 86.1394 86.0686 84.4432 100.536 83.3741 94.6851 117.091 103.933 72.8253 67.8494 74.6167 62.6232 60.1001 59.9606 59.104 54.7636 52.8116 52.1254 50.8259
threshold=0.30003575000000005 0.45035120232289044 0.86569826954570861 0.88127530992663961 3281558.0840046816 2194150.0000000005 5043349.7791279079 0.055728088336783957 487.50000000000006 8230807.0343750017 0.034567721310344808 0.45035120232289044 0.0092521857227739514 4000000.7500000005 21411449.797416668 24.500000000000004 21.500000000000004 1.0000000180025095e-35 1.0000000180025095e-35 0.085757372500000012 0.5648737936503857 -0.072571972499999984 -0.11026853749999999 1.0000000180025095e-35 0.17306776000000004 0.36411331500000005 0.31840728732322959 0.25664565000000006 0.16005520500000003 58965.234266666688
decision_type=2 2 2 2 2 2 2 2 2 2 2 2 2 2 2 2 2 2 2 2 2 2 2 2 2 2 2 2 2 2
left_child=1 26 4 11 7 -6 -7 -3 9 10 -4 -2 25 -11 28 16 17 19 -18 -9 -13 24 -10 -12 -22 -8 -1 -26 -15 -5
right_child=3 2 8 29 5 6 12 15 22 13 23 20 -14 14 -16 -17 18 -19 -20 -21 21 -23 -24 -25 27 -27 -28 -29 -30 -31
leaf_value=0.050827800185168394 0.040283199365684426 -0.018007123588421586 -0.0074576871505807859 0.040100688784411372 -0.048729783916496835 -0.04494242690920134 -0.0069082197120883043 0.0036847639734617511 0.05600318948360497 -0.051893450787286355 0.005163060274285476 -0.017568854889500156 0.01683489786849467 0.014588078291493235 0.024101912883583189 0.010615606572949146 -0.062155010258483995 0.022185677869335479 0.0092714282668312897 -0.028003354089446143 0.0066424402836524846 0.025206353079700212 -0.021740285799880622 0.020912169406604463 -0.017657230632714026 -0.042888843096111205 0.021028000430079352 0.035767438408572973 -0.04723469495103403 0.017854323906416364
leaf_weight=327.27657447708771 173.12543115287554 2386.3984956335189 765.31647438113578 294.33670806977898 534.38423426338704 337.85510108133894 560.17454068892403 222.43931935017463 27.252427097409964 122.28619528806303 1403.9524482121924 326.46380513580516 326.14060549566057 46.923264467157423 167.6901242332533 761.50172411534004 54.455707497894764 170.0051333529409 786.64287935223547 980.67149753429112 2446.2113264371874 452.23374077305198 523.06371721602045 1065.4915235117078 456.1989235880319 143.34063883207273 291.48145995591767 51.47757504391484 124.71468864183407 2010.4565442588646
leaf_count=1918 1725 117607 30311 885 67787 37836 27291 8254 121 11302 26465 7379 7469 874 2581 9831 3751 2461 14832 53718 29278 3351 16892 13099 10936 10073 3044 603 6613 10773
internal_value=3.03629e-11 -0.00580165 -0.00809116 0.0113309 -0.0137117 -0.0240557 -0.0144138 -0.0100428 0.00152285 0.00441308 0.00736467 0.00580495 -0.00439659 -0.0162702 -0.00343233 -0.00365571 -0.00856383 -0.0166561 0.00464703 -0.0221446 0.00420577 0.00629278 -0.0178903 0.0119583 0.00339716 -0.0142392 0.0367899 -0.0122401 -0.0303333 0.0206953
internal_weight=18340 12129.5 11510.7 6210.5 7264.01 1901.9 1367.51 5362.11 4246.69 3696.37 3234.76 3905.71 1029.66 461.614 339.328 2975.72 2214.21 1373.12 841.099 1203.11 3732.59 3406.12 550.316 2469.44 2953.89 703.515 618.758 507.676 171.638 2304.79
internal_count=539060 474130 469168 64930 360910 150456 82669 210454 108258 91245 69875 53272 44833 21370 10068 92847 83016 64433 18583 61972 51547 44168 17013 39564 40817 37364 4962 11539 7487 11658
is_linear=0
shrinkage=0.05


Tree=31
num_leaves=31
num_cat=0
split_feature=153 152 54 152 1 2 52 1 0 150 48 150 152 48 32 150 0 150 53 153 150 48 0 152 16 21 17 150 37 152
split_gain=444.479 443.064 199.795 155.519 139.91 138.56 131.797 167.858 150.909 153.677 128.752 122.678 120.235 119.624 99.7772 94.8646 86.9673 88.481 84.3315 66.2768 65.1668 134.075 77.4191 64.0763 66.0403 63.6253 58.5466 55.386 56.4083 55.3789
threshold=0.18194617090909093 0.45035120232289044 44.500000000000007 0.81340318285063318 1.0000000180025095e-35 1.0000000180025095e-35 10.500000000000002 1.0000000180025095e-35 6145989.9450000012 2632573.4426875007 4775012.2438627454 1241970.9374102566 0.45035120232289044 2430121.9982475494 0.0092188100000000026 5786903.7605714295 2036902.7050000003 3210662.575263158 3.5000000000000004 0.010479060333333302 186943.06601762815 227416.75642375171 60307.560000000005 0.95753826061075575 -0.30605349999999992 0.096769140000000017 0.053139096500000003 2524982.556458334 -0.30495718499999996 0.78945422321363667
decision_type=2 2 2 2 2 2 2 2 2 2 2 2 2 2 2 2 2 2 2 2 2 2 2 2 2 2 2 2 2 2
left_child=1 -1 5 12 -4 6 8 19 9 20 -10 14 -2 26 -6 -14 17 -15 -7 -8 -3 -22 -23 24 25 -5 -13 28 -27 -12
right_child=3 2 4 23 11 18 7 -9 10 -11 29 13 15 16 -16 -17 -18 -19 -20 -21 21 22 -24 -25 -26 27 -28 -29 -30 -31
leaf_value=0.037138476515836481 0.036153182955587164 -0.0092317012844921626 -0.068508119186510216 0.029400951393479608 0.031194256990658475 -0.042584316150377693 -0.032309022748866427 -0.056781757847844616 -0.04342265617567341 -0.044755714877948591 -0.010075015073352185 -0.00030892387369918338 0.0017366415846806465 0.0029758720017039049 0.0035137672031584494 -0.024677417478375516 0.0097520920807554687 -0.044586258285196245 0.018792210741503237 0.0097903661834208653 -0.05671419969719458 -0.042095046575518699 -0.015364453987273924 0.032064206981597211 0.020641859343072909 0.018109977533562496 -0.053687112454847342 -0.010638730951680235 -0.0017967640836952332 0.014088369168602781
leaf_weight=544.83193045156077 227.20133171512862 1118.2549841459404 68.728603837429546 286.5326569667086 537.34468713658862 63.865771921118721 103.57234307541512 119.61597363214241 167.92001337200054 706.17448206007248 407.61384071153589 72.578352196374908 2768.5533204828971 210.89151298883371 825.98198823572602 387.49349211039953 781.51560860616155 182.32023958023638 452.46697144120117 960.03779787456733 274.82495718641439 320.91351303990814 1737.2631234109358 504.49804977653548 1660.3042969524977 780.99489393876866 175.80201328138355 476.28252108464949 653.74265076895244 566.90498116775416
leaf_count=4236 2451 42382 5976 1765 4752 3523 4506 12290 24503 102039 14985 2627 42173 4766 13808 17278 17258 11564 6726 18578 20665 18896 89129 1575 11228 5136 9681 8423 6429 9712
internal_value=7.03547e-11 -0.00675367 -0.00918034 0.00906763 0.00196669 -0.0137274 -0.0157127 -0.000624737 -0.0190812 -0.023504 -0.00298614 0.00370498 0.0010226 -0.00656359 0.0144238 -0.00150643 0.000102169 -0.0190772 0.0112005 0.00569081 -0.0191556 -0.0239123 -0.0195323 0.015307 0.0131156 0.00742939 -0.0380897 0.00413504 0.00903941 0.0039815
internal_weight=18145 10399.4 9854.59 7745.6 2855.16 6999.43 6483.1 1183.23 5299.87 4157.43 1142.44 2786.43 3383.25 1423.11 1363.33 3156.05 1174.73 393.212 516.333 1063.61 3451.26 2333 2058.18 4362.36 3857.86 2197.55 248.38 1911.02 1434.74 974.519
internal_count=539060 442602 438366 96458 70432 367934 357685 35374 322311 273111 49200 64456 61902 45896 18560 59451 33588 16330 10249 23084 171072 128690 108025 34556 32981 21753 12308 19988 11565 24697
is_linear=0
shrinkage=0.05


Tree=32
num_leaves=31
num_cat=0
split_feature=152 153 152 150 54 150 48 0 152 1 150 0 152 16 13 114 152 54 19 49 44 21 3 25 150 0 48 54 153 152
split_gain=410.848 504.963 283.731 115.181 112.546 110.381 131.688 107.921 89.3581 86.7684 85.7212 87.5105 76.0601 89.9901 87.4756 73.8411 73.8512 71.9337 90.5384 71.9487 63.8419 60.3828 59.3004 57.5412 57.003 63.9863 107.05 56.4995 54.8151 54.1902
threshold=0.45035120232289044 0.071808545714285715 0.7921114534108481 6586112.0979586476 121.50000000000001 1164277.2160521888 345786.80252777785 188337.44000000003 0.92090870067993713 1.0000000180025095e-35 1492189.3613241108 992730.54500000004 0.54259156011207221 1.0000000180025095e-35 -0.04758566999999999 0.12852341077957305 0.94538314116789557 23.500000000000004 0.11305967500000001 13.500000000000002 0.17053920500000003 0.35659204500000002 1.0000000180025095e-35 -0.0026384162499999996 5373329.543157896 12991270.000000002 20508154.41524351 112.00000000000001 0.78759398496240618 0.31840728732322959
decision_type=2 2 2 2 2 2 2 2 2 2 2 2 2 2 2 2 2 2 2 2 2 2 2 2 2 2 2 2 2 2
left_child=29 4 3 12 8 15 -7 -8 24 -6 11 -11 -3 14 17 16 27 18 -14 -20 -10 -12 -21 28 -2 -26 -27 -4 -9 -1
right_child=1 2 5 -5 9 6 7 23 20 10 21 -13 13 -15 -16 -17 -18 -19 19 22 -22 -23 -24 -25 25 26 -28 -29 -30 -31
leaf_value=0.0493447929550139 -0.017243075056078101 -0.021288137957853281 0.01229842207684761 -0.026247487672639347 -0.06599791705096289 -0.069362313540076354 -0.035386507516333196 0.00051496451744415027 0.038442053970116491 0.063520776210114177 -0.016787418625403651 0.0082747258512339359 0.02060589548769352 0.037274761437599939 0.018653686520924324 -0.0097068812450584116 0.032912260239743522 0.011257558654590022 -0.021359291388259469 -0.055019967999890118 -0.0062366811588818825 0.0146928936749346 0.0018051347183087548 0.032694244870670568 -0.045538606614714802 -0.039297026910204508 0.030302947774575435 0.033215349782727631 0.018906982438003098 0.022532346838892596
leaf_weight=382.22501902189106 3329.7001473943965 459.5279353739752 3011.7038785193581 577.10867163579678 49.244650667533278 61.626865771599114 158.54689762927592 1709.0584015825298 95.759166383650154 85.830386091838591 592.83124653855339 434.77964129950851 228.15669843938667 157.78411639679689 461.55150340282125 265.44711508706678 652.89185628201813 544.66137077903841 1057.6773859880632 48.834454814321361 484.44606991752516 205.00081531284377 766.91690117138205 202.69232360180467 406.00617273806711 144.64321106689749 89.389763717306778 361.60335481981747 530.98329804395325 371.70748666863074
leaf_count=2449 175945 14299 31296 38372 4783 3797 5783 40417 1638 542 20916 7093 3860 1756 6662 3606 2536 6820 42675 3357 19212 4420 13549 2661 56644 12551 1743 1392 4048 4238
internal_value=2.96732e-11 -0.00158586 0.00463035 -0.00546228 -0.0134106 0.0108738 0.00287703 0.00458845 -0.0171911 -0.000833817 0.0016001 0.0173829 -0.00224216 0.000437965 -0.00143225 0.0158358 0.0175198 -0.00493559 -0.00913232 -0.012754 0.00113726 -0.00869864 -0.00159667 0.00718305 -0.0198699 -0.0335358 -0.0127131 0.0145406 0.00487464 0.0361256
internal_weight=17928.3 17174.4 11256.8 4302.22 5917.63 6954.55 2662.91 2601.28 4549.94 1367.69 1318.44 520.61 3725.11 3265.58 3107.8 4291.65 4026.2 2646.25 2101.59 1873.43 580.205 797.832 815.751 2442.73 3969.74 640.039 234.033 3373.31 2240.04 753.933
internal_count=539060 532373 226886 131350 305487 95536 56706 52909 267733 37754 32971 7635 92978 78679 76923 38830 35224 70261 63441 59581 20850 25336 16906 47126 246883 70938 14294 32688 44465 6687
is_linear=0
shrinkage=0.05


Tree=33
num_leaves=31
num_cat=0
split_feature=152 153 152 150 48 49 150 152 54 1 54 49 54 49 19 8 0 15 1 150 0 48 153 153 0 42 38 150 32 25
split_gain=386.032 465.139 259.2 140.985 156.225 104.448 88.0968 83.2899 81.0108 141.19 80.8772 77.2886 125.502 75.8448 75.1024 73.2764 83.6795 70.9308 70.8083 68.1563 94.0058 112.002 67.8737 62.8356 60.1097 67.8118 58.3898 57.4213 56.4315 54.6956
threshold=0.45035120232289044 0.071808545714285715 0.7302730966266775 1099771.4926945129 606168.77374590177 1.0000000180025095e-35 3147941.8637976549 0.94081218288031243 16.500000000000004 1.0000000180025095e-35 20.500000000000004 13.500000000000002 21.500000000000004 47.000000000000007 0.075635120000000014 -0.081210174999999982 284725.00000000006 -0.008389326499999997 1.0000000180025095e-35 1897292.4794254515 2161095.0000000005 5652854.0562139237 0.78759398496240618 0.017580631824561401 284725.00000000006 0.15914324500000002 0.14515151500000004 19205370.610769235 0.0028566589000000005 0.05912791550000001
decision_type=2 2 2 2 2 2 2 2 2 2 2 2 2 2 2 2 2 2 2 2 2 2 2 2 2 2 2 2 2 2
left_child=-1 5 11 7 -5 19 8 10 9 13 17 12 14 -7 -3 -6 -17 29 -10 28 26 -22 27 -15 -20 -26 -21 -18 -2 -4
right_child=1 2 3 4 15 6 -8 -9 18 -11 -12 -13 -14 23 -16 16 22 -19 24 20 21 -23 -24 -25 25 -27 -28 -29 -30 -31
leaf_value=0.035452548594964627 0.013733617536895788 0.0093184894596128869 0.003247720117791706 -0.051892887668539056 0.022595497589161049 -0.022621888082937608 -0.044255840108920114 0.029013743158293998 -0.064363310931483064 -0.054898611823890935 0.022797100531264963 0.0031775201035010221 0.0039786175287413825 -0.020031758326718531 -0.027720444235737302 -0.028225587707908187 0.0015748966717512389 0.03177460847033705 0.083129695695572367 -0.011433987141237466 -0.033593353549522163 0.0040628057006068322 0.01776290741979894 0.0084819221450982991 -0.059984628615578496 0.024681712057538403 -0.047952858965757336 -0.024602049881677718 -0.006420274966465145 0.035895750303114142
leaf_weight=736.02350306513836 562.1783660198198 155.68038024406997 2660.2364714859577 134.34331743925577 420.52976068097632 1290.9948023178877 324.57047426854842 799.14799682796001 26.689003928448074 249.66940622976836 1135.9474526548292 944.88616756704869 630.83554374281084 324.34188105643261 1132.1008193424495 236.8470302472706 1699.7002783408388 267.46450518327765 33.784922168124467 186.01682138477918 265.56061526670237 770.09702420985559 586.34451007167809 477.91169847303536 28.656319934874773 135.35972046968527 265.9450213778473 238.94718811300118 908.84304201279883 134.78563176700845
leaf_count=6687 11833 4340 37944 8267 7603 72120 39586 3620 2527 24590 6548 19195 12249 14360 57138 8928 43392 2241 96 8322 21002 29623 4849 14628 2040 2419 35861 9468 26480 1104
internal_value=5.17799e-11 -0.00153237 0.00444619 0.00891453 0.000922273 -0.0129546 -0.0197118 0.0142187 -0.016609 -0.0193582 0.0114025 -0.0085278 -0.0142925 -0.0151192 -0.0232428 0.00315186 0.000191285 0.00717604 0.0120839 -0.00634965 -0.0138961 -0.00559289 0.00285682 -0.00304583 0.0223988 0.0098891 -0.0329226 -0.00165153 0.00128191 0.00482212
internal_weight=17764.4 17028.4 11177.8 8314.29 3316.71 5850.62 2891.98 4997.58 2567.41 2342.92 4198.43 2863.5 1918.62 2093.25 1287.78 3182.37 2761.84 3062.49 224.49 2958.64 1487.62 1035.66 2524.99 802.254 197.801 164.016 451.962 1938.65 1471.02 2795.02
internal_count=539060 532373 226886 133964 82507 305487 172366 51457 132780 125698 47837 92922 73727 101108 61478 74240 66637 41289 7082 133121 94808 50625 57709 28988 4555 4459 44183 52860 38313 39048
is_linear=0
shrinkage=0.05


Tree=34
num_leaves=31
num_cat=0
split_feature=152 153 152 54 150 152 54 25 14 152 1 150 0 12 16 27 13 44 48 21 153 37 52 54 153 84 16 37 150 0
split_gain=363.769 421.272 237.9 104.542 104.427 99.3638 90.648 89.954 91.9884 84.2725 72.0955 71.5751 71.6262 64.8049 64.485 63.9972 63.4815 60.7811 59.8039 60.5515 55.67 55.5598 54.7307 64.3107 54.6646 52.5729 52.1256 95.1471 51.4907 60.9
threshold=0.45035120232289044 0.071808545714285715 0.7921114534108481 119.50000000000001 6586112.0979586476 0.94081218288031243 119.50000000000001 0.085555752500000012 0.22769578000000004 0.92090870067993713 1.0000000180025095e-35 1492189.3613241108 992730.54500000004 -0.18278230499999998 -0.089387526999999981 601.50000000000011 -0.16776060999999995 0.17053920500000003 3678535.6403954807 0.104117312 0.75235849056603787 -0.32411496999999995 6.5000000000000009 23.500000000000004 1.0000000180025095e-35 0.049390243902439006 -0.30605349999999992 -0.27640647999999995 7154686.7055860823 11182433.335000003
decision_type=2 2 2 2 2 2 2 2 2 2 2 2 2 2 2 2 2 2 2 2 2 2 2 2 2 2 2 2 2 2
left_child=24 3 4 9 14 6 7 8 -4 28 -5 12 -12 -10 16 25 22 -11 -13 -20 -7 -16 23 -3 -1 26 27 -15 -2 -30
right_child=1 2 5 10 -6 20 -8 -9 13 17 11 18 -14 15 21 -17 -18 -19 19 -21 -22 -23 -24 -25 -26 -27 -28 -29 29 -31
leaf_value=0.07205691464835362 -0.01661357968983199 -0.018322911935928922 0.013762049211835881 -0.0639969643160265 -0.025204440980214494 0.014151051516828595 0.026571545673766541 0.044375848210047836 0.017250496814284279 0.037358344046761346 0.055813185091976372 -0.046519388356353206 0.0072592904268058275 0.0025323361176113226 -0.022988985078275154 -0.048975995033836907 0.0050686182881462859 -0.0057951589372390692 -0.029022485480147405 0.0050688597911107613 0.035800748674391064 0.020974179244047198 0.010831282091364386 0.0041979622723758497 0.02970760029996606 -0.022573212259886705 0.010015498061397447 -0.023570631387304863 -0.048969727390457178 -0.014606635974567145
leaf_weight=86.617489371448755 3283.0932823487819 1373.4831020675774 1609.671471298032 43.434824689815287 561.36142687225947 746.37519049819093 541.89192442828789 141.46563532878645 433.60313904780196 99.080829073442146 90.20711900270544 90.625868280883878 480.80063869594596 1195.5197271428769 85.487669479101896 75.258812465006486 1073.4747846545943 462.42553929239511 172.98800006904639 527.20120669214521 493.10583395976573 451.01518343071803 275.14863783196779 412.10877991106827 633.55913822376169 286.41223442240153 862.98038277367596 493.09381771448534 286.99994988596882 234.11036403811886
leaf_count=639 184266 52250 20901 4783 38372 6667 3294 1166 6083 1638 701 5517 8589 20321 2597 2146 22191 18662 7397 13624 1409 7093 3187 5660 6048 8773 11991 12785 44502 15808
internal_value=-1.34442e-10 -0.00148456 0.00420755 -0.0124442 -0.00512026 0.00994586 0.00712882 0.00506215 0.00394009 -0.0162622 -0.000582649 0.00143993 0.0149298 -0.000783761 -0.00204879 -0.00346794 -0.00479066 0.00181951 -0.00830041 -0.00335371 0.022764 0.013969 -0.00992652 -0.0131252 0.0348011 -0.00226114 1.88523e-05 -0.00509002 -0.0189311 -0.033532
internal_weight=17602.6 16882.4 11111.5 5770.97 4232.08 6879.38 5639.9 5098.01 4956.54 4365.71 1405.26 1361.82 571.008 3346.87 3670.72 2913.26 3134.22 561.506 790.815 700.189 1239.48 536.503 2060.74 1785.59 720.177 2838.01 2551.59 1688.61 3804.2 521.11
internal_count=539060 532373 226886 305487 131350 95536 87460 84166 83000 264876 40611 35828 9290 62099 92978 56016 83288 20300 26538 21021 8076 9690 61097 57910 6687 53870 45097 33106 244576 60310
is_linear=0
shrinkage=0.05


Tree=35
num_leaves=31
num_cat=0
split_feature=153 152 152 152 54 150 153 22 54 0 48 49 3 23 54 2 27 13 153 150 48 0 150 48 0 1 153 54 44 0
split_gain=352.936 353.678 203.816 112.162 99.6173 107.713 92.7286 85.6707 85.6195 82.6681 166.208 81.7346 99.1414 98.3885 82.6238 93.4258 70.9034 69.6221 64.7037 62.3047 63.8657 85.0183 57.9804 106.306 97.4536 68.3131 55.0926 50.8877 49.8253 46.469
threshold=0.30003575000000005 0.45035120232289044 0.8769851622892989 0.92951125409898216 174.50000000000003 5786903.7605714295 0.030428046151515151 0.21560573500000002 58.000000000000007 10622625.000000002 17582690.789853375 35.000000000000007 1.0000000180025095e-35 0.11266544500000002 28.500000000000004 1.0000000180025095e-35 538.50000000000011 0.10801734750000001 0.014570896811594203 8230807.0343750017 19591841.521250006 11976666.665000001 1189643.1604545456 2909332.5884375009 1258620.0500000003 1.0000000180025095e-35 1.0000000180025095e-35 24.500000000000004 0.18662296500000003 973200.65500000014
decision_type=2 2 2 2 2 2 2 2 2 2 2 2 2 2 2 2 2 2 2 2 2 2 2 2 2 2 2 2 2 2
left_child=1 26 4 8 5 6 -3 16 17 -7 -11 13 -13 28 15 -15 18 22 -4 27 -21 -22 -2 25 -25 -24 -1 -20 -8 -6
right_child=3 2 7 -5 29 9 11 -9 -10 10 -12 12 -14 14 -16 -17 -18 -19 19 20 21 -23 23 24 -26 -27 -28 -29 -30 -31
leaf_value=0.071124113188607299 0.007889919132329332 -0.022913460654002776 -0.022415283008828127 0.024679808827712618 -0.050814578475765586 -0.041913625400758214 0.019774515301833228 0.034130738182260978 0.030711900416342343 -0.038102874600448526 0.021132767157892619 -0.055838601527133637 0.0097171521562135696 -0.025216245610893341 -0.001368908227722127 0.012925806228966861 -0.019882048583985609 0.031938874976041073 0.001286324662357792 -0.039635512807017152 -0.031767471410026671 0.036947458048698659 -0.0054544038036262012 -0.030067346114235574 0.012955167511791319 -0.039259343476696858 0.027194018159667422 0.015614951157835819 -0.0066374513304124239 0.0069491409557121218
leaf_weight=84.128626364283264 2713.6624573929003 1278.4835417299691 226.53708236903185 1057.4446717728861 36.405815271427855 552.5082822527329 318.34847743251885 204.02127305883914 345.26629808638245 287.26266276396927 201.47568327444606 61.711028597317636 881.41310992476065 1655.5200638728857 704.28345241455827 177.78684248245554 370.28594035073183 225.83468851447105 1310.2885009651072 146.79749092366546 84.682825263589621 96.09460056386888 332.5708046835498 156.82134202274028 819.32356970914407 271.40654928446747 470.55585948843509 1175.5959554231958 406.6535069339152 797.86461113370024
leaf_count=639 25943 76259 11335 4098 3142 77024 10617 1947 1095 24514 4291 5506 17724 103942 17460 3379 12027 2130 34235 9990 5743 826 6276 5400 11735 8253 4323 17206 16354 15647
internal_value=-1.8884e-10 -0.0050964 -0.0070653 0.0099209 -0.0118405 -0.0139204 -0.0111213 0.00265824 0.00671287 -0.0286632 -0.0136838 -0.00753666 0.00542767 -0.0112843 -0.0159254 -0.0215174 0.000775388 0.00487951 0.00329156 0.00536145 -0.0151358 0.00475885 0.00345631 -0.00415787 0.00604344 -0.0206452 0.0338569 0.00806245 0.00496005 0.00442845
internal_weight=17451 11528.7 10974 5922.33 7359.72 6525.45 5484.2 3614.3 4864.89 1041.25 488.738 4205.72 943.124 3262.59 2537.59 1833.31 3410.28 4519.62 3040 2813.46 327.575 180.777 4293.78 1580.12 976.145 603.977 554.684 2485.88 725.002 834.27
internal_count=539060 474130 469168 64930 375859 357070 251241 93309 60832 105829 28805 174982 23230 151752 124781 107321 91362 59737 79335 68000 16559 6569 57607 31664 17135 14529 4962 51441 26971 18789
is_linear=0
shrinkage=0.05


Tree=36
num_leaves=31
num_cat=0
split_feature=152 153 152 152 54 153 92 15 19 153 152 54 150 99 150 0 1 153 150 48 84 0 16 37 153 117 13 34 66 43
split_gain=335.422 375.742 161.322 154.289 95.2054 74.7516 74.7227 72.6169 71.6774 66.5438 61.5654 61.4388 66.1652 56.7192 54.3267 97.0451 52.7837 51.6351 51.036 84.5046 51.5489 48.1492 48.0022 61.589 47.9912 47.1387 46.3794 44.2666 44.0231 51.286
threshold=0.45035120232289044 0.18194617090909093 0.83044021987458705 0.76995087155319941 119.50000000000001 0.035125853149122803 0.14862850327966606 1.0000000180025095e-35 0.16282526500000002 0.0096090447619047517 0.63601454025142024 44.500000000000007 458566.99628205149 0.074175824175824162 1078161.2652380953 5740691.6350000007 1.0000000180025095e-35 0.034567721310344808 84714.450995061765 227416.75642375171 0.10501253132832077 46554.500000000007 -0.38963407999999994 -0.30701741999999993 1.0000000180025095e-35 0.031818181818181808 -0.16536879499999999 -0.27418680999999995 1.0000000180025095e-35 0.19073094000000004
decision_type=2 2 2 2 2 2 2 2 2 2 2 2 2 2 2 2 2 2 2 2 2 2 2 2 2 2 2 2 2 2
left_child=24 3 6 8 5 -5 13 14 10 -6 -2 12 -10 25 28 -16 -11 -13 -4 21 22 -20 23 -21 -1 26 -3 -28 29 -7
right_child=1 2 18 4 9 7 -8 -9 11 16 -12 17 -14 -15 15 -17 -18 -19 19 20 -22 -23 -24 -25 -26 -27 27 -29 -30 -31
leaf_value=0.070152236783805402 -0.014901121406322562 -0.00028785946402580873 0.028480245360244235 -0.017413941955682421 -0.023091186142082443 -0.0054475186076389246 -0.020379143534476667 0.030200749957895252 -0.013557984263047924 -0.072057121711804825 0.015237482584661347 -0.022659878328732019 -0.03154618865915778 -0.031006117712552413 -0.023988787586211511 0.0032118403842239492 0.014263395138291375 0.0045679874893131819 0.012237930012177944 0.015281054668074532 -0.012905297034725777 -0.03954183542357257 0.02016638179088999 -0.010366795043641949 0.029310776602329548 -0.044762576044062606 -0.0087856344375038305 0.018775101308912467 0.013484362229949701 0.044314148263061459
leaf_weight=81.551727443933487 391.78345185435319 1825.2910343887634 535.61259785853326 1159.7460679010546 144.40386634320021 1358.6986437166051 427.0105930963764 159.63681994797662 870.21036253851344 17.990693136118352 298.5814319653291 305.2095466167375 1239.1257446599921 124.56374558992684 750.330464714556 582.45699350477662 1133.9301921221195 405.41431450180244 71.402265205979347 714.24655955797061 170.45669469120912 120.94109344971366 1884.4943712496897 348.16579882893711 609.52933422158821 49.750203866453376 180.78904303431045 750.46412521993625 518.4217644741293 53.829855537274852
leaf_count=639 19939 30209 2625 69549 8017 36197 18382 3653 36691 1654 11780 14989 119441 3594 61550 19376 18138 7345 402 5532 2128 1967 12483 4780 6048 1093 3074 7738 9390 657
internal_value=-5.54689e-11 -0.0014215 0.007169 -0.00801153 -0.00305913 -0.00644296 -0.000838338 -0.0027263 -0.0163063 0.00890431 -0.00186624 -0.0198414 -0.0241251 0.00200865 -0.00433683 -0.0121015 0.0129152 -0.00712625 0.0141613 0.011844 0.0138286 -0.02032 0.0153749 0.00687593 0.0341303 0.00347409 0.00434467 0.0134246 0.00102254 -0.00355116
internal_weight=17284 16593 7203.19 9389.77 5879.45 4583.12 3357.87 3423.37 3510.32 1296.32 690.365 2819.96 2109.34 2930.86 3263.74 1332.79 1151.92 710.624 3845.32 3309.71 3117.36 192.343 2946.91 1062.41 691.081 2806.29 2756.54 931.253 1930.95 1412.53
internal_count=539060 532373 94007 438366 228181 200372 64090 130823 210185 27809 31719 178466 156132 45708 127170 80926 19792 22334 29917 27292 24923 2369 22795 10312 6687 42114 41021 10812 46244 36854
is_linear=0
shrinkage=0.05


Tree=37
num_leaves=31
num_cat=0
split_feature=152 153 152 150 48 0 48 1 17 152 54 38 153 17 54 153 54 15 150 54 22 152 45 17 9 48 150 152 48 54
split_gain=320.458 350.944 209.28 141.047 135.286 86.0782 119.944 116.23 115.115 85.6686 84.9363 81.8338 76.105 75.2567 70.0132 60.324 59.6648 58.7199 56.8593 55.6315 53.7898 52.9033 50.5875 50.1167 60.1457 48.8316 78.0989 46.9332 46.4886 45.9609
threshold=0.45035120232289044 0.071808545714285715 0.65126507419805779 1216721.1010059523 345786.80252777785 1586813.2500000002 3172592.2662820518 1.0000000180025095e-35 0.051461351500000009 0.8769851622892989 121.50000000000001 0.17005806500000001 0.51000000000000012 0.18736305500000003 267.50000000000006 0.73205128205128212 5.5000000000000009 0.019426856000000003 7351207.4071517037 12.500000000000002 0.27705255500000009 0.93876938304679891 0.12038205500000002 -0.11847500299999998 0.26026524500000009 467871.10000000003 147772.63595365427 0.31840728732322959 119138.8197666667 11.500000000000002
decision_type=2 2 2 2 2 2 2 2 2 2 2 2 2 2 2 2 2 2 2 2 2 2 2 2 2 2 2 2 2 2
left_child=27 9 -3 10 -5 11 7 -7 29 14 12 -6 17 -13 18 19 -15 22 -2 -8 -11 25 -4 -16 -25 26 -14 -1 -28 -9
right_child=1 2 3 4 5 6 15 8 -10 20 -12 13 21 16 23 -17 -18 -19 -20 -21 -22 -23 -24 24 -26 -27 28 -29 -30 -31
leaf_value=0.046825487534831539 -0.015049600983516829 -0.013149120845309427 0.0048947225239945281 -0.063388917452316396 0.0026362022809535979 0.020442766254927754 -0.0090818934364040715 -0.060892616659600302 -0.045274319159501281 -0.0040725183759178748 0.032418254237959424 -0.049403912559447226 0.013457199722881799 0.0099565016222129092 0.06184460108653899 0.030821950912909832 -0.031902694531949195 0.033693607970389491 -0.033630045178320779 0.013741499019991388 0.0406377682541623 0.031394481214883828 -0.016524465146263122 -0.022631190588491307 0.028917853339916123 0.019438816697432672 -0.071730486747458466 0.020485495053356881 -0.010628815994775461 0.021892076966940812
leaf_weight=340.08132520667277 3145.3243868406935 1550.1064362607576 2409.5147180146305 85.508305100840516 521.35025805578334 179.11759409762453 364.02601990982657 19.533934836857952 292.02026685269084 1646.9953701346531 445.99061528593302 200.72276661684737 625.68061624222901 171.62861940450966 38.441645722370595 353.89103870186955 168.90799380710814 159.12072178628296 473.76540364648099 1001.6447825985961 70.135199348442256 460.81621825043112 311.27374364685966 128.00274027476553 101.41867160703987 1150.4579208025243 36.061671900562942 336.4094415527652 227.63585430849344 118.3198380949907
leaf_count=2449 179321 55116 38820 7177 9340 3335 15602 1650 11969 63751 1793 14197 3927 4847 216 2344 9695 2042 56520 22227 534 1355 8977 3717 1428 7920 866 4238 2263 1424
internal_value=6.24457e-11 -0.00138637 0.00386025 0.00669436 -0.00127567 0.000290519 0.00567181 -0.0133968 -0.0274969 -0.0115474 0.01145 -0.0115018 0.00971199 -0.0251197 -0.0156563 0.0124251 -0.0108059 0.00417083 -0.0174819 0.00765782 -0.00224635 0.0160935 0.00244425 0.00900969 0.000156724 0.0126369 0.00383829 0.033727 -0.0189847 0.0101615
internal_weight=17133.9 16457.4 10853.3 9303.22 3476.67 3391.16 2328.55 608.992 429.874 5604.08 5826.55 1062.61 5380.56 541.259 3886.95 1719.56 340.537 2879.91 3619.09 1365.67 1717.13 2500.65 2720.79 267.863 229.421 2039.84 889.378 676.491 263.698 137.854
internal_count=539060 532373 226886 171770 103807 96630 58551 18378 15043 305487 67963 38079 66170 28739 241202 40173 14542 49839 235841 37829 64285 16331 47797 5361 5145 14976 7056 6687 3129 3074
is_linear=0
shrinkage=0.05


Tree=38
num_leaves=31
num_cat=0
split_feature=152 153 152 150 48 49 150 0 52 114 54 152 19 54 1 54 19 11 13 16 153 54 8 150 0 48 38 15 49 22
split_gain=301.321 325.041 199.796 102.883 110.57 82.7095 77.753 76.6144 72.012 71.3746 71.1065 70.95 69.726 69.7024 116.478 66.6166 64.9327 61.118 55.0693 56.6011 54.8707 55.3945 56.6578 53.5317 82.0214 97.7241 50.1692 48.5214 47.3677 47.145
threshold=0.45035120232289044 0.071808545714285715 0.72369662166972704 1216721.1010059523 345786.80252777785 1.0000000180025095e-35 3147941.8637976549 449933.32500000007 2.5000000000000004 0.12852341077957305 21.500000000000004 0.90586094375549309 0.075635120000000014 5.5000000000000009 1.0000000180025095e-35 5.5000000000000009 0.13415542500000002 -0.19034199499999996 0.078731620000000016 -0.10951469999999999 0.51000000000000012 121.50000000000001 0.027351561000000003 1897292.4794254515 2161095.0000000005 5652854.0562139237 0.14515151500000004 -0.020977522999999994 47.000000000000007 -0.13902489999999998
decision_type=2 2 2 2 2 2 2 2 2 2 2 2 2 2 2 2 2 2 2 2 2 2 2 2 2 2 2 2 2 2
left_child=-1 5 8 9 -5 23 13 15 10 11 12 17 -3 14 28 -6 -9 -4 19 -14 21 22 -18 -2 26 -26 -25 29 -7 -19
right_child=1 2 3 4 7 6 -8 16 -10 -11 -12 -13 18 -15 -16 -17 20 27 -20 -21 -22 -23 -24 24 25 -27 -28 -29 -30 -31
leaf_value=0.033100546298406607 0.0016650327030051761 0.0097381859261469576 0.03985751320385849 -0.064110190489655286 -0.0074381995616706305 -0.020224704406939881 -0.04176880576625832 0.052191406276242247 0.0076347828833656928 -0.010970574822021977 0.0023609896286497928 0.021676879088348235 -0.03152254105570914 0.0044429733743542007 -0.056378533627884267 -0.059496870537313562 0.0091582268282405545 0.022597648862904395 0.0088425182174935429 -0.0046638937442352642 0.013131277470854123 0.018797623555366239 -0.01256443012927972 -0.01094396404228213 -0.031456404690406649 0.0047989769188965595 -0.045972452893806748 0.026332168400342394 -0.0033048985507667366 0.0026592409652250269
leaf_weight=660.82302688973141 1421.5677726442882 193.01300280855503 152.16114971681964 65.22436394856777 218.52287367428653 1218.2689606669664 291.88395663768461 69.270887263584882 561.12156688098912 319.70497302661533 576.52155959809897 1689.8001234123949 927.03134093168774 406.29785729511059 182.26574449421605 85.49446122860536 428.73997945396695 339.91235569055425 126.799993809429 248.79797181321192 898.34806466544978 266.02876940555871 1001.0205202585785 180.97582142357714 247.87524962989846 742.95842045801692 234.89299968379783 302.74617893528193 626.30119637760799 2320.2823454368627
leaf_count=6687 38313 5223 1041 5658 6437 71883 39586 808 9349 5106 11680 10128 50641 15746 20560 5541 13490 3042 3031 9298 8894 2048 39269 8322 21002 29623 35861 2612 24591 33590
internal_value=-7.31188e-12 -0.00133834 0.00372009 0.0075857 0.000286265 -0.0111673 -0.0173839 0.00170171 -0.0082546 0.0119054 -0.0125573 0.0134275 -0.0183078 -0.0144586 -0.0182476 -0.0220779 0.00441605 0.00895256 -0.0224634 -0.0258394 0.00314032 -0.00215242 -0.00605049 -0.00517775 -0.0120928 -0.00427097 -0.0307289 0.00736544 -0.0144798 0.00520692
internal_weight=17004.7 16343.8 10790.5 8157.26 3032.65 5553.29 2725.02 2967.43 2633.29 5124.61 2072.16 4804.9 1495.64 2433.13 2026.84 304.017 2663.41 3115.1 1302.63 1175.83 2594.14 1695.79 1429.76 2828.27 1406.7 990.834 415.869 2962.94 1844.57 2660.19
internal_count=539060 532373 226886 137664 82145 305487 172366 76487 89222 55519 79873 50413 68193 132780 117034 11978 64509 40285 62970 59939 63701 54807 52759 133121 94808 50625 44183 39244 96474 36632
is_linear=0
shrinkage=0.05


Tree=39
num_leaves=31
num_cat=0
split_feature=152 153 152 153 54 15 152 49 3 49 54 54 152 10 13 0 150 38 17 16 37 153 1 152 89 17 26 25 54 34
split_gain=284.887 306.398 170.367 112.281 115.201 116.816 109.136 82.3536 167.416 123.17 75.9762 61.716 50.778 62.508 57.3199 50.6477 106.114 58.3661 87.3937 48.9715 55.0364 48.1272 46.6996 45.3441 45.0572 44.0982 43.274 42.8553 42.5156 41.6507
threshold=0.45035120232289044 0.30003575000000005 0.68274942756989876 0.034567721310344808 119.50000000000001 0.019426856000000003 0.91616956347643719 26.500000000000004 1.0000000180025095e-35 1.0000000180025095e-35 5.5000000000000009 58.000000000000007 0.62208836405585244 -0.017261188499999996 -0.17534637499999997 2625694.3250000007 2579077.1010208339 0.17939508000000001 0.078841640000000004 -0.26761465999999995 -0.38545354999999998 1.0000000180025095e-35 1.0000000180025095e-35 0.95753826061075575 1.0000000180025095e-35 -0.0089206604999999984 -0.094620874999999979 0.0060256121000000001 21.500000000000004 -0.24259664999999997
decision_type=2 2 2 2 2 2 2 2 2 2 2 2 2 2 2 2 2 2 2 2 2 2 2 2 2 2 2 2 2 2
left_child=21 2 24 25 5 7 11 9 -9 10 -5 12 -3 -14 19 16 28 18 -17 -15 -21 -1 -6 27 -2 -4 -20 -11 -12 -16
right_child=1 6 3 4 22 -7 -8 8 -10 23 15 -13 13 14 29 17 -18 -19 26 20 -22 -23 -24 -25 -26 -27 -28 -29 -30 -31
leaf_value=0.069150927575995558 -0.023972836051307851 -0.011769130305110809 0.0074473798983950585 0.024575091917897737 -0.074713664822388698 0.029365924126374506 0.020707286703285022 -0.060570775277855864 0.013042321564002299 -0.025716155085575065 -0.019933768825204347 0.026900039326341014 0.02227463950408683 -0.0078289423481535843 -0.0030416683495627095 0.015241634574400011 -0.040622281353572445 0.0095796764960477988 -0.045385066442162621 -0.042286409267288397 0.0096681238799829622 0.027442569611970526 0.017719145584249286 0.037643425386594605 -0.0092172984545010814 -0.015540973674355555 0.0085141969794942842 0.0057017239569760059 0.003073256134674655 0.02307726121223562
leaf_weight=78.730869508348405 1414.2996974314301 527.44673691666685 234.66037361125927 249.04091452644207 13.867067389190195 272.3578277414781 1323.7472868384793 83.375902073166799 1049.0749369818659 1061.5666902343801 291.23748845991213 281.66675014095381 449.64791021379642 1318.6507172212587 223.66428156255279 152.12824843742419 251.89710940781515 884.90222613653168 175.24388759816065 53.887690434698015 942.51310199592263 569.23443463776493 936.43910421803594 32.187901893281378 815.77946535171213 1879.5193226584524 47.288035679957829 120.90193480852759 646.6552942416165 480.6239131965558
leaf_count=639 91649 12120 10581 2080 1125 6759 5995 7035 20600 67671 11208 941 3650 21848 2998 3977 35333 29351 9159 1249 10743 6048 8648 581 37032 109433 1571 5899 9476 3661
internal_value=-1.48234e-10 -0.0012992 -0.0062929 -0.00302527 0.000335517 -0.00252992 0.00816112 -0.00425167 0.00762261 -0.00768813 -0.00173645 0.00427904 0.00268472 0.00488237 0.00229227 -0.00441171 -0.0118094 0.00257623 -0.0139651 -0.00150754 0.0068583 0.0325103 0.0163703 -0.0209099 -0.0185752 -0.0129894 -0.0339315 -0.0225038 -0.00407096 0.0147825
internal_weight=16862.2 16214.3 10612.4 8382.34 6268.16 5317.86 5601.85 5045.5 1132.45 3913.05 2698.39 4278.1 3996.43 3468.99 3019.34 2449.35 1189.79 1259.56 374.66 2315.05 996.401 647.965 950.306 1214.66 2230.08 2114.18 222.532 1182.47 937.893 704.288
internal_count=539060 532373 469168 340487 220473 210700 63205 203941 27635 176306 102155 57210 56269 44149 40499 100075 56017 44058 14707 33840 11992 6687 9773 74151 128681 120014 10730 73570 20684 6659
is_linear=0
shrinkage=0.05


Tree=40
num_leaves=31
num_cat=0
split_feature=152 153 152 152 153 76 27 150 48 19 16 152 54 25 49 3 13 150 0 48 38 13 26 48 152 32 15 153 153 36
split_gain=272.326 294.074 144.558 107.809 69.3523 73.9691 65.3786 62.7999 118.513 62.5101 59.0336 54.8952 58.4214 55.149 53.9024 143.761 53.8495 53.3575 74.3435 80.277 52.3208 50.7689 50.3985 49.2846 46.833 50.6467 48.2869 46.8303 45.6591 45.1919
threshold=0.45035120232289044 0.11386953881818181 0.80941962858393457 0.68274942756989876 0.030428046151515151 1.0000000180025095e-35 603.50000000000011 169787.00192857141 185433.95167275143 0.12155913700000001 -0.14132393999999995 0.95753826061075575 27.500000000000004 0.078137270000000023 15.500000000000002 1.0000000180025095e-35 -0.072571972499999984 7891854.1027729539 12991270.000000002 13629370.640303031 0.19113450000000001 -0.26980092499999991 -0.045445648999999991 776583.39160759503 0.90586094375549309 -0.085976897499999982 0.06528739800000001 0.54692082111436957 1.0000000180025095e-35 -0.17904731499999996
decision_type=2 2 2 2 2 2 2 2 2 2 2 2 2 2 2 2 2 2 2 2 2 2 2 2 2 2 2 2 2 2
left_child=28 3 7 -2 29 9 11 -3 -9 -6 16 12 13 14 21 -16 22 24 -19 -20 -13 -4 -10 -17 26 -26 -11 -23 -1 -5
right_child=1 2 6 4 5 -7 -8 8 10 17 -12 20 -14 -15 15 23 -18 18 19 -21 -22 27 -24 -25 25 -27 -28 -29 -30 -31
leaf_value=0.068363844303505436 -0.020036660626977936 0.0093624321670352974 -0.0068458706047657544 -0.0065793645225332058 0.036765172558907662 0.012933486257541661 -0.031907496140456244 -0.05573645903137231 -0.016972683000285975 -0.0088822504875307427 0.0095912048969802946 0.013255295903099927 0.018576611387835635 0.045275715492033144 -0.075376698748308768 0.0085296340785368293 0.008986865992330605 -0.039930768237312175 -0.034847744646496898 0.023880646630154861 0.046034301381737516 -0.003579781558045279 0.002960524489868754 0.030472558154787555 0.060625168829664594 0.0043341455847650256 0.03413320893084517 0.019891949343569852 0.027161681945122609 -0.022230869616685436
leaf_weight=76.448611223138869 1610.9570846313654 834.76854392938549 1170.442762169987 1075.5961675238214 87.679733573517296 714.53048179333564 89.631048782961443 116.05104107389343 1262.6927577944007 1816.4674059830722 606.42680003400892 293.1256102421321 1254.6966198829468 86.371360688004643 43.595252777449787 643.61173301946837 374.77318564453162 254.41760935366619 101.14049028500449 137.01682108966634 208.20679077343084 391.10047323891195 423.44676390421228 424.78728293580934 42.462347169406712 677.75508534582332 67.671439788769931 465.37469234643504 558.21090361589449 807.39998695498798
leaf_count=639 106067 10663 18403 49362 2889 15882 1736 5050 42827 95030 11876 1469 8681 477 1753 5944 6722 38664 8471 1950 620 7641 8698 3337 322 16320 1841 3209 6048 56469
internal_value=5.89603e-11 -0.00126775 0.00496889 -0.00859768 -0.00541068 -0.00160531 0.0104165 -0.00266602 -0.00627348 -0.00486738 -0.00412143 0.011178 0.00942215 0.00586089 0.00477634 0.0136224 -0.0081564 -0.00604607 -0.021137 -0.00106009 0.0268686 -7.67392e-05 -0.0119668 0.017254 -0.00319184 0.00765293 -0.00733729 0.00917383 0.0321247 -0.0132905
internal_weight=16716.9 16082.2 8689.1 7393.09 5782.14 3899.14 5070.94 3618.16 2783.39 3184.61 2667.34 4981.31 4479.98 3225.28 3138.91 1111.99 2060.91 3096.93 492.575 238.157 501.332 2026.92 1686.14 1068.4 2604.36 720.217 1884.14 856.475 634.66 1883
internal_count=539060 532373 139106 393267 287200 181369 53270 85836 75173 165487 70123 51534 49445 40764 40287 11034 58247 162598 49085 10421 2089 29253 51525 9281 113513 16642 96871 10850 6687 105831
is_linear=0
shrinkage=0.05


Tree=41
num_leaves=31
num_cat=0
split_feature=152 153 152 152 54 150 48 33 8 152 8 10 153 92 19 0 150 152 99 66 153 34 42 150 47 14 54 24 89 30
split_gain=260.791 278.931 135.206 108.847 73.5042 66.7729 128.249 66.2844 66.2403 77.371 66.1601 62.6823 52.5638 51.6906 51.1073 54.4264 50.2009 49.1575 47.2179 44.6251 43.3519 41.0517 48.4416 53.4519 40.9256 40.6092 40.0011 39.8522 38.83 37.9782
threshold=0.45035120232289044 0.13402975166666667 0.73352216651216084 0.68274942756989876 167.00000000000003 656230.06687448395 227416.75642375171 -0.19724483999999998 -0.05517516749999999 0.88414403380760864 -0.13885978999999998 -0.014206307499999999 0.020007987000000001 0.14862850327966606 0.16282526500000002 138019.80000000002 5373329.543157896 0.90586094375549309 0.064978902953586465 1.0000000180025095e-35 1.0000000180025095e-35 -0.27418680999999995 0.18927597500000001 1121096.5409797297 -0.24188563499999996 0.22952908000000002 32.500000000000007 -0.22064332499999997 1.0000000180025095e-35 0.16056313500000002
decision_type=2 2 2 2 2 2 2 2 2 2 2 2 2 2 2 2 2 2 2 2 2 2 2 2 2 2 2 2 2 2
left_child=20 3 13 28 5 7 -7 -5 -4 11 -8 -10 -6 18 -12 -16 24 -17 21 27 -1 22 23 -3 -11 -13 29 -9 -2 -26
right_child=1 2 8 4 12 6 10 19 9 16 14 25 -14 -15 15 17 -18 -19 -20 -21 -22 -23 -24 -25 26 -27 -28 -29 -30 -31
leaf_value=0.067615751980754243 -0.025245925440861051 0.018139244033429966 0.020747767225183688 0.031116813327196048 -0.0090346997229611477 -0.060583969167718056 0.019024511326994949 0.036519671561712451 0.020912270888921329 0.030959764509481041 0.020171861326775148 0.0053560549716513816 0.015323545191284324 -0.027023161113830414 -0.039468621893792383 -0.016481483019750619 -0.006192110094208809 0.00043185076433321673 -0.038261284499990333 0.0072845833976227133 0.026903543985161694 0.0038808557090514646 -0.031588262933388102 -0.032077799088357895 -0.012902517394996801 -0.0089545362530836382 0.022632346493182243 -0.0089958077754723718 -0.0099431362705202624 0.011026333161894634
leaf_weight=74.252756617031991 1012.9609720139124 159.62397716916166 1026.0647216171201 148.05927676046849 325.71205524209654 132.46981235808926 180.82590840896592 49.519207977224141 317.34700049390085 355.23223748849705 115.14372686319984 851.36380922305398 692.0965773712378 251.68244968017098 191.71333706082078 1500.6989714239753 306.23425241047516 601.9194392330246 89.030263297376223 701.0689301819948 547.70615435804939 1213.7564008901536 206.68619269377086 79.324506474484224 196.60842312779278 1186.772994532017 640.74633633764461 1668.7252775385568 701.70140967659245 1058.7962406387087
leaf_count=639 76790 1712 10296 3596 13188 16491 9407 826 3087 1853 5231 11827 8591 13587 16410 121466 4514 24151 3835 18549 6048 21414 6885 3169 1968 27256 2667 61298 33748 8561
internal_value=-3.09243e-11 -0.00123769 0.00540653 -0.00781289 -0.00477644 -0.00714389 -0.0125986 -0.00135897 0.00919306 0.00677994 -0.0101446 0.000241732 0.00752859 -0.0058373 -0.0123337 -0.0139651 0.0128014 -0.0116397 -0.00278763 -0.00334645 0.031764 -0.000884386 -0.0138633 0.00146853 0.0153849 -0.00297676 0.0124671 -0.00768407 -0.0189835 0.00727885
internal_weight=16583.8 15961.9 7939.27 8022.61 6307.95 5290.14 2722.77 2567.37 5939.17 4913.1 2590.3 2355.48 1017.81 2000.1 2409.48 2294.33 2557.62 2102.62 1748.42 2419.31 621.959 1659.39 445.635 238.948 2251.38 2038.14 1896.15 1718.24 1714.66 1255.4
internal_count=539060 532373 122631 409742 299204 277425 193156 84269 72029 61733 176665 42170 21779 50602 167258 162027 19563 145617 37015 80673 6687 33180 11766 4881 15049 39083 13196 62124 110538 10529
is_linear=0
shrinkage=0.05


Tree=42
num_leaves=31
num_cat=0
split_feature=152 153 152 152 19 22 43 54 153 92 150 33 141 7 7 49 54 152 1 12 13 25 54 150 27 49 3 2 152 8
split_gain=249.778 255.828 135.702 108.113 76.3554 74.0376 124.826 82.815 73.7979 58.4603 56.0181 60.5719 55.3912 50.6581 62.5669 53.4077 51.2395 47.8341 46.792 46.7519 51.8479 45.9322 53.378 43.6175 42.5214 42.3749 59.7604 52.3624 41.9907 41.3195
threshold=0.45035120232289044 0.26682741333333332 0.76405086084293938 0.89415541069728288 0.12858796000000003 0.20831501000000002 0.044897761000000008 267.50000000000006 0.045529727727272706 0.27922077922077926 5922289.7457639771 -0.093740714999999988 1.0000000180025095e-35 -0.05652818049999999 0.23506272000000003 18.500000000000004 14.500000000000002 0.63601454025142024 1.0000000180025095e-35 -0.03556161599999999 -0.16776060999999995 0.10941088000000002 20.500000000000004 186943.06601762815 487.50000000000006 18.500000000000004 1.0000000180025095e-35 1.0000000180025095e-35 0.31840728732322959 -0.18008792999999998
decision_type=2 2 2 2 2 2 2 2 2 2 2 2 2 2 2 2 2 2 2 2 2 2 2 2 2 2 2 2 2 2
left_child=28 2 4 9 17 7 -7 8 -4 13 11 23 21 -3 15 16 -15 -2 -17 20 -13 22 25 -6 -14 27 -27 29 -1 -10
right_child=1 3 5 -5 10 6 -8 -9 12 -11 -12 19 24 14 -16 18 -18 -19 -20 -21 -22 -23 -24 -25 -26 26 -28 -29 -30 -31
leaf_value=0.044573185018475195 -0.0091318896007247553 0.015509653861868323 -0.012950348784809027 0.017089465528029282 -0.0093423472546906913 -0.025851387035446118 0.032025753528671798 0.019861899165783223 0.037054720843847352 -0.013975759383828182 -0.031622422194105354 -0.028509498154068842 0.014392874237195576 -0.013061281915373556 0.016569518477747396 0.01627870993843071 0.0050774395288520572 0.020632791875660458 -0.068655788228184245 -0.0018699263847767431 -0.0039377890114230575 0.040765618157749151 0.0038613281166641374 -0.037662449490975615 -0.01414438722863174 -0.055836219228718356 0.0063580599767732379 0.011882474710477537 0.018328543399522359 -0.021235253987340642
leaf_weight=303.77907040622085 329.54199534704094 828.09919541887939 1848.2344965560915 1854.6215258650482 209.58164158984437 125.72503453865647 359.66976535439608 363.47320766549092 31.322152114269556 475.73351001238916 542.46740384789882 492.42935235355981 792.84213527088286 1082.2199155105918 539.17583645606646 423.00864605477545 608.12137882551178 228.62944259219512 16.86238519125618 975.65328813403903 380.62564374538488 55.516463439329527 1029.2388323367923 387.04356932041992 156.26079310826026 41.983186554338317 482.65620627463795 151.58119810221251 305.86561964877183 1035.2828626604751
leaf_count=2449 16664 9129 110434 10206 10329 6288 6162 5088 1015 16046 59614 28398 18607 18946 5315 3176 6670 7821 713 41352 16318 925 18832 35096 5428 3077 9976 2365 4238 58383
internal_value=2.69591e-12 -0.00120816 -0.00605309 0.00712168 -0.0139153 -0.00174661 0.0170346 -0.00326894 -0.00476362 0.00246891 -0.0170866 -0.013862 -0.000757191 0.00470574 0.00135415 -0.002497 -0.00653565 0.00305985 0.0130228 -0.0093915 -0.017797 -0.00426539 -0.00516723 -0.0277142 0.00969448 -0.0104991 0.00138109 -0.0156156 0.031406 -0.0195235
internal_weight=16457.2 15847.6 10019.8 5827.84 3545.97 6473.79 485.395 5988.39 5624.92 3973.22 2987.8 2445.33 3776.68 3497.49 2669.39 2130.21 1690.34 558.171 439.871 1848.71 873.055 2827.58 2772.06 596.625 949.103 1742.83 524.639 1218.19 609.645 1066.61
internal_count=539060 532373 462172 70201 215592 246580 12450 234130 229042 59995 191107 131493 118608 43949 34820 29505 25616 24485 3889 86068 44716 94573 93648 45425 24035 74816 13053 61763 6687 59398
is_linear=0
shrinkage=0.05


Tree=43
num_leaves=31
num_cat=0
split_feature=152 153 152 150 152 15 16 16 152 13 33 12 0 48 37 36 9 22 54 150 152 11 37 45 0 150 48 0 17 44
split_gain=236.467 245.335 179.078 112.619 74.8416 101.038 82.698 65.0071 64.7073 64.2018 61.5557 72.1651 60.6083 77.5269 56.8585 54.2587 51.5493 50.234 49.8795 57.579 52.3011 49.558 49.0676 46.7545 46.205 44.8821 65.1733 57.223 44.3406 44.3303
threshold=0.45035120232289044 0.050179856115107911 0.86842704451477815 5786903.7605714295 0.5648737936503857 0.015335793000000002 -0.072844194999999987 -0.31326775499999998 0.95753826061075575 -0.15687252499999996 -0.092382921999999992 -0.24831301999999997 1675970.8250000002 4218594.6114732148 -0.31875672999999993 -0.17828498499999998 0.24206729000000002 -0.12919499499999998 267.50000000000006 7891854.1027729539 0.92090870067993713 -0.058704309999999996 -0.38673669999999993 0.19042001500000003 10622625.000000002 8576930.0135000013 30694631.598896112 13567657.595000001 -0.11847500299999998 0.10678969000000001
decision_type=2 2 2 2 2 2 2 2 2 2 2 2 2 2 2 2 2 2 2 2 2 2 2 2 2 2 2 2 2 2
left_child=-1 18 3 4 -3 6 9 8 16 10 11 -6 -5 -14 -10 -15 -4 -12 19 20 -2 -9 -23 25 -17 -18 -27 -28 -20 -22
right_child=1 2 7 12 5 -7 -8 21 14 -11 17 -13 13 15 -16 24 23 -19 28 -21 29 22 -24 -25 -26 26 27 -29 -30 -31
leaf_value=0.030902488230281824 -0.014240153668122334 -0.016154099027022719 0.014222148267872204 -0.046547008199005542 0.013308900006847924 0.020787896455506494 0.022893051265844545 0.041114710754266579 0.037176500117566291 0.0091049900471677579 0.0112540502442483 -0.022953072510354403 -0.040475135125150774 0.0089462399730946603 -0.0015431604494337537 -0.041772352370514909 -0.0013752043724294771 -0.0053220928616820144 0.058228913238926351 -0.032788424827609665 0.075881545598540476 -0.051272399363555689 0.015471595216788576 0.029626781994690855 -0.0034184372402299859 -0.048751530048539604 -0.047499162004988722 0.043615974162243165 -2.1614129171277312e-05 0.00089827749596703909
leaf_weight=596.4440566606645 2744.4584493119983 644.61205704267923 638.75711470097303 156.96308595026494 166.93788867024705 624.46019613777753 348.14718896054546 192.89234362123534 266.79645953408908 954.39315233769594 591.83500565067516 770.29148838148103 195.70878378099587 349.11014514995622 147.08500387868844 135.21974589949241 1483.3829724653624 2007.0289983058465 36.739113040268421 360.37250741326716 20.707289077807218 27.996691588195972 1675.7109781978652 107.62033698521554 187.28725555510027 124.70795824425295 27.123795087914914 47.249103446025401 294.92493764334358 409.7522426933283
leaf_count=6687 163341 23097 7368 24297 4178 10446 5974 1215 1432 19966 10696 35316 16909 12472 1246 15304 24435 54533 213 44610 135 876 16653 588 6243 6522 1455 282 7233 15338
internal_value=1.99647e-11 -0.00117113 0.00239179 -0.00261425 -4.12384e-05 0.00185998 -0.000582801 0.00992515 0.00514202 -0.00240288 -0.00550886 -0.0164941 -0.0179568 -0.0127827 0.0234163 -0.00471318 0.00202802 -0.00154724 -0.0121091 -0.0138484 -0.0116986 0.0170944 0.0143748 -0.00232322 -0.0194993 -0.00436693 -0.0266587 0.0103863 0.00643092 0.00450535
internal_weight=16334.7 15738.3 11871.3 7131.99 6107.71 5463.09 4838.63 4739.32 2842.72 4490.49 3536.09 937.229 1024.29 867.326 413.881 671.617 2428.84 2598.86 3866.95 3535.29 3174.92 1896.6 1703.71 1790.08 322.507 1682.46 199.081 74.3729 331.664 430.46
internal_count=539060 532373 301503 239431 164206 141109 130663 62072 43328 124689 104723 39494 75225 50928 2678 34019 40650 65229 230870 223424 178814 18744 17529 33282 21547 32694 8259 1737 7446 15473
is_linear=0
shrinkage=0.05


Tree=44
num_leaves=31
num_cat=0
split_feature=152 153 152 153 54 15 152 49 3 25 152 13 31 152 27 150 153 54 49 53 43 9 1 150 48 16 21 0 37 20
split_gain=222.632 226.005 132.926 89.1131 105.404 104.464 87.5231 70.4175 113.833 76.7226 84.5373 60.9504 48.0452 46.0955 49.8739 45.568 43.8023 43.6119 58.7633 45.97 41.6899 41.1458 40.7293 39.1966 39.6537 39.0946 39.1276 38.2464 37.7413 36.9869
threshold=0.45035120232289044 0.33489576666666671 0.68274942756989876 0.034567721310344808 119.50000000000001 0.026611132000000003 0.78672362243901628 56.000000000000007 1.0000000180025095e-35 0.050158213000000007 0.86842704451477815 -0.15687252499999996 0.17306776000000004 0.96220318077861211 579.50000000000011 1055310.1513628834 1.0000000180025095e-35 28.500000000000004 87.500000000000014 36.500000000000007 0.18486966500000002 0.29517793000000009 1.0000000180025095e-35 1035307.3932258065 409928.36989560444 -0.30605349999999992 0.094915435000000006 2133541.6300000004 -0.32975794999999991 -0.18974727999999999
decision_type=2 2 2 2 2 2 2 2 2 2 2 2 2 2 2 2 2 2 2 2 2 2 2 2 2 2 2 2 2 2
left_child=16 2 17 -4 5 7 12 9 -9 10 11 15 23 14 25 -5 -1 18 19 -2 21 -12 -6 -3 -25 26 -8 -17 -28 -16
right_child=1 6 3 4 22 -7 13 8 -10 -11 20 -13 -14 -15 29 27 -18 -19 -20 -21 -22 -23 -24 24 -26 -27 28 -29 -30 -31
leaf_value=0.066753610593316678 -0.027233203846977777 0.009009741890516218 -0.011563333170461083 -0.011030320357544062 -0.073319733712043186 0.02873593752199239 0.026482186982253381 -0.068660015916638284 0.01768321121827986 0.020216418445486491 0.0034559653073745443 0.0047356590910194556 -0.017670111491511237 0.031253995503346392 0.042933392360557598 -0.040619819126901477 0.025146868511539095 -0.0055036658079901605 0.00027504523161602347 0.029066845032733851 0.027862085450033436 -0.010974632881194111 0.016488976023801401 -0.067481059004723787 -0.0049386316904638039 0.018464608036502329 0.015187550821783186 -0.018494992346165282 -0.0027266278618563364 -0.027711864792473419
leaf_weight=72.15180685184896 1210.4003743361536 918.53373533886042 2032.6945134065463 923.04524566500913 12.787505598622372 257.8184026782983 213.43743073916994 40.882512827578466 575.87082243303303 261.70598821854219 1207.1134679554962 331.97896748909261 358.44854822402704 296.1979310803581 21.651741010136902 323.06063067758805 513.13289276810247 649.80108073438169 267.57859609718435 37.377060941129457 120.10709472722374 836.11239085579291 989.66097746090963 26.703783076955006 497.69787259335862 1290.9441473598126 446.54295697505586 494.03976653929567 860.72595874383114 128.41038492298685
leaf_count=639 96010 9463 120014 36829 1125 6161 1252 3472 6666 8329 25490 15490 9790 915 119 43439 6048 26315 7254 475 2193 28396 8907 1427 10956 9126 3884 37155 9988 1733
internal_value=-3.86852e-11 -0.00113363 -0.0052927 -0.00244743 0.000459582 -0.00231796 0.00755728 -0.00388354 0.0119598 -0.00605634 -0.00767972 -0.0148974 -0.0012868 0.0124474 0.0105666 -0.0186429 0.030276 -0.0163403 -0.0209872 -0.0255467 -0.000766341 -0.00244921 0.0153434 0.00278308 -0.00812344 0.0120655 0.0066333 -0.0272426 0.00339258 -0.0175188
internal_weight=16216.6 15631.3 10572 8406.88 6374.18 5371.74 5059.29 5113.92 616.753 4497.16 4235.46 2072.12 1801.38 3257.91 2961.71 1740.15 585.285 2165.16 1515.36 1247.78 2163.33 2043.23 1002.45 1442.94 524.402 2811.65 1520.71 817.1 1307.27 150.062
internal_count=539060 532373 473720 343666 223652 213620 58653 207459 10138 197321 188992 132913 31636 27017 26102 117423 6687 130054 103739 96485 56079 53886 10032 21846 12383 24250 15124 80594 13872 1852
is_linear=0
shrinkage=0.05


Tree=45
num_leaves=31
num_cat=0
split_feature=152 153 152 150 48 0 152 54 54 19 153 49 54 19 48 1 13 153 150 0 48 41 0 49 150 54 1 153 38 150
split_gain=213.547 214.939 137.043 88.1306 84.1149 68.5915 63.0118 62.121 61.22 60.7689 58.2024 55.6329 69.437 50.8079 49.8388 91.2332 54.0076 44.1114 48.1126 74.9982 50.7215 42.768 47.9827 42.0815 53.1701 50.5927 83.8354 41.615 41.2689 41.1466
threshold=0.45035120232289044 0.071808545714285715 0.71154213040082326 1216721.1010059523 345786.80252777785 358950.00000000006 0.77135227607750367 121.50000000000001 5.5000000000000009 0.13415542500000002 0.47213622291021667 13.500000000000002 21.500000000000004 0.21297351500000003 3678535.6403954807 1.0000000180025095e-35 -0.26505791999999995 0.51000000000000012 6070641.2754473696 11976666.665000001 15348036.262697371 0.083094372500000013 1999900.0000000002 1.5000000000000002 2579077.1010208339 16.500000000000004 1.0000000180025095e-35 1.0000000180025095e-35 0.14245419000000004 1671595.5964473686
decision_type=2 2 2 2 2 2 2 2 2 2 2 2 2 2 2 2 2 2 2 2 2 2 2 2 2 2 2 2 2 2
left_child=27 6 11 7 -5 8 -2 10 -6 -7 -4 12 13 -3 15 -11 29 18 -16 28 -21 22 -14 -8 25 26 -25 -1 -20 -17
right_child=1 2 3 4 5 9 23 -9 -10 14 -12 -13 21 -15 17 16 -18 -19 19 20 -22 -23 -24 24 -26 -27 -28 -29 -30 -31
leaf_value=0.066067472494710039 -0.01633582849278568 -0.0051366055280222655 0.0033282829566422855 -0.05904201819495504 -0.0096182266047424355 0.045841674982616779 -0.00027823250284942779 0.029453870186041089 -0.064615775055314739 0.020384637780338478 0.01460200683626638 0.0032058952127142631 0.00858630692222998 -0.028801480790947201 0.010786550517406943 -0.010173601399123336 -0.0020315977010740885 0.018789723552079834 0.027957855052227129 -0.016750833751002409 0.027506560936227904 0.02040186870151825 -0.030779195362184004 -0.0069057913682314537 -0.042654794343057287 0.0331044407433903 -0.054474378573556775 0.024929134199038409 -0.03416580088951069 -0.045170776775441929
leaf_weight=70.013974763453007 1993.8937033753173 343.00495374736784 2425.481523332186 60.323281677265186 200.93457205308368 80.452266891137697 1910.3715531201742 389.21695422986522 67.630340592004359 213.02730662818067 2168.2894693658454 778.85956767675816 168.08612888137577 669.54262973132427 626.85470498021459 142.46201968949754 307.61387327685952 521.9226191251073 29.92160345078446 109.42118501605 158.53272356302477 193.16019903641427 143.49257490807213 1049.7366611817852 126.65115241847525 68.57441070873756 101.58844172878889 504.03811569526442 250.86656831466826 204.61180602503009
leaf_count=639 142429 13594 41683 5967 6391 1005 82399 1662 5315 3590 14594 17165 2541 41248 16268 2434 7176 4753 707 3358 1587 4172 3963 51584 16104 896 12075 6048 19540 8173
internal_value=1.60537e-10 -0.00110877 0.00310404 0.00620909 -0.00060136 0.000608327 -0.00933547 0.0102746 -0.0234678 0.0030523 0.00864955 -0.00765686 -0.013233 -0.0207849 0.00171032 -0.00803753 -0.0172858 0.0066931 0.00132263 -0.00948846 0.00943369 0.0019168 -0.00954284 -0.00504983 -0.0118194 -0.00861801 -0.0111031 0.0299466 -0.0275457 -0.0308056
internal_weight=16078.6 15504.5 10253.7 7957.56 2974.57 2914.25 5250.82 4982.99 268.565 2645.69 4593.77 2296.15 1517.29 1012.55 2565.23 867.715 654.688 1697.52 1175.6 548.742 267.954 504.739 311.579 3256.92 1346.55 1219.9 1151.33 574.052 280.788 347.074
internal_count=539060 532373 226886 144203 86264 80297 305487 57939 11706 68591 56277 82683 65518 54842 67586 21373 17783 46213 41460 25192 4945 10676 6504 163058 80659 64555 63659 6687 20247 10607
is_linear=0
shrinkage=0.05


Tree=46
num_leaves=31
num_cat=0
split_feature=152 153 54 152 53 1 150 150 0 48 48 49 3 14 0 32 153 150 48 49 1 93 0 150 48 38 0 35 150 48
split_gain=206.313 201.169 100.133 95.7015 93.5006 92.1825 75.1835 70.6958 119.658 148.442 76.7084 66.6961 103.526 57.1189 56.5259 53.852 50.6659 50.3783 65.4051 54.6027 74.2153 50.3576 48.6582 47.8922 55.599 45.078 43.1051 42.8899 41.4315 57.637
threshold=0.31840728732322959 0.18194617090909093 121.50000000000001 0.86842704451477815 41.500000000000007 1.0000000180025095e-35 1319363.4718181819 7891854.1027729539 10622625.000000002 19591841.521250006 7521882.7556190481 87.500000000000014 1.0000000180025095e-35 0.22623014000000002 284725.00000000006 0.0090549057500000016 0.010479060333333302 1267810.5608373208 552360.56005882367 1.5000000000000002 1.0000000180025095e-35 0.061920098151982163 1791575.5850000002 84714.450995061765 115863.09405279504 0.18876751000000003 1100135.0000000002 0.3795286100000001 347728.37267954915 478304.16325899289
decision_type=2 2 2 2 2 2 2 2 2 2 2 2 2 2 2 2 2 2 2 2 2 2 2 2 2 2 2 2 2 2
left_child=-1 2 4 13 7 -4 14 10 -9 -10 11 17 -13 27 -7 -8 -14 19 -19 -2 28 -16 25 -5 -25 -17 -20 -3 -21 -30
right_child=1 3 5 23 -6 6 15 8 9 -11 -12 12 16 -15 21 22 -18 18 26 20 -22 -23 -24 24 -26 -27 -28 -29 29 -31
leaf_value=0.042575924420323236 -0.00065586222568098877 0.0076533114544091998 -0.06492937906346001 0.029184589604517908 0.02798981654738901 0.075079870141555177 -0.031880818329981457 -0.042893405228486198 -0.032152882715899223 0.023324613957174372 0.010494850942713976 -0.051062332891681043 -0.026431223019116674 -0.0052442406631001493 0.024633926780293827 -0.0007837427688098035 0.013016440232684702 -0.055190191981743866 -0.032950971505809716 -0.0055862365428578607 -0.046587956350647663 -0.0053394320314638036 0.0094485668058213994 -0.049249872724759447 0.011219295525121768 -0.049233083887034311 -0.0095269321188768824 -0.047286196170718067 -0.041707726442866244 -0.011510567122786933
leaf_weight=279.56046851770952 1345.3808394844382 2003.5461453240132 45.761571442621062 387.90416707843542 173.2815510383225 42.707670745439827 130.95741944486508 394.52246260167158 253.69868465178297 229.78881473769434 551.73480989199015 79.62755428411765 91.561478351708502 1978.9049521860143 473.21269184350967 131.62808133137878 733.29746264600544 123.76306949852733 279.96499201829283 1340.9779590003527 156.51579334446433 199.08558428951073 635.13592621870339 38.642234353115782 2336.8199486164376 75.57459525129525 658.01019598066705 36.165514616295695 220.83730240137083 555.51394083743071
leaf_count=2449 35107 29571 5713 1786 1751 110 8034 67312 24935 3735 21636 10170 4490 44685 4079 3447 12913 19215 27379 55864 15009 3888 12017 734 17354 5029 51581 1576 15341 32150
internal_value=2.35307e-12 -0.000757906 -0.0056916 0.00573298 -0.00829313 0.00509293 0.00699089 -0.00918935 -0.0224597 -0.0057859 -0.00729084 -0.00904773 0.00338189 0.000807686 0.0193013 -0.00205265 0.00863765 -0.0114495 -0.0210263 -0.00863999 -0.013364 0.015758 0.0025847 0.0128956 0.0102356 -0.018455 -0.0165185 0.0066792 -0.010908 -0.0201003
internal_weight=15984.1 15704.5 8922.54 6781.98 7188.48 1734.06 1688.3 7015.2 878.01 483.487 6137.19 5585.45 904.486 4018.62 715.006 973.296 824.859 4680.96 1061.74 3619.23 2273.84 672.298 842.339 2763.37 2375.46 207.203 937.975 2039.71 2117.33 776.351
internal_count=539060 536611 440905 95706 398588 42317 36604 396837 95982 28670 300855 279219 27573 75832 8077 28527 17403 251646 98175 153471 118364 7967 20493 19874 18088 8476 78960 31147 103355 47491
is_linear=0
shrinkage=0.05


Tree=47
num_leaves=31
num_cat=0
split_feature=152 152 13 153 150 152 48 0 153 22 27 34 54 49 23 3 153 111 150 48 153 25 38 7 27 8 19 24 27 150
split_gain=204.178 192.846 106.019 98.4438 94.0864 91.8435 68.7376 86.1939 68.453 65.7793 57.6804 53.5354 50.3466 55.508 62.1111 59.1084 49.4034 49.0706 48.915 62.902 48.7984 58.4228 47.3311 43.8308 41.9644 41.7354 41.7447 40.6407 59.6697 40.6635
threshold=0.45035120232289044 0.83305015699763196 -0.15687252499999996 0.21439623214285711 2579077.1010208339 0.5502026774843628 2337696.8948684218 2310600.0000000005 0.041841736694677813 0.23861298 470.50000000000006 -0.27668815999999991 78.000000000000014 18.500000000000004 -0.043962273999999996 1.0000000180025095e-35 0.010479060333333302 1.0000000180025095e-35 169787.00192857141 227416.75642375171 0.70820433436532515 -0.054573812999999992 0.16226820000000003 -0.17136052499999996 145.50000000000003 -0.11537223999999999 0.30233443500000007 -0.040769266999999991 603.50000000000011 90111.781728395072
decision_type=2 2 2 2 2 2 2 2 2 2 2 2 2 2 2 2 2 2 2 2 2 2 2 2 2 2 2 2 2 2
left_child=-1 2 4 9 8 -4 -6 22 -2 10 16 -7 13 14 -10 -15 -3 18 -18 -20 21 -16 24 -5 -8 -12 -27 -25 29 -29
right_child=1 3 5 23 6 11 7 -9 12 -11 25 -13 -14 15 20 -17 17 -19 19 -21 -22 -23 -24 27 -26 26 -28 28 -30 -31
leaf_value=0.03017575040083479 -0.019247979424695472 -0.026300913394896114 -0.018512059202924147 0.039183776412409319 -0.050015678643240857 -0.0091007393039397311 0.021585569884736883 -0.0076489079595809919 0.020749371906401207 0.024997913817800244 0.041380364496599535 0.011929585086147151 0.014920645351513688 -0.052138579698252543 -0.026202808302897559 0.0073219120693252416 0.015236754810068656 0.018729754388912296 -0.057558068107058463 -0.0018317781346088476 -0.0015677066221459987 -0.0022349616274668339 -0.045701723610400535 0.024095809461262274 -0.037630853798350537 0.0010212432484398898 -0.028513764754899321 0.023060783240138556 -0.057481310366379594 0.005884348351650243
leaf_weight=541.41001339643844 833.98836047980149 162.54583639827615 418.42841070273425 134.10094863292761 182.52698233431147 383.91099315293832 58.575460806692718 818.00386240215448 150.64711354736937 241.55166372924577 29.764987700036727 1429.0429896268834 343.09265496453736 43.810249151429161 810.88415896070364 908.94098255323479 432.07085532601923 384.21107299992582 51.721256695804186 2419.839841442852 642.69671875829226 370.38668374533881 308.31776710947452 438.70008303871145 61.153055582370143 173.20700846111868 386.82485319365514 407.39115575631149 34.680213192710653 2234.5529379670043
leaf_count=6687 52513 10521 19877 769 25538 17297 1499 44277 3341 3155 710 43182 2998 3659 42893 19231 9182 5310 3660 90617 9043 13353 54638 2928 5193 5896 18495 2151 714 19733
internal_value=-5.92828e-11 -0.00106812 -0.0065974 0.00463242 -0.0103077 0.00260289 -0.0213594 -0.0171617 -0.00646114 -0.000347552 -0.00186289 0.00747621 -0.00320041 -0.00532424 -0.0101068 0.00458775 0.000607134 0.00193743 -0.00028455 -0.00299794 -0.0126553 -0.0186877 -0.0353408 0.0111945 -0.00866007 -0.0163128 -0.0193792 0.00998966 0.00767765 0.00853298
internal_weight=15837 15295.6 7764.41 7531.16 5533.02 2231.38 1428.58 1246.05 4104.45 4281.74 4040.19 1812.95 3270.46 2927.37 1974.61 952.751 3450.39 3287.84 2903.63 2471.56 1823.97 1181.27 428.046 3249.43 119.729 589.797 560.032 3115.32 2676.62 2641.94
internal_count=539060 532373 358532 173841 278176 80356 131145 105607 147031 147546 144391 60479 94518 91520 68630 22890 119290 108769 103459 94277 65289 56246 61330 26295 6692 25101 24391 25526 22598 21884
is_linear=0
shrinkage=0.05


Tree=48
num_leaves=31
num_cat=0
split_feature=152 153 152 150 54 153 48 0 15 152 152 52 3 49 29 14 14 47 20 33 41 150 48 153 47 25 150 46 99 32
split_gain=193.225 184.065 123.425 85.166 85.4272 74.2211 67.4072 91.3936 64.3037 55.2252 53.8544 49.0682 80.5844 73.1081 45.8857 44.7619 44.5586 49.1344 43.6829 41.4477 40.6367 40.4155 80.9411 39.5967 38.3211 37.7734 37.6967 37.2739 37.1365 35.9494
threshold=0.45035120232289044 0.071808545714285715 0.64372373473078903 6586112.0979586476 121.50000000000001 0.75235849056603787 12563963.04287879 14790833.325000001 0.019426856000000003 0.77135227607750367 0.93481913222021096 8.5000000000000018 1.0000000180025095e-35 1.0000000180025095e-35 -0.053312198999999998 0.23131412000000004 0.11713077000000001 -0.25078977999999996 0.28863734500000005 -0.0035201942499999994 -0.032270669999999994 256223.33427160507 409928.36989560444 1.0000000180025095e-35 -0.26926230999999995 -0.0080003964999999979 49370260.220523819 -0.13609427999999998 0.11805555555555557 0.043272434000000005
decision_type=2 2 2 2 2 2 2 2 2 2 2 2 2 2 2 2 2 2 2 2 2 2 2 2 2 2 2 2 2 2
left_child=23 9 16 4 5 8 26 19 11 -2 15 13 -13 14 -4 -7 -3 -18 24 -8 -14 -15 -23 -1 -17 -11 -5 -27 -16 -12
right_child=1 2 3 6 -6 10 7 -9 -10 25 29 12 20 21 28 18 17 -19 -20 -21 -22 22 -24 -25 -26 27 -28 -29 -30 -31
leaf_value=0.06510862305518389 -0.01541264723634355 0.00086621634606669359 0.042539220879832827 -0.019486763406512536 0.024318244585559357 0.017074885702196296 -0.034572983448905033 0.029505821107993963 0.025613216626077892 -0.0063289695599807365 0.034516949808767489 -0.068967274312927304 0.026118840658716027 -0.0012886987404679042 0.0033804795036435375 -0.035839012954335815 -0.048488745745791186 -0.013350444814115181 0.037080731643624583 0.00053002378841650148 -0.0023426042250099407 -0.050614892309075503 -0.010502701710421036 0.024374594311955666 0.001804689285907149 -0.020463043061523176 -0.075680524436546118 0.024039908942869257 -0.035368067845392946 -0.003802667014711868
leaf_weight=68.471339769661427 1934.3132836356708 488.35293538193218 73.094219747465104 393.85586049893755 641.11041530314833 897.48194481382961 133.61421881985734 202.36806451925077 262.76641886704601 2935.3455829121522 368.75703602749854 28.408377420390025 403.12164983979892 643.36968978669029 2189.0544448521105 73.010746697196737 114.849184993378 743.74236287664098 81.618762938072905 226.8814470936195 182.05070387813612 154.64513367036125 673.40610990067944 463.61979259850341 913.50157701037824 61.602320795238484 32.291629493818618 199.18452741211513 63.631816941546276 73.385616640094668
leaf_count=639 142429 15271 1532 21578 4011 7304 12088 2068 3996 152489 1182 1829 2874 13842 39327 1412 8370 28515 532 8843 1523 8944 28518 6048 9569 3285 2064 7284 1291 403
internal_value=4.99642e-11 -0.00103751 0.00289353 0.00507142 0.00684065 0.0052583 -0.00874305 0.00261492 0.00158413 -0.00874442 0.01239 0.000152626 0.0132718 -0.00196728 0.00355102 0.00884347 -0.0111921 -0.0180507 0.00192714 -0.0124806 0.0172643 -0.0106897 -0.017994 0.0296164 -0.000981282 -0.00470879 -0.0237449 0.0135275 0.00228595 0.0281568
internal_weight=15720.9 15188.8 10058.4 8711.43 7722.41 7081.3 989.011 562.864 4673.55 5130.45 2407.76 4410.78 613.581 3797.2 2325.78 1965.61 1346.94 858.592 1068.13 360.496 585.172 1471.42 828.051 532.091 986.512 3196.13 426.147 260.787 2252.69 442.143
internal_count=539060 532373 226886 174730 128089 124078 46641 22999 103676 305487 20402 99680 6226 93454 42150 18817 52156 36885 11513 20931 4397 51304 37462 6687 10981 163058 23642 10569 40618 1585
is_linear=0
shrinkage=0.05


Tree=49
num_leaves=31
num_cat=0
split_feature=152 152 153 150 48 0 153 9 21 152 15 42 21 16 38 54 49 3 8 153 53 150 48 36 27 152 23 152 19 30
split_gain=185.054 179.282 110.094 88.8181 83.3452 116.925 65.7243 66.7449 53.3884 53.0126 60.0226 48.4108 71.0932 48.2347 46.8849 45.5187 64.3884 60.4447 57.3031 46.139 44.3053 40.2455 40.2196 40.1482 39.7063 39.6919 41.4287 39.0251 38.4025 38.2516
threshold=0.45035120232289044 0.88842622115583547 0.045529727727272706 2579077.1010208339 2337696.8948684218 1600160.4300000004 0.73205128205128212 0.29517793000000009 -0.016505501499999995 0.5648737936503857 0.015335793000000002 0.33724555000000006 0.19063582000000004 -0.043387729999999992 0.15985924500000001 21.500000000000004 27.500000000000004 1.0000000180025095e-35 -0.10887853049999997 0.5795454545454547 11.500000000000002 1420604.2343659285 4970102.0871428577 -0.17904731499999996 570.50000000000011 0.63063423469862945 0.19211274000000003 0.96220318077861211 0.075635120000000014 0.21215702500000003
decision_type=2 2 2 2 2 2 2 2 2 2 2 2 2 2 2 2 2 2 2 2 2 2 2 2 2 2 2 2 2 2
left_child=-1 2 11 8 -5 14 7 -3 -4 -10 13 21 -13 15 -6 16 18 -18 -11 20 22 -2 -20 -12 29 -7 -27 -8 -28 -9
right_child=1 6 3 4 5 25 27 24 9 10 23 12 -14 -15 -16 -17 17 -19 19 -21 -22 -23 -24 -25 -26 26 28 -29 -30 -31
leaf_value=0.029278328768637552 -0.011211705608393111 0.0097304795846669054 0.020370210409346202 -0.039619259609635513 -0.0052067603214584158 -0.018790657606807103 0.013819163977461435 -0.015054468140761593 -0.01615727513725717 0.0085899198515901835 -0.0058297822683029618 -0.033308729673356852 0.031402352595639997 0.024565749427635682 -0.044141726910226747 0.0076882959982418958 -0.054588562421531518 0.011092948869812727 -0.023617080919990541 -0.0033870008937047363 0.014885832294347515 -0.025357849707160308 0.0087998692803563181 0.025296166383324631 -0.03334352686790814 0.01709637563079729 0.046945054899532872 0.039161881979569421 -0.0060460382725273272 0.0035094243460584229
leaf_weight=521.66721703886287 1506.0739936687714 2110.2375366641209 341.60255547531415 226.60953740480909 110.8250843496935 243.00093039906642 830.17392962728627 389.93768103944603 465.20961125376925 444.25119532652025 139.76414380664937 63.154650512413355 129.42281342903152 186.76897346852638 255.75573374185478 1067.6861395023298 36.664138184045441 784.79436468216591 1005.8590683916118 1049.4291571829235 95.90883952495642 754.74619144700046 105.74126050085761 400.3887181308819 108.03536544711096 372.47046403499553 35.973504650290124 185.92826880561188 689.42773013428086 962.29309881676454
leaf_count=6687 82684 37717 6172 22701 5530 15337 4596 11582 16067 10651 2851 3004 1997 2598 39552 12266 3159 12070 52919 13260 2412 83556 3348 5792 4089 12191 672 554 32910 30136
internal_value=-9.71151e-11 -0.00101162 -0.00461068 -0.0017872 -0.0111281 -0.0073468 0.00723667 0.00404372 0.00116278 2.8091e-05 0.00144416 -0.0138843 0.0101807 -0.000342163 -0.0323709 -0.0013556 -0.00409674 0.00816139 -0.00782455 -0.0110555 -0.0177202 -0.0159342 -0.0205334 0.0172424 -0.00417423 -0.000505477 0.00354173 0.0184564 -0.00341815 -0.00184378
internal_weight=15619.8 15098.1 10511.5 8058.13 1934.06 1707.45 4586.61 3570.5 6124.07 5782.47 5317.26 2453.4 192.577 4777.1 366.581 4590.33 3522.65 821.459 2701.19 2256.94 1207.51 2260.82 1111.6 540.153 1460.27 1340.87 1097.87 1016.1 725.401 1352.23
internal_count=539060 532373 443699 272458 128893 106192 88674 83524 143565 137393 121326 171241 5001 112683 45082 110085 97819 15229 82590 71939 58679 166240 56267 8643 45807 61110 45773 5150 33582 41718
is_linear=0
shrinkage=0.05


Tree=50
num_leaves=31
num_cat=0
split_feature=152 153 152 54 2 1 52 1 0 150 48 150 48 54 153 49 1 41 43 20 53 40 1 53 15 152 150 48 0 153
split_gain=174.668 169.617 92.7604 71.3413 82.4287 72.0178 68.2764 82.8662 80.7139 85.4618 75.0253 64.3778 62.3019 57.5936 55.5707 55.5054 96.0554 66.7988 53.7666 51.176 50.4843 49.8458 47.0924 45.15 41.637 42.8751 39.235 94.1378 67.9121 39.1349
threshold=0.45035120232289044 0.14586524666666667 0.93124092153396854 44.500000000000007 1.0000000180025095e-35 1.0000000180025095e-35 10.500000000000002 1.0000000180025095e-35 6145989.9450000012 2632573.4426875007 4775012.2438627454 5641260.60453125 2099116.520892858 32.500000000000007 0.020007987000000001 13.500000000000002 1.0000000180025095e-35 0.033878529500000004 0.022527609000000004 0.0073380531000000011 7.5000000000000009 0.28142288500000007 1.0000000180025095e-35 8.5000000000000018 -0.10307357449999999 0.92090870067993713 186943.06601762815 227416.75642375171 60307.560000000005 1.0000000180025095e-35
decision_type=2 2 2 2 2 2 2 2 2 2 2 2 2 2 2 2 2 2 2 2 2 2 2 2 2 2 2 2 2 2
left_child=29 3 11 4 6 -5 8 -8 9 23 -10 13 -13 15 -7 17 -17 21 -14 -19 -6 -3 -15 26 25 -12 -2 -28 -29 -1
right_child=1 2 -4 5 20 14 7 -9 10 -11 24 12 18 22 -16 16 -18 19 -20 -21 -22 -23 -24 -25 -26 -27 27 28 -30 -31
leaf_value=0.064509873722483388 -0.0046691894773110516 0.0022327368634031137 0.017877803216343781 -0.062762613937178288 -0.027958220656058904 -0.010132465824598817 0.0054895848606615937 -0.04881781351209253 -0.038399041231078131 -0.037661074051143779 -0.010061916377933657 -0.057944887503688751 0.0043521547468166315 -0.059468514693123836 0.0071157040553315176 0.010482343447418911 -0.054616141361527482 -0.008589099749232415 -0.024822582697213082 0.013115982684224406 0.019301032572567337 -0.017839130575613038 0.01659409044863655 -0.055424532726272326 0.021895970290816587 0.023016451679519229 -0.05098134563458373 -0.038763216468517853 -0.0092276477171999906 0.023375056642214811
leaf_weight=66.437436551786959 888.7484390897007 477.98586260202865 1109.4975920564029 43.251202156723593 67.029770876528346 645.19635792728513 870.19746632943861 76.410309459257405 116.52455227146856 454.97530299730715 448.69268874268164 66.465917265275493 400.17451070343668 20.788942776969634 1690.6234109915677 1724.3308161385648 58.591113730391953 419.02952481230022 260.86609854485141 771.71867451642174 360.05593333176512 876.50127994417562 962.08135711099021 64.939640193333616 241.77895008143969 125.32333644689061 188.15071909287508 227.92007921630284 1332.2500119376018 445.82549116195878
leaf_count=639 39447 9934 6546 5976 4783 30912 22110 11842 22710 96918 16458 5320 10693 658 32463 19493 2734 10193 13292 11385 4952 17873 5908 7323 5376 1691 19789 16824 78770 6048
internal_value=-2.0576e-11 -0.000981119 0.00458977 -0.00605897 -0.00920609 0.00116768 -0.0109947 0.00110588 -0.0137958 -0.0176132 -0.000869505 0.00214828 -0.0118007 0.00405902 0.00235144 0.0015778 0.00834305 -0.00316122 -0.00716106 0.00547787 0.0118838 -0.010756 0.0149853 -0.0142374 0.00449105 -0.00284001 -0.0132231 -0.0175715 -0.0135424 0.02871
internal_weight=15502.4 14990.1 7148.03 7842.07 5463 2379.07 5035.91 946.608 4089.3 3156.98 932.32 6038.53 727.507 5311.03 2335.82 4328.16 1782.92 2545.24 661.041 1190.75 427.086 1354.49 982.87 2702.01 815.795 574.016 2637.07 1748.32 1560.17 512.263
internal_count=539060 532373 114029 418344 348993 69351 339258 33952 305306 259071 46235 107483 29305 78178 63375 71612 22227 49385 23985 21578 9735 27807 6566 162153 23525 18149 154830 115383 95594 6687
is_linear=0
shrinkage=0.05


Tree=51
num_leaves=31
num_cat=0
split_feature=152 152 153 15 152 13 22 27 13 19 28 152 29 150 152 16 19 16 48 47 152 54 8 17 153 20 150 77 21 43
split_gain=167.823 161.875 120.983 82.502 78.7264 74.2677 67.5573 64.6787 59.6876 55.2398 57.8212 49.0579 47.0596 48.2076 45.0943 53.5548 44.5519 43.6041 43.1803 39.8941 39.8136 39.0495 38.8388 38.1227 37.2812 35.5141 33.3659 36.1327 34.0788 32.5275
threshold=0.45035120232289044 0.73352216651216084 0.045529727727272706 0.015335793000000002 0.92408447469306187 -0.060624706999999993 -0.15912276499999997 571.50000000000011 -0.18201399499999996 0.03312381100000001 -0.051745289999999992 0.5502026774843628 -0.0082993211499999987 8048086.6135613639 0.86145845475486837 -0.15041142499999996 0.15775875000000003 -0.11363282699999999 19591841.521250006 -0.24586529999999998 0.57538143808339826 119.50000000000001 0.056944635000000007 -0.0089206604999999984 1.0000000180025095e-35 -0.19323302999999997 5922289.7457639771 0.015864128406121652 1.0000000180025095e-35 -0.020310640999999994
decision_type=2 2 2 2 2 2 2 2 2 2 2 2 2 2 2 2 2 2 2 2 2 2 2 2 2 2 2 2 2 2
left_child=24 5 23 4 6 9 29 8 14 -2 -11 -7 -6 19 15 16 -8 26 -15 -14 -19 25 -18 -3 -1 -16 27 28 -12 -4
right_child=1 2 3 -5 12 11 7 -9 -10 10 17 -13 13 18 21 -17 22 20 -20 -21 -22 -23 -24 -25 -26 -27 -28 -29 -30 -31
leaf_value=0.063920891014498674 0.0094315806960268301 0.012014264059555767 0.028239729344033945 0.028889778425380215 0.036859488975009562 -0.014230773017146906 0.017399926363318954 -0.020972589980642168 0.012517959240506416 -0.036850040723303307 0.0075799293989359685 0.010729787845927765 0.032122878398368235 -0.046381248173844834 0.029834560762690365 0.011110674407637543 -0.0037656350693730427 -0.018926067265194024 0.0097754717043199487 0.0094830835218228469 0.0084537533266841585 0.019704006670823671 -0.019295426698888941 -0.010173319537389411 0.023193273406678424 -0.00062343604345258842 -0.031599422049754577 -0.040089914723871481 -0.01433480295387902 -0.00091380761695351192
leaf_weight=64.455537942238152 251.03512018081528 213.95567421481246 324.56149751419434 346.01242738042492 182.86832372553181 284.46932159680364 135.44310522708111 353.80789215757977 943.75121627925546 274.56111752595461 202.66293579631019 639.12849214176822 225.68544332415331 68.406964964466169 100.73304900969379 355.5382927513856 720.60697414531023 200.61763732997497 68.517908322974108 1411.9175875383662 392.61317442191648 319.71003293292597 912.29942663438851 2034.8247601698677 438.12039652850945 1917.683913829329 300.20158565109887 119.49515794323815 1423.079953210181 135.67183611694782
leaf_count=639 9689 9797 3665 4754 1373 13485 2241 12988 19393 22903 6693 20323 1526 2703 928 8951 25090 10106 1378 14161 14236 2276 44952 126642 6048 38666 33553 11176 64798 3927
internal_value=6.66314e-11 -0.000961079 0.00225371 0.00497551 0.00396359 -0.00943241 0.0012114 -0.000261628 0.00109391 -0.0130735 -0.0150127 0.0030419 0.0127089 0.0102202 -0.00132237 -0.00659629 -0.0101564 -0.0127405 -0.0182801 0.0126032 -0.000805501 0.00346831 -0.0124421 -0.00806233 0.0284166 0.00089663 -0.016202 -0.0135534 -0.0116029 0.0196456
internal_weight=15362.4 14859.9 10772 8523.22 8177.2 4087.86 6219.81 5759.57 5405.77 3164.27 2913.23 923.598 1957.4 1774.53 4462.01 2123.89 1768.35 2638.67 136.925 1637.6 593.231 2338.13 1632.91 2248.78 502.576 2018.42 2045.44 1745.24 1625.74 460.233
internal_count=539060 532373 325411 188972 184218 206962 163077 155485 142497 173154 163465 33808 21141 19768 123104 81234 72283 140562 4081 15687 24342 41870 70042 136439 6687 39594 116220 82667 71491 7592
is_linear=0
shrinkage=0.05


Tree=52
num_leaves=31
num_cat=0
split_feature=152 153 152 54 19 152 25 150 27 150 0 150 48 46 152 10 13 23 43 47 44 76 17 1 34 152 41 48 150 0
split_gain=161.385 155.196 81.8959 73.1585 68.9109 68.6062 59.2927 57.0144 53.738 59.0822 84.9584 62.1831 56.0089 52.4777 48.865 63.02 48.0564 44.8929 44.5513 44.0236 39.5995 39.507 39.1043 38.6722 37.8317 36.9976 36.4949 35.8521 73.8803 47.0605
threshold=0.45035120232289044 0.26682741333333332 0.76405086084293938 58.000000000000007 0.12858796000000003 0.95753826061075575 -0.0080003964999999979 23646.378124999934 546.50000000000011 1241970.9374102566 2036902.7050000003 3147941.8637976549 3598809.3339285725 -0.097734201999999978 0.62208836405585244 -0.017261188499999996 -0.19048760499999998 0.27108080000000007 -0.042000727999999994 -0.12650262999999998 0.19895191500000001 0.0066416526501918505 0.076975742000000014 1.0000000180025095e-35 -0.27252984999999996 0.63869577167186531 0.25386757500000007 409928.36989560444 418899.94211538468 130237.88500000002
decision_type=2 2 2 2 2 2 2 2 2 2 2 2 2 2 2 2 2 2 2 2 2 2 2 2 2 2 2 2 2 2
left_child=-1 2 4 5 25 7 8 -3 9 18 11 19 22 -8 -9 -16 27 -6 -4 -11 -19 26 -12 -24 -18 -2 -20 28 -17 -29
right_child=1 3 6 -5 17 -7 13 14 -10 10 12 -13 -14 -15 15 16 24 20 21 -21 -22 -23 23 -25 -26 -27 -28 29 -30 -31
leaf_value=0.028134009815928892 -0.0057628759917965327 0.023460678111486191 -0.0080107740012712505 0.026053875744031858 -0.0095619273689023024 0.026329186137025808 -0.0016843512856463136 -0.013834045438384186 -0.017441123866068914 -0.0047110233729818849 0.0070864023503962774 -0.042327204158219105 0.0049482188119905858 0.029977428180244549 0.021168099449581042 -0.0066124487640387801 -0.010097559347033901 -0.037336141950042874 0.0018232472676583018 -0.055133394927322978 -0.016023081301628297 0.017988936663530096 0.0057204036671684227 -0.04321180758153334 0.016751450340896989 0.021063966417819446 0.0573167505798437 -0.0243083580976928 -0.060267083239632084 0.0027024320997087845
leaf_weight=493.2726501445286 312.86124800817561 305.77292285859585 686.05983583227498 411.80209634127095 1734.4990214012068 325.42091498780064 253.43801137170522 485.16404580048402 572.19180569249147 364.98424820578657 97.608677684038412 248.56835893614334 1030.5334676054772 270.60994101893448 424.91749664506642 467.75415647565387 164.15444295387715 320.95733682504215 1716.8489554286352 49.114324245834723 679.01317047013436 565.19541885814397 53.742737724503968 162.37580285745207 653.5825173498597 218.12579435294901 30.147241011727601 175.95514198724413 74.357585060119163 1930.6038221750641
leaf_count=6687 16892 1989 28373 1604 108653 1237 10441 13079 29632 16094 5470 37996 35881 6513 3880 5103 2882 40862 42759 4167 41592 8944 3841 16260 6049 7593 209 3534 3073 27771
internal_value=-3.30744e-11 -0.00093855 -0.00483492 0.00579583 -0.0112256 0.00412992 -0.00141465 0.00258706 -0.00292552 -0.0012661 -0.00790592 -0.0225581 -0.000682994 0.0146653 0.00112868 0.0029942 0.00076642 -0.0144263 0.00317838 -0.0106914 -0.0228639 0.00649836 -0.0191804 -0.0310437 0.0113617 0.0052574 0.00278088 -0.00250472 -0.0139719 0.000446294
internal_weight=15279.6 14786.4 9366.88 5419.49 3265.46 5007.68 6101.42 4682.26 5577.37 5005.18 2006.93 662.667 1344.26 524.048 4376.49 3891.33 3466.41 2734.47 2998.25 414.099 999.971 2312.19 313.727 216.119 817.737 530.987 1747 2648.67 542.112 2106.56
internal_count=539060 532373 462172 70201 215592 68597 246580 67360 229626 199994 119709 58257 61452 16954 65371 52292 48412 191107 80285 20261 82454 51912 25571 20101 8931 24485 42968 39481 8176 31305
is_linear=0
shrinkage=0.05


Tree=53
num_leaves=31
num_cat=0
split_feature=152 153 54 1 2 49 1 53 152 152 15 53 150 0 36 48 15 153 54 25 14 93 14 0 40 43 0 9 27 46
split_gain=156.001 141.064 88.8234 79.6412 75.5081 84.149 127.913 64.6662 62.6937 61.63 65.4719 61.2801 59.1374 60.7955 57.7644 56.9368 55.2329 51.4158 50.6969 49.9882 47.6667 43.9604 43.4319 42.6708 42.574 53.356 41.2582 39.8652 40.0846 36.9597
threshold=0.31840728732322959 0.33489576666666671 121.50000000000001 1.0000000180025095e-35 1.0000000180025095e-35 87.500000000000014 1.0000000180025095e-35 8.5000000000000018 0.93481913222021096 0.84237223596111843 -0.11109038999999998 3.5000000000000004 1492189.3613241108 284725.00000000006 -0.17240463499999995 3678535.6403954807 -0.17267787499999998 0.010479060333333302 55.000000000000007 -0.0026384162499999996 -0.010751250249999999 0.061920098151982163 0.19369978000000002 985037.16000000003 0.41240402500000006 -0.040399389499999994 5960863.0000000009 0.24416961000000001 571.50000000000011 -0.23593225499999998
decision_type=2 2 2 2 2 2 2 2 2 2 2 2 2 2 2 2 2 2 2 2 2 2 2 2 2 2 2 2 2 2
left_child=-1 2 4 -4 5 7 17 9 18 10 22 -6 13 -5 -12 -14 -17 -7 20 27 -3 -15 -2 -23 -22 -26 -16 -11 -29 -27
right_child=1 8 3 12 11 6 -8 -9 -10 19 14 -13 15 21 26 16 -18 -19 -20 -21 24 23 -24 -25 25 29 -28 28 -30 -31
leaf_value=0.039372423462244628 -0.0095578419023862795 0.022962746207624691 -0.063726646548227975 0.070146884986804742 -0.035371381593242934 -0.026379018233052789 -0.053918668848079138 -0.053920065572330381 0.020307099308690384 0.0014767828246827189 -0.018335336377619724 0.018396158291572064 -0.035498637901868559 0.022484337177674354 -0.0033027819924914496 0.012199271688572981 -0.015003382864978404 0.013853632330285241 0.026778587389653732 0.024056970207959525 0.0033245185812599241 0.041612055065381494 -0.023394965495795467 -0.011441340096148054 0.015189715814590317 -0.081718085147332364 0.021610211430565119 -0.0079056275619079058 -0.035348048944304385 -0.018142115576073082
leaf_weight=247.4819533531554 914.30936611687503 269.99710245942697 40.075832074187929 51.087871571071446 59.864317655519699 86.907198544824496 83.770942224713508 81.037359933223343 694.21825629309751 1255.5033520162688 452.05810181057677 461.69027321768226 105.91233832715079 509.61283454252407 565.30496087223946 575.22346592636313 276.20067884773016 920.61023049699725 231.68933088239282 154.75144004420144 3116.3805470035004 45.609386457130313 1493.327818333506 224.23582351021469 127.28948047087761 24.546849286416546 235.38558623773861 1393.2667670304654 147.11881942558102 332.72362042614259
leaf_count=2449 61733 3175 5832 140 4127 4550 12410 10317 3130 36842 30371 7299 5298 4535 34213 13867 9141 14259 885 3544 43707 345 139150 4273 1546 579 6793 60425 7408 6717
internal_value=-5.14583e-11 -0.000652656 -0.00399664 0.00598155 -0.0061929 -0.00742704 0.00544719 -0.00952647 0.00641119 -0.0089823 -0.0133167 0.0122247 0.00754408 0.0173071 -0.00404629 -0.000925882 0.00337477 0.0103832 0.00405982 -0.00360534 0.00270002 0.0138438 -0.0181403 -0.00247423 0.00118073 -0.0126068 0.0040211 -0.00513644 -0.0105266 -0.0225102
internal_weight=15177.2 14929.7 10132.9 1827.96 8304.91 7783.35 1091.29 6692.06 4796.85 6611.03 3660.39 521.555 1787.88 830.546 1252.75 957.336 851.424 1007.52 4102.63 2950.64 3870.94 779.458 2407.64 269.845 3600.94 484.56 800.691 2795.89 1540.39 357.27
internal_count=539060 536611 476872 43431 433441 422015 31219 390796 59739 380479 272260 11426 37599 9293 71377 28306 23008 18809 56609 108219 55724 9153 200883 4618 52549 8842 41006 104675 67833 7296
is_linear=0
shrinkage=0.05


Tree=54
num_leaves=31
num_cat=0
split_feature=152 153 152 19 152 54 15 52 153 36 1 3 25 150 29 19 150 47 0 50 22 150 153 24 150 54 13 150 54 101
split_gain=147.768 142.69 106.331 87.2407 87.3654 67.1027 77.8032 68.4258 71.509 58.3024 50.9411 48.712 48.2037 41.5961 42.0358 41.0336 39.9181 39.3553 39.3452 37.8139 36.5799 36.5534 36.4785 34.2044 34.9268 35.2691 33.6598 38.4689 39.5329 32.1842
threshold=0.45035120232289044 0.045529727727272706 0.65126507419805779 0.13415542500000002 0.91616956347643719 32.500000000000007 -0.073341377499999985 8.5000000000000018 0.46504065040650416 -0.16527782999999999 1.0000000180025095e-35 1.0000000180025095e-35 0.050158213000000007 18694353.369607147 -0.0082993211499999987 0.015269565500000002 541509.51579487184 -0.17759929499999996 2100214.5900000003 25.500000000000004 -0.11794129499999999 29179821.995683145 1.0000000180025095e-35 -0.052993813499999994 64250.510995061748 121.50000000000001 0.078731620000000016 230098.29557354932 24.500000000000004 1.0000000180025095e-35
decision_type=2 2 2 2 2 2 2 2 2 2 2 2 2 2 2 2 2 2 2 2 2 2 2 2 2 2 2 2 2 2
left_child=22 29 15 -4 5 6 7 8 12 -8 -7 -9 16 14 -6 -3 -5 -15 -18 -13 -10 -12 -1 -16 -25 -26 27 -17 -29 -2
right_child=1 2 3 4 13 10 9 11 20 -11 21 19 -14 17 23 26 18 -19 -20 -21 -22 -23 -24 24 25 -27 -28 28 -30 -31
leaf_value=0.063196482023636064 -0.014539403989137107 0.013658620549889297 0.025808355195172113 -0.0074488892278429947 0.034198723208589812 -0.06366485164208055 -0.0071901402508950498 -0.059516125245078016 0.015741568287848662 0.018718886204344403 0.010870871986647046 0.022120980913657384 0.011738803217822712 -0.0038330629490473454 0.032077620210305087 -0.00089371946778385816 -0.032237955902989467 -0.083774217728495748 -0.013998840630288787 -0.011114171488307968 -0.0036527333159531218 -0.030776184291891159 0.022062397495391357 0.028961179725988485 0.0030015630836163132 0.023621048027941918 0.007148994142693238 -0.026673063840033373 -0.0039473101077140667 -0.0043692445966117639
leaf_weight=61.966969069093466 1842.154399570838 165.24684360934771 427.02036440442316 794.44587983854581 202.45409715280402 24.103816347487736 328.02077260115766 23.144141163444147 295.72948452539276 642.30126440594904 1644.5991466013948 383.46089324195054 167.96517155348556 62.037763319676742 165.31451460765675 336.71740807709284 521.00402038947504 20.477725889766589 683.69394067279063 110.17447995190741 1366.8673687367118 54.430217871093191 413.91943075874588 184.61415913514793 1411.1377508269507 243.11486980388872 188.54052775043965 705.98518305621837 262.52494631256559 1346.5104169641127
leaf_count=639 145490 5353 6932 27370 1760 1692 9147 2869 2793 12601 20908 4476 6576 1544 1166 9058 55646 883 44330 1111 20097 2203 6048 1325 18520 1559 5473 48607 7403 65481
internal_value=8.26095e-12 -0.000893477 0.00171868 0.00370865 0.00269708 -6.20564e-05 -0.00284106 -0.00569886 -0.00800339 0.00996025 0.00851269 0.0113793 -0.0139878 0.0111824 0.0124857 -0.00998368 -0.0161493 -0.0236719 -0.0218868 0.0147032 -0.000203029 0.00953666 0.0274186 0.0102924 0.00833388 0.00603188 -0.0125991 -0.0154517 -0.020513 -0.0102447
internal_weight=15079.7 14603.8 11415.1 9756.11 9329.09 7039.94 5316.81 4346.49 3829.71 970.322 1723.13 516.78 2167.11 2289.15 2206.64 1659.01 1999.14 82.5155 1204.7 493.635 1662.6 1699.03 475.886 2004.18 1838.87 1654.25 1493.77 1305.23 968.51 3188.66
internal_count=539060 532373 321402 245508 238576 211819 187016 165268 156812 21748 24803 8456 133922 26757 24330 75894 127346 2427 99976 5587 22890 23111 6687 22570 21404 20079 70541 65068 56010 210971
is_linear=0
shrinkage=0.05


Tree=55
num_leaves=31
num_cat=0
split_feature=152 153 150 48 0 50 54 48 0 38 152 150 153 17 1 54 53 27 150 153 76 152 16 54 19 49 34 150 48 69
split_gain=141.95 133.22 91.5312 100.045 68.8882 61.7295 61.4252 96.9978 77.3986 65.7376 59.313 54.0089 52.4006 47.2743 53.1244 45.7466 44.7042 50.0402 43.2266 42.8973 48.355 44.2628 42.3655 41.4707 41.2085 41.051 39.8334 38.1239 71.1791 38.4335
threshold=0.45035120232289044 0.071808545714285715 1241970.9374102566 345786.80252777785 200010.00000000003 1.5000000000000002 1.0000000180025095e-35 3172592.2662820518 1586813.2500000002 0.23711201500000004 0.90586094375549309 19716583.720273815 0.73205128205128212 0.038038620000000002 1.0000000180025095e-35 12.500000000000002 33.500000000000007 546.50000000000011 1671595.5964473686 0.010479060333333302 1.0000000180025095e-35 0.93302652091720506 -0.037698554999999988 21.500000000000004 0.18191916500000002 24.500000000000004 -0.15225943499999997 256223.33427160507 181223.50711038965 0.11502507979936162
decision_type=2 2 2 2 2 2 2 2 2 2 2 2 2 2 2 2 2 2 2 2 2 2 2 2 2 2 2 2 2 2
left_child=-1 16 10 -4 5 26 -6 11 9 -9 22 13 15 -8 25 -10 17 19 -16 -2 21 -21 23 24 -3 -15 -5 -26 -29 -30
right_child=1 2 3 4 6 -7 7 8 12 -11 -12 -13 -14 14 18 -17 -18 -19 -20 20 -22 -23 -24 -25 27 -27 -28 28 29 -31
leaf_value=0.027125613337001392 -0.022749157840220621 0.011779834215605219 -0.059224496126871119 -0.053695707331667258 0.020546215391985301 0.0060084891686068096 0.0069712330964403907 -0.0061076294498729582 -0.01095100204498748 -0.053815403368191329 0.014734232779090138 -0.077856067923931904 0.026891923275789816 -0.020812778687352318 -0.011254317260540622 0.0088163375760819101 0.019145051360033236 -0.023376661123990186 -0.044054719530143532 -0.010758059507243707 0.0038513449851760085 0.0096902645094311523 0.02447479050908424 0.011957319822842122 0.0031174033935430106 0.038382442505707666 0.01079572474723383 -0.055241588243476816 -0.0043450005680450059 -0.052707523516936632
leaf_weight=467.25095197054907 377.92381889431999 585.09729520669498 79.476809933607001 152.83760278412956 314.45144716791401 95.929178995662369 180.32750443735858 324.37254290495184 401.96478543525154 92.882265439846378 1555.99226397858 36.098010460613295 283.9949861097266 62.153827995818574 167.20377037842991 1076.6053364927939 151.6600801096065 501.00583540090884 251.58026933929068 2492.2901698440182 1085.6331173868093 296.08503723231843 226.15171900558926 874.27946349536069 1363.6311268489662 55.387914846360218 28.39090886800841 77.387350148230325 1276.0675916046021 42.44668122852454
leaf_count=6687 26874 9153 9334 12158 5836 1718 4377 12921 21918 13762 11419 3055 2352 2153 3488 29036 2470 39342 13211 186242 41167 9392 2897 7029 23747 699 1312 3867 29988 1456
internal_value=3.21583e-11 -0.00087354 0.00255012 -0.00374863 -0.00249754 -0.0264248 -0.000455175 -0.0027071 0.00263661 -0.0167275 0.00633255 -0.0181814 0.00722071 -0.0151756 -0.0226219 0.00344238 -0.00757813 -0.00843083 -0.0309588 -0.00666976 -0.00510115 -0.00858674 0.00339154 0.00226139 -0.000273105 0.00708114 -0.0435926 -0.00282866 -0.00863727 -0.00590193
internal_weight=14976.6 14509.3 9604.71 3603.66 3524.18 277.158 3247.02 2932.57 2179.82 417.255 6001.05 752.751 1762.57 716.653 536.326 1478.57 4904.6 4752.94 418.784 4251.93 3874.01 2788.38 4445.06 4218.91 3344.63 117.542 181.229 2759.53 1395.9 1318.51
internal_count=539060 532373 226886 137330 127996 15188 112808 106972 79989 26683 89556 26983 53306 23928 19551 50954 305487 303017 16699 263675 236801 195634 78137 75240 68211 2852 13470 59058 35311 31444
is_linear=0
shrinkage=0.05


Tree=56
num_leaves=31
num_cat=0
split_feature=152 153 150 54 48 0 153 15 36 36 152 36 53 54 36 153 54 150 10 12 33 49 17 83 24 145 92 153 153 49
split_gain=135.79 121.566 81.3982 72.2457 59.9081 79.4018 58.6706 50.0976 56.3493 46.1666 46.0638 42.3018 41.4727 48.5216 40.5979 39.9894 39.8568 42.6152 44.8425 39.4991 59.0817 37.2176 35.7385 32.9672 32.5315 32.5187 32.4844 31.2499 32.7266 39.6781
threshold=0.31840728732322959 0.071808545714285715 6070641.2754473696 121.50000000000001 4090810.6182888201 4486637.9900000012 0.51000000000000012 -0.11605585699999998 -0.20363692499999997 -0.17360346999999995 0.93876938304679891 -0.134613185 33.500000000000007 70.000000000000014 -0.14512347999999997 0.010479060333333302 14.500000000000002 23646.378124999934 0.007634008700000001 -0.09247557499999999 -0.010593642999999998 1.0000000180025095e-35 0.15132558500000001 0.095454545454545472 -0.20436175999999998 0.010336538461538402 0.19375000000000003 1.0000000180025095e-35 0.026411662736842104 33.500000000000007
decision_type=2 2 2 2 2 2 2 2 2 2 2 2 2 2 2 2 2 2 2 2 2 2 2 2 2 2 2 2 2 2
left_child=-1 12 3 6 22 9 7 11 -9 -6 16 14 13 27 -3 -15 17 -8 -19 20 -20 -13 -4 -18 -23 -12 -21 -2 -29 -30
right_child=1 2 4 -5 5 -7 10 8 -10 -11 25 21 -14 15 -16 -17 23 18 19 26 -22 24 -24 -25 -26 -27 -28 28 29 -31
leaf_value=0.037744788929892505 0.080525939480953462 -0.0026349752381920042 -0.010829596216385004 0.020422560611765173 -0.010239442750044776 0.0066348859035323272 0.021871429087370102 -0.014382712514954273 0.013163334320131802 -0.048666682311345161 0.024354012353650076 -0.00084138169187703807 0.018423843979718215 -0.018336694822359351 0.027117593096306927 0.0033845263046591635 0.017055906947103721 0.014078210379225888 0.012484792175027896 -0.0068814998247609437 -0.033477356944317062 0.035793964815137663 -0.051098398142987604 -0.0889598288997063 -0.02934147368422509 -0.060241550535025605 -0.035770884680378943 -0.018663201105799374 -0.01178541654325488 0.0036188046065592145
leaf_weight=234.53053947491571 9.2705711859707645 2440.0800414154 100.12826661832514 647.77350859041326 231.07230602993513 612.88697900273837 249.50127948541194 229.46941098938987 972.3667485780461 118.11296736530494 467.77169084723573 249.69798119770712 155.94817988213617 255.34807716924115 120.30859920242801 1245.1084265072859 702.03820650849957 440.68336690572323 513.72004633909091 879.66971069923602 80.93390386417741 20.273731446592137 122.51648911842494 7.4104031072929493 351.92626998970809 11.642735408619044 109.4078604929382 1056.7246117488903 1701.2140245323062 554.22114990231057
leaf_count=2449 232 61831 5162 4635 13428 15141 1531 7460 21650 20767 1909 8548 2500 16576 1320 34188 5637 4547 5937 11431 1673 643 10256 93 22251 95 3418 82496 144740 26516
internal_value=1.79198e-11 -0.000603955 0.00266152 0.00437385 -0.00961624 -0.00420736 0.003049 -0.000793391 0.0079039 -0.0232376 0.00791375 -0.00407805 -0.00695367 -0.00777442 -0.00123695 -0.000311997 0.00560201 0.00237395 -2.90429e-05 -0.00395448 0.00622923 -0.015775 -0.0329886 0.0159485 -0.0257935 0.0222996 -0.0100771 -0.0111456 -0.0114022 -0.00800018
internal_weight=14891.8 14657.2 9679.39 8494.68 1184.72 962.072 7846.9 4384.12 1201.84 349.185 3462.78 3182.29 4977.84 4821.89 2560.39 1500.46 2983.36 2273.92 2024.41 1583.73 594.654 621.898 222.645 709.449 372.2 479.414 989.078 3321.43 3312.16 2255.44
internal_count=539060 536611 229363 164609 64754 49336 159974 123703 29110 34195 36271 94593 307248 304748 63151 50764 34267 28537 27006 22459 7610 31442 15418 5730 22894 2004 14849 253984 253752 171256
is_linear=0
shrinkage=0.05


Tree=57
num_leaves=31
num_cat=0
split_feature=152 152 153 19 150 152 54 150 48 14 22 43 111 25 27 27 25 153 54 152 12 14 150 48 53 3 152 11 152 0
split_gain=129.92 129.675 89.0622 79.4425 70.8985 64.4552 52.4735 51.7076 81.9584 52.1699 50.7938 86.9062 47.5536 48.7092 45.5155 37.2065 36.1777 34.6303 33.7717 38.1258 40.3076 40.0379 33.4944 65.1407 37.7936 33.3394 32.1619 31.8876 31.8742 31.8361
threshold=0.45035120232289044 0.78537603865405703 0.30003575000000005 0.11305967500000001 5922289.7457639771 0.63869577167186531 24.500000000000004 418899.94211538468 478304.16325899289 0.11507908200000001 0.20831501000000002 0.040536390500000005 1.0000000180025095e-35 -0.0026384162499999996 571.50000000000011 236.50000000000003 0.0060256121000000001 1.0000000180025095e-35 58.000000000000007 0.96220318077861211 -0.18278230499999998 0.22769578000000004 256223.33427160507 314138.80015476194 1.5000000000000002 1.0000000180025095e-35 0.90886048483031134 -0.091996727999999986 1.0000000180025095e-35 2501250.0000000005
decision_type=2 2 2 2 2 2 2 2 2 2 2 2 2 2 2 2 2 2 2 2 2 2 2 2 2 2 2 2 2 2
left_child=17 3 10 5 6 -2 7 -5 -9 -10 12 29 13 14 15 26 18 -1 19 20 -4 -22 24 -24 -17 -8 -3 -23 -19 -12
right_child=1 2 16 4 -6 -7 25 8 9 -11 11 -13 -14 -15 -16 22 -18 28 -20 -21 21 27 23 -25 -26 -27 -28 -29 -30 -31
leaf_value=0.062259856430597262 -0.0050534771411029746 -0.015009342879408416 0.01956111913036487 -0.003512903538639746 -0.023757995664035584 0.024761497263912684 0.0044581867593097716 -0.046975739546143216 0.0030844943967508606 -0.018724082958906412 0.00098418063171629155 0.028237832073230041 0.012382465726239909 0.014675706099206843 -0.023954717997830659 0.0045647363182981272 0.028631707984664342 0.06678369429042659 0.026690257858793334 0.02576526220041547 0.01197912923955158 0.014470438689040833 -0.045622536530512237 -0.0010303274448268465 0.03695832431785092 -0.05192619163171909 -0.0010361326735542254 -0.0061593524097197502 0.016624430536909356 -0.058167248426449408
leaf_weight=58.598317807540298 399.43915662993459 1019.7358889207972 386.53051078942372 1515.90534904179 713.2710610860704 331.88601860069321 1015.7935540813487 193.58354854346544 393.91353785542015 902.5069391979705 48.030156183289364 322.64850067936641 509.76851607111166 335.92713352906867 297.69661750254454 498.08357647294179 232.7073210068047 34.742432867642492 226.4676787131466 236.36935731186531 673.87174458336085 222.94043260160834 85.938558762252796 1741.987322460438 109.91003407456446 26.911390591369127 690.75210791471181 1172.2031866138568 358.39275877751061 43.213135014928412
leaf_count=639 17862 52658 2965 49976 78334 7888 28021 19744 17542 58979 1806 5398 8918 10702 16517 15271 1541 223 796 899 5809 2408 8534 79255 1509 3396 17855 14878 5825 2912
internal_value=-4.01879e-11 -0.00083124 0.00291268 -0.00686626 -0.00922266 0.00847699 -0.00666187 -0.0100145 -0.016629 -0.0120976 -0.000814494 0.0160539 -0.00213433 -0.00368248 -0.00507017 -0.00371433 0.00965914 0.0264019 0.00814629 0.00658621 0.00474005 0.00197119 0.000254589 -0.0031268 0.0104207 0.00300295 -0.00936649 -0.00286276 0.0210571 -0.0270301
internal_weight=14799.7 14348 8854.78 5493.21 4761.89 731.325 4048.61 3005.91 1490 1296.42 5703.69 413.892 5289.8 4780.03 4444.1 4146.41 3151.09 451.734 2918.38 2691.92 2455.55 2069.02 2435.92 1827.93 607.994 1042.7 1710.49 1395.14 393.135 91.2433
internal_count=539060 532373 250631 281742 255992 25750 177658 146241 96265 76521 221335 10116 211219 202301 191599 175082 29296 6687 27755 26959 26060 23095 104569 87789 16780 31417 70513 17286 6048 4718
is_linear=0
shrinkage=0.05


Tree=58
num_leaves=31
num_cat=0
split_feature=152 153 152 150 0 48 38 41 150 54 14 43 22 22 27 22 64 48 150 47 46 43 111 0 153 21 22 19 150 47
split_gain=129.434 110.58 69.1819 48.0655 101.507 104.366 59.7035 50.1986 45.3525 45.0129 41.9693 45.0444 70.0992 58.3757 42.8039 40.9957 40.4917 36.5872 36.2386 40.3208 36.4485 36.2101 35.5071 34.7143 34.5757 33.7699 33.3054 31.4675 30.7574 30.6914
threshold=0.31840728732322959 0.12509204500000001 0.91616956347643719 1241970.9374102566 2036902.7050000003 4663713.1157692317 0.16804670000000002 0.14835673000000002 7154686.7055860823 83.500000000000014 0.028786125500000006 -0.031114238499999999 0.044664046000000006 0.028515421000000003 482.50000000000006 -0.23018873999999998 0.021716101694915203 414552.2720175439 877665.27129072684 -0.14665704999999998 -0.16346818999999999 0.075404492000000017 1.0000000180025095e-35 3391870.8150000004 0.026411662736842104 -0.027830656499999998 0.10430630250000002 0.13819206500000003 2028057.0674844722 -0.18084537499999997
decision_type=2 2 2 2 2 2 2 2 2 2 2 2 2 2 2 2 2 2 2 2 2 2 2 2 2 2 2 2 2 2
left_child=-1 3 9 7 6 8 -5 22 17 10 -3 12 15 14 21 -12 -8 -6 20 -20 -4 -13 24 -14 -2 -26 -9 -7 -18 -25
right_child=1 2 18 4 5 27 16 26 -10 -11 11 13 23 -15 -16 -17 28 -19 19 -21 -22 -23 -24 29 25 -27 -28 -29 -30 -31
leaf_value=0.037948946622773698 -0.013124591197799402 0.013461752392082133 0.035068157542836431 -0.008988900552030988 -0.051826591043713538 0.026188060183305641 -0.043681117815166343 0.0023626209063319992 -0.04592980087680007 0.016742058131397279 0.032178756309417182 -0.0030806278332729965 -0.0063380148414769258 0.0028684080198927587 -0.026166222895325761 0.0066744136713526902 0.016019024485189336 -0.0085878518699780224 0.012399661070185052 -0.013632362194717597 0.012965910631346864 -0.022769993327673772 0.0096722287519908304 0.0049296078561133841 0.025164018464971849 -0.0031076539288586828 0.037119074558425155 0.0011943596852400616 -0.03809461460622128 -0.062590160055729524
leaf_weight=221.31229768227786 935.37597753835144 518.78589721703611 267.78230435168371 349.55239529786923 55.396041637577582 140.47634073176596 380.73846613015121 144.93864465246952 141.09962626844572 429.60818230838049 180.51303552307945 1156.1865720249189 294.93404502095655 1328.7524286207044 367.36055505016702 1239.2176202059927 57.446846441482194 418.76901252402422 486.71917715319432 214.21653272304684 614.73718674795236 292.60665462735051 474.49906900576025 23.652579187299125 110.45812625567487 2414.0519890052237 131.42641612880107 1216.4551439440838 48.36763507919386 58.351297578250524
leaf_count=2449 57449 8442 1051 20519 11242 4705 75659 4233 23623 3473 2087 23736 5865 29902 9988 19396 3132 31756 4212 2376 4046 15096 8270 695 2996 95414 1706 56183 6904 2455
internal_value=-5.92889e-11 -0.000579512 0.00365318 -0.00508621 -0.0101527 -0.00396325 -0.0247522 -0.00170719 -0.0210446 0.00115886 -6.71894e-05 -0.00148751 0.00482828 -0.00509569 -0.0109225 0.00991719 -0.036077 -0.0136394 0.0129313 0.00444388 0.0196724 -0.00705721 -0.0031541 -0.014339 -0.00491314 -0.00187065 0.0188912 0.00378183 -0.00871624 -0.0431153
internal_weight=14713.8 14492.5 7473.42 7019.05 2808.3 1972.2 836.105 4210.75 615.265 5889.97 5460.36 4941.57 1796.67 3144.91 1816.15 1419.73 486.553 474.165 1583.46 700.936 882.519 1448.79 3934.39 376.938 3459.89 2524.51 276.365 1356.93 105.814 82.0039
internal_count=539060 536611 132820 403791 233723 127509 106214 170068 66621 121135 117662 109220 30498 78722 48820 21483 85695 42998 11685 6588 5097 38832 164129 9015 155859 98410 5939 60888 10036 3150
is_linear=0
shrinkage=0.05


Tree=59
num_leaves=31
num_cat=0
split_feature=152 152 153 13 8 150 48 19 114 0 16 19 152 17 11 49 27 153 76 150 152 153 152 8 152 38 22 15 153 9
split_gain=123.282 120.034 86.3541 54.0035 48.2542 47.4448 71.7188 46.6452 45.4827 43.7645 43.5628 42.1408 41.2049 40.0563 40.0411 40.0848 39.837 38.5383 42.3526 35.2072 34.7235 33.2681 31.8363 33.3953 31.5834 33.9306 30.6019 31.0615 30.2039 30.0891
threshold=0.45035120232289044 0.72369662166972704 0.14586524666666667 -0.067811014999999988 -0.035209531999999995 1467147.5372916667 3689144.2403954812 0.12155913700000001 0.10472972972972971 1569170.0000000002 -0.11363282699999999 1.0000000180025095e-35 0.5502026774843628 -0.034004613499999996 0.085283322000000009 12.500000000000002 571.50000000000011 0.010479060333333302 1.0000000180025095e-35 5922289.7457639771 0.57538143808339826 1.0000000180025095e-35 0.95753826061075575 -0.18008792999999998 0.86145845475486837 0.072664540000000014 -0.20644604499999997 -0.017095996999999998 0.026411662736842104 0.088667267500000022
decision_type=2 2 2 2 2 2 2 2 2 2 2 2 2 2 2 2 2 2 2 2 2 2 2 2 2 2 2 2 2 2
left_child=21 3 7 10 -4 8 14 -3 24 -8 11 -2 -5 -9 15 -7 17 -15 22 -13 -12 -1 23 -19 26 -26 -6 29 -22 -28
right_child=1 2 4 12 5 6 9 13 -10 -11 20 19 -14 16 -16 -17 -18 18 -20 -21 28 -23 -24 -25 25 -27 27 -29 -30 -31
leaf_value=0.061638545388317104 0.0098477972772461602 0.029283129141527406 0.015763788737598931 -0.013699518670180898 0.036911502877078547 -0.03676608644518764 -0.015698481198536309 0.015288542052153117 -0.018526761611695843 0.011094732161924276 -0.01593635907738223 -0.014495303470230031 0.0094970075998683408 -0.022989186888198555 0.0065069202032371669 0.00098933201921909647 -0.021300406807986096 0.021955567786807979 0.006011563483623257 -0.032813908545174596 -0.03138247767839205 0.020872205290347591 0.018124175173885631 -0.0070013450037868909 -0.01452533135325842 0.0158746614816467 0.016305517079643138 0.02168202691389521 0.013314212294705653 -0.0083949662132654767
leaf_weight=57.787113474681973 153.43980227944849 112.92342093505431 1111.7168357879564 280.08916410573511 60.676065943436697 274.44780700810952 197.42956752266036 277.72496493824292 154.13175693259109 668.37484732433222 228.32741813473331 1687.3412012030894 604.90337913684925 230.50657199363923 116.70128203637432 94.510217820934486 319.57478790845198 102.97844113050087 1198.7300703392102 310.56988713323153 42.31391654098843 373.5589511122962 142.52666465239599 3006.5803769247868 98.035137904109433 1440.3560304491548 152.86121159081813 143.33053593849763 354.03900328290183 637.39634973043576
leaf_count=639 5894 3429 12782 13922 378 7477 6818 10635 2697 11078 12154 86341 20378 17919 2274 2314 21322 4214 35466 40300 3110 6048 2979 172562 855 9577 1852 1053 12200 10393
internal_value=-3.42871e-11 -0.000799781 0.0019091 -0.00859969 0.00653945 0.00400002 -0.00364154 -0.00251379 0.00784376 0.00498507 -0.0120285 -0.0154036 0.00215559 -0.00319401 -0.0190205 -0.0270949 -0.00422044 -0.00305446 -0.00202204 -0.0173429 -0.000404804 0.0263336 -0.00498326 -0.00604239 0.00944861 0.0139374 0.00250326 0.000266988 0.00854248 -0.0036171
internal_weight=14633.9 14202.5 10541.5 3661.02 5149.97 4038.25 1351.46 5391.55 2686.79 865.804 2776.03 2151.35 884.993 5278.62 485.659 368.958 5000.9 4681.32 4450.82 1997.91 624.68 431.346 3252.09 3109.56 2532.66 1538.39 994.264 933.588 396.353 790.258
internal_count=539060 532373 338074 194299 69548 56766 29961 268526 26805 17896 159999 132535 34300 265097 12065 9791 254462 233140 215221 126641 27464 6687 179755 176776 24108 10432 13676 13298 15310 12245
is_linear=0
shrinkage=0.05


Tree=60
num_leaves=31
num_cat=0
split_feature=152 152 19 150 0 48 41 48 17 153 1 35 13 61 54 150 48 114 38 150 65 24 53 153 15 152 125 24 153 44
split_gain=118.815 113.434 100.151 85.4876 92.5262 110.827 91.0071 68.4842 67.672 66.8162 44.6624 44.5285 41.5759 38.7696 37.881 40.7024 109.194 38.2532 36.2061 36.9222 35.0513 38.1605 33.7987 33.3662 32.8752 33.4947 32.0053 31.8658 31.7509 31.4225
threshold=0.45035120232289044 0.65126507419805779 0.12858796000000003 2579077.1010208339 1870250.0000000002 5460304.8845604407 0.12368256700000001 4090810.6182888201 0.041853014000000008 0.14586524666666667 1.0000000180025095e-35 0.31204389000000005 0.064674370000000009 0.023268398268398254 125.00000000000001 90111.781728395072 105212.06868750001 0.98000000000000009 0.18746910500000005 5489850.5745065799 0.0070283882783882508 -0.11704548199999999 11.500000000000002 0.46504065040650416 -0.075413421999999994 0.83044021987458705 0.016523867809057503 -0.043943587499999999 1.0000000180025095e-35 0.26824165500000002
decision_type=2 2 2 2 2 2 2 2 2 2 2 2 2 2 2 2 2 2 2 2 2 2 2 2 2 2 2 2 2 2
left_child=28 12 -3 7 6 8 11 9 -6 20 -10 13 -2 -5 15 -11 -17 24 -12 -20 21 29 -23 -7 25 -18 -22 -27 -1 -4
right_child=1 2 3 4 5 23 -8 -9 10 14 18 -13 -14 -15 -16 16 17 -19 19 -21 26 22 -24 -25 -26 27 -28 -29 -30 -31
leaf_value=0.061169929288045023 -0.014205102580864454 0.023403682257200534 0.024990913398013525 -0.0022324444661692001 0.0077681035717967889 0.0024749742501401547 -0.060627629928791518 0.016518350362511158 0.00022457639659058225 0.014508973406931289 -0.04951286445913658 -0.042112057548231996 0.0054928480909185173 -0.063821925119877429 0.025806005836807117 -0.05612192127235506 -0.0067364184685448376 -0.13372762767341093 0.00067872019151630158 -0.043213253083380671 0.0094429641925744424 -0.0097441055878322858 0.012329158395511358 0.024281368981244722 0.016084331453622348 0.023747256482174319 -0.0091253633020746943 0.0028997920511749683 0.020749101824732455 -0.027335191833914065
leaf_weight=55.978709020651877 1842.2853664093818 483.74250411875255 153.024835148477 367.68013932954636 179.68760539859068 1195.504492365988 134.88385146437213 801.9317063249182 111.53139392510639 804.14584774899413 216.26654490962392 112.94789294294605 313.45817442012049 27.459924128343118 220.43412556336261 79.076087973488029 840.03551741232513 5.0767017556354395 103.16476541588781 89.463447599322535 786.01429445786925 2381.7507109814469 187.04223565210123 205.58624780969694 450.49571434140671 209.16618861351162 329.29133272095351 1482.1406396493549 367.73487698484678 35.31153709848877
leaf_count=639 105980 10504 5064 21705 9473 50094 22924 16832 7401 6979 20005 22125 11560 4289 956 2666 16450 120 6283 9327 16976 124786 2647 1810 4179 1440 14411 13868 6048 1519
internal_value=-1.26909e-11 -0.000781306 0.00111681 0.00018006 -0.00752133 -0.00244256 -0.0241185 0.00259126 -0.0186871 0.0011887 -0.0278213 -0.0144263 -0.0113409 -0.00651255 0.00564498 0.00449665 0.00187062 0.00340593 -0.0354711 -0.0197063 -0.00351861 -0.00654412 -0.00813688 0.00567469 0.0036394 0.00142462 0.00396071 0.00547803 0.0260893 0.0151802
internal_weight=14572.3 14148.6 11992.9 11509.1 2744.18 2101.2 642.972 8764.94 700.114 7963.01 520.426 508.088 2155.74 395.14 4090.57 3870.14 3065.99 2986.91 408.895 192.628 3872.43 2757.13 2568.79 1401.09 2981.84 2531.34 1115.31 1691.31 423.714 188.336
internal_count=539060 532373 414833 404329 175436 104393 71043 228893 52489 212061 43016 48119 117540 25994 46658 45702 38723 36057 35615 15610 165403 134016 127433 51904 35937 31758 31387 15308 6687 6583
is_linear=0
shrinkage=0.05


Tree=61
num_leaves=31
num_cat=0
split_feature=152 152 25 19 150 152 27 46 150 21 38 34 152 153 33 12 10 44 0 33 54 26 24 100 28 12 17 13 27 49
split_gain=114.513 106.833 70.3446 66.4022 61.1128 59.713 58.0332 52.0473 51.4872 46.0724 44.0267 43.6789 43.2709 42.9108 41.9703 53.2034 41.0191 40.6923 39.5644 41.7669 37.1514 40.8571 34.71 33.5936 35.0422 32.1825 33.8108 32.9585 46.803 32.0905
threshold=0.45035120232289044 0.78537603865405703 -0.0026384162499999996 0.12858796000000003 5922289.7457639771 0.95753826061075575 573.50000000000011 -0.097734201999999978 6403983.362343207 -0.016505501499999995 0.19081239500000002 -0.22582337999999999 0.65126507419805779 0.014337101747173602 -0.11828853999999998 -0.066060904499999989 0.074178375000000005 0.30848684500000007 8989091.665000001 -0.0019586597499999998 83.500000000000014 -0.054393446499999991 0.13390065000000004 0.071175278622087113 -0.079090449999999993 0.0071595561500000003 -0.14895938499999997 -0.17860197999999997 516.50000000000011 87.500000000000014
decision_type=2 2 2 2 2 2 2 2 2 2 2 2 2 2 2 2 2 2 2 2 2 2 2 2 2 2 2 2 2 2
left_child=-1 3 5 12 9 6 8 -4 13 -5 -7 -10 -2 -3 15 -11 -8 25 19 -13 21 23 -21 24 -15 26 -16 -28 -29 -26
right_child=1 2 7 4 -6 10 16 -9 11 14 -12 18 -14 20 17 -17 -18 -19 -20 22 -22 -23 -24 -25 29 -27 27 28 -30 -31
leaf_value=0.025854007039523282 -0.0031540649744181111 -0.015676464611409133 0.0017647574956873937 0.01156699457949379 -0.022617546326111411 0.0058743393615864189 0.0043031199464598378 0.030212402212262637 -0.019501356374719517 -0.0052192220846031716 0.034911271279757024 -0.059389313474154729 0.020128551257861175 0.025988512854496344 0.018923545455338194 -0.033498417943485521 -0.028602967253300051 -0.035125831430750813 0.019289026394989132 -0.016931132357966207 0.012339216676468444 0.014834386101423789 0.036437221472797675 -0.024223987720158907 -0.001230453643060002 0.0022585803698778897 -0.01676314376405371 0.0031594103875941686 -0.036904272540699938 0.013542815690081873
leaf_weight=415.99737101339269 463.81196702051238 295.7032781263697 275.91566034525749 332.11934024177208 667.44447327954913 330.87086990533862 141.72721329989145 385.327636490023 510.35226650323602 335.67378096170796 215.61204181797802 38.901685017044656 350.26410414824204 137.1189449748199 104.28670314793999 329.66166351582797 285.44722277176334 110.11785977569525 186.46232985489769 102.59474110294832 1055.689773280581 548.11643242510036 43.33600129710976 134.86019646754721 3589.7200781767315 1154.9656877449088 888.25713386519783 569.61524928081417 83.595698148477823 409.52513450043625
leaf_count=6687 20853 18802 8278 10851 77325 4141 4956 5668 35771 18885 2166 6050 8487 2052 2549 26599 13368 5292 5434 5141 14862 11481 1066 4869 97867 42331 44147 20267 4156 8659
internal_value=8.59586e-12 -0.000764021 0.0026669 -0.00629397 -0.00863483 0.00137546 0.000209716 0.0183421 0.00129366 -0.00624691 0.0173307 -0.0100088 0.00686351 0.0029085 -0.00790129 -0.0192311 -0.0176854 -0.00531163 0.00303891 -0.0133545 0.00384392 0.001983 -0.00108272 0.000333816 0.00113449 -0.0041394 -0.00862941 -0.0104935 -0.0019678 0.000282338
internal_weight=14493.1 14077.1 8687.28 5389.81 4575.74 8026.04 7479.56 661.243 7052.38 3908.29 546.483 881.647 814.076 6170.73 3576.17 665.335 427.174 2910.84 371.295 184.832 5875.03 4819.34 145.931 4271.22 4136.36 2800.72 1645.75 1541.47 653.211 3999.25
internal_count=539060 532373 250631 281742 252402 236685 230378 13946 212054 175077 6307 53462 29340 158592 164226 45484 18324 118742 17691 12257 139790 124928 6207 113447 108578 113450 71119 68570 24423 106526
is_linear=0
shrinkage=0.05


Tree=62
num_leaves=31
num_cat=0
split_feature=152 153 150 48 0 52 54 48 54 1 0 150 54 94 17 34 20 152 49 1 23 48 12 41 53 54 1 150 0 21
split_gain=108.469 93.1115 62.4262 91.2354 57.5699 52.8507 48.5275 66.5732 59.3662 47.703 47.57 43.5708 42.8596 40.2138 39.049 37.7067 37.659 40.861 43.8683 48.0988 44.8149 41.8954 40.2831 35.3603 34.2827 38.0937 37.798 34.5374 51.4404 39.2216
threshold=0.31840728732322959 0.071808545714285715 1189643.1604545456 345786.80252777785 188337.44000000003 1.0000000180025095e-35 1.0000000180025095e-35 3172592.2662820518 13.500000000000002 1.0000000180025095e-35 1499999.5000000002 19716583.720273815 21.500000000000004 0.17619047619047618 0.038038620000000002 -0.13229204999999997 0.17723908500000005 0.94081218288031243 13.500000000000002 1.0000000180025095e-35 0.021504493500000003 1077219.046688312 -0.23814543499999996 0.086314622000000021 41.500000000000007 119.50000000000001 1.0000000180025095e-35 1492189.3613241108 992730.54500000004 0.35659204500000002
decision_type=2 2 2 2 2 2 2 2 2 2 2 2 2 2 2 2 2 2 2 2 2 2 2 2 2 2 2 2 2 2
left_child=-1 24 12 -4 5 15 -6 11 10 -10 -9 13 16 14 -8 -5 17 18 20 21 -3 -20 -22 -18 25 -2 -27 28 -28 -29
right_child=1 2 3 4 6 -7 7 8 9 -11 -12 -13 -14 -15 -16 -17 23 -19 19 -21 22 -23 -24 -25 -26 26 27 29 -30 -31
leaf_value=0.035981195108679039 -0.0094742424464370895 0.023060401804930249 -0.057345238991906744 -0.055023267385435518 0.018225261041067958 0.00021506474624232569 0.0054787351521261365 -0.044045948804095125 -0.046986103931873857 0.0095814586823290346 -0.0046059766376034348 -0.073228561544670362 0.013220580163104418 0.040398697242773549 -0.021674169648852135 0.024334664345400284 0.0064250558867873335 0.017340256608393917 0.0031511578631163405 -0.043883824356066033 0.011435345362636927 0.024126510988250714 -0.011711766662254581 0.034030326432806263 0.021239614577470867 -0.05941972172258371 0.049115176185439376 -0.012443494493880599 0.0051255018187166494 0.014377325369227412
leaf_weight=206.45928460429423 3490.2497289443672 122.14678817274398 75.063533112486766 122.04854599955434 333.76219150464749 117.87015733183216 177.57715357567213 88.14328120189748 38.250236080421018 1453.1459358691354 576.50521214827313 30.417469017993426 1397.3811380809639 34.675259542535059 520.55973822248052 17.060903027726454 339.19874264001555 367.72919465298764 1525.2979013734439 48.792876402090769 219.26825657646987 282.08789490905474 1316.4544064294023 176.29573354687454 111.57633364910726 25.576831070124172 78.317283424199559 509.82531412231037 438.84852226730436 186.05093851767015
leaf_count=2449 265116 2209 9760 10515 6421 3939 4561 12643 3092 36963 28435 3086 10126 335 20045 439 6768 2639 23282 2660 4321 2963 32214 1947 1355 4796 711 21925 8618 4727
internal_value=-5.1537e-11 -0.000522402 0.00238407 -0.00280181 -0.00163537 -0.0244182 0.000164404 -0.0019005 0.00259192 0.00813066 -0.00983636 -0.0145911 0.00559251 -0.0121572 -0.0147676 -0.0452905 0.00316844 0.00148224 -0.000177235 0.00510244 -0.00608844 0.00642489 -0.00840686 0.0158659 -0.00615452 -0.00680088 0.000732287 0.00200058 0.0117871 -0.00527262
internal_weight=14426.6 14220.2 9379.73 3585.08 3510.02 256.98 3253.04 2919.27 2156.04 1491.4 664.648 763.23 5794.65 732.812 698.137 139.109 4397.27 3881.78 3514.05 1856.18 1657.87 1807.39 1535.72 515.494 4840.44 4728.87 1238.62 1213.04 517.166 695.876
internal_count=539060 536611 229363 140234 130474 14893 115581 109160 81133 40055 41078 28027 89129 24941 24606 10954 79003 70288 67649 28905 38744 26245 36535 8715 307248 305893 40777 35981 9329 26652
is_linear=0
shrinkage=0.05


Tree=63
num_leaves=31
num_cat=0
split_feature=152 152 19 153 152 23 13 14 16 35 32 27 44 13 29 22 31 19 37 153 136 16 4 150 33 48 152 14 38 20
split_gain=105.132 99.5178 87.3304 79.1069 64.6535 71.9501 60.4452 51.9974 49.8431 43.2929 41.8978 50.2403 39.1377 38.4112 35.9598 51.4737 32.2885 31.3701 43.3956 31.3006 31.2195 30.0132 29.4165 28.9278 42.326 41.7948 28.8785 28.8109 28.5456 27.9707
threshold=0.45035120232289044 0.64372373473078903 0.12858796000000003 0.034567721310344808 0.88842622115583547 0.11808500050000002 -0.072571972499999984 0.26231460000000001 -0.14132393999999995 0.35482032500000005 -0.11591286199999999 546.50000000000011 0.15403189000000003 0.064674370000000009 0.051466804000000005 0.11240422800000001 0.25166915000000006 0.44913745000000005 -0.28568580499999996 1.0000000180025095e-35 0.07738095238095237 -0.15895077499999996 1.0000000180025095e-35 295080.41527290089 -0.17284422999999996 334100.45006944455 0.80941962858393457 0.11209655550000001 0.30151221500000008 -0.24205617999999998
decision_type=2 2 2 2 2 2 2 2 2 2 2 2 2 2 2 2 2 2 2 2 2 2 2 2 2 2 2 2 2 2
left_child=19 13 -3 23 5 12 7 9 20 14 -6 16 -5 27 15 26 17 -12 -19 -1 29 -14 28 24 -4 -25 -7 -2 -13 -9
right_child=1 2 3 4 10 6 -8 8 -10 -11 11 22 21 -15 -16 -17 -18 18 -20 -21 -22 -23 -24 25 -26 -27 -28 -29 -30 -31
leaf_value=0.060672016827038155 -0.0051193108787366088 0.02138308065154066 0.051556435458883512 0.026142120035776248 0.052380872846307117 -0.025574038606064983 0.015582112919950966 0.013917984039996535 0.018606545356717786 -0.038009738295914273 0.01095557318300582 -0.026979202836556745 0.00023439200137946923 0.0052988629694801139 0.0048932297853717804 0.021229916311648226 0.03409871439678152 0.0060430514708661896 -0.017773213340670911 0.019703502701051673 -0.052830607345583341 0.027117255024933059 0.022430579591643348 -0.04994859359139945 -0.0031278888382103112 -0.010948276469613188 -0.0023836516665969834 -0.018764305857163245 0.027359755175188561 -0.013273461139793939
leaf_weight=53.800981410779059 596.0887849675255 503.44127831549849 38.475185903458623 293.32181441312423 50.689972047228366 304.7996211264981 373.00481902912725 99.537556139635853 133.98190154024633 73.582604891009396 2081.8267795158899 209.98341774474829 634.32270646421239 304.92089337032121 1651.5093868524709 116.71125163964462 117.46136608201778 802.70743565008161 251.09667263115989 349.40692750623566 47.743296571163228 124.14473527841619 47.370337774977088 72.495343219401548 440.60097438754747 1310.4926012311189 239.91089663951425 1102.1312645960697 27.312577340053394 1897.1350912454727
leaf_count=639 29591 11204 1143 7980 212 20612 8178 3479 3087 8034 27040 6394 20296 11363 44124 3592 1555 13983 7074 6048 3080 2864 689 11505 21973 91570 8168 70108 339 93136
internal_value=-5.7109e-11 -0.000727676 0.00100202 0.000105127 0.00193835 -0.00124127 -0.00377042 -0.00535175 -0.0109372 -0.000253379 0.00724567 0.00659896 0.0106325 -0.0110409 0.000947786 -0.00890362 0.00836155 0.00739743 0.000368197 0.02517 -0.0128734 0.00463454 -0.0135435 -0.0093247 0.00126388 -0.0129926 -0.0153601 -0.0139748 -0.0207248 -0.0119179
internal_weight=14350 13946.8 11943.7 11440.2 9578.15 5989.71 4937.92 4564.91 2178.4 2386.51 3588.45 3537.76 1051.79 2003.14 2312.93 661.422 3253.09 3135.63 1053.8 403.208 2044.42 758.467 284.666 1862.06 479.076 1382.99 544.711 1698.22 237.296 1996.67
internal_count=539060 532373 421311 410107 283916 226630 195490 187312 102782 84530 57286 57074 31140 111062 76496 32372 49652 48097 21057 6687 99695 23160 7422 126191 23116 103075 28780 99699 6733 96615
is_linear=0
shrinkage=0.05


Tree=64
num_leaves=31
num_cat=0
split_feature=152 153 54 152 13 1 2 52 1 152 16 150 27 0 18 53 22 54 24 150 48 43 37 153 15 19 152 40 19 153
split_gain=100.799 95.2152 80.2203 63.0808 66.6543 60.2469 56.8053 59.9361 102.86 57.2532 64.3852 49.7775 44.8553 45.257 43.6766 42.4883 42.012 38.5881 41.8216 37.674 50.0779 37.017 35.8878 34.9592 38.2528 34.906 34.6274 33.2875 33.4044 31.4663
threshold=0.45035120232289044 0.51000000000000012 121.50000000000001 0.55416835108485352 -0.067811014999999988 1.0000000180025095e-35 1.0000000180025095e-35 10.500000000000002 1.0000000180025095e-35 0.82510635650740427 -0.15041142499999996 147772.63595365427 432.50000000000006 798750.00000000012 -0.30197799999999991 3.5000000000000004 0.18088618500000003 20.500000000000004 -0.094448209999999991 347728.37267954915 526043.81014619896 0.047147754000000007 -0.26281158499999996 0.022994139179389302 -0.21296000499999998 1.0000000180025095e-35 0.93876938304679891 0.42485771500000008 0.53805762500000009 0.025677716320512804
decision_type=2 2 2 2 2 2 2 2 2 2 2 2 2 2 2 2 2 2 2 2 2 2 2 2 2 2 2 2 2 2
left_child=-1 2 3 -2 6 -4 7 9 -9 10 14 -7 13 -13 -5 -8 17 18 -11 -20 -21 -18 -12 24 -15 -16 27 -3 -29 -24
right_child=1 26 5 4 -6 11 15 8 -10 16 22 12 -14 23 25 -17 21 -19 19 20 -22 -23 29 -25 -26 -27 -28 28 -30 -31
leaf_value=0.024879931631383266 -0.021192537276314666 0.0062581341690953404 -0.061257152851211888 0.010424379842682706 0.01320983585367541 0.038550406523187357 -0.031256800295024818 0.0085243733753501052 -0.054345133127565254 0.023268003011673838 -0.0099759702007748679 -0.068002518054944269 -0.049781525394366949 0.0083330281369184481 0.021081546755460229 0.016829032794937773 -0.015747365161635572 0.00087412382071045324 -0.0026681109181768193 -0.047706745635243193 -0.013975296030867662 0.027566162513812182 -0.035830039773836322 0.012218330674345149 -0.020109620171439177 -0.021112136088322065 0.018726330407202289 -0.019950296487560873 0.014271379008821332 0.023907936215776009
leaf_weight=395.822985368839 573.46357404066293 2710.3573997794883 32.379629887218471 125.99948018137366 524.19299633894843 120.85617112275213 51.587978736570221 1007.2136427434161 69.551562789885793 87.726724030217156 274.60105092314188 20.11422056867741 36.128133653022815 276.6418349192827 50.36455098472652 419.47394722234458 67.944750268827192 1303.5258915488084 653.81890432484215 124.53826989562367 944.58445444508106 180.03183249337599 24.858831911082234 1145.0033317459747 206.41697305330308 1831.8515028078109 488.19183856307063 248.98959653667407 99.926739020258537 194.6585230808123
leaf_count=6687 41705 34329 5819 6970 21963 925 3732 20727 11546 2258 21204 1390 3374 9468 2201 6350 3213 40717 21545 12917 48230 2881 2256 12867 9885 167171 2217 4634 1113 8766
internal_value=-9.02413e-12 -0.000708748 -0.0031322 -0.00517793 -0.00402077 0.00634194 -0.00523931 -0.00637957 0.00446344 -0.00837043 -0.014097 0.00755448 0.00533039 0.00653844 -0.0180753 0.011563 -0.00410839 -0.00568557 -0.010408 -0.0121227 -0.0179046 0.0156984 0.00207193 0.00745938 -0.00382087 -0.0199831 0.00636017 0.00438681 -0.0101495 0.017143
internal_weight=14290.8 13895 10347.5 8509.99 7936.52 1837.54 7412.33 6941.27 1076.77 5864.5 2502.33 1805.16 1684.3 1648.18 2008.22 471.062 3362.17 3114.19 1810.67 1722.94 1069.12 247.977 494.118 1628.06 483.059 1882.22 3547.47 3059.27 348.916 219.517
internal_count=539060 532373 490080 446352 404647 43728 382684 372602 32273 340329 208568 37909 36984 33610 176342 10082 131761 125667 84950 82692 61147 6094 32226 32220 19353 169372 42293 40076 5747 11022
is_linear=0
shrinkage=0.05


Tree=65
num_leaves=31
num_cat=0
split_feature=152 153 150 54 49 3 2 153 48 48 0 1 36 8 48 53 22 43 152 150 54 153 48 150 0 18 132 21 11 150
split_gain=95.5045 90.2936 70.7446 59.8728 61.9081 130.81 64.7536 90.3765 66.6576 55.8439 59.0838 53.803 47.7211 46.2758 37.9882 37.7126 35.1168 35.8269 35.3695 32.085 31.648 30.9135 30.1203 81.6203 58.5048 38.0742 29.6722 28.3623 28.1502 27.0498
threshold=0.45035120232289044 0.050179856115107911 6586112.0979586476 24.500000000000004 18.500000000000004 1.0000000180025095e-35 1.0000000180025095e-35 0.75235849056603787 4656074.5636538463 4090810.6182888201 11496125.000000002 1.0000000180025095e-35 -0.17360346999999995 -0.090668617499999993 19591841.521250006 3.5000000000000004 -0.12062006499999998 -0.026631949499999998 0.96220318077861211 88393160.553750008 10.500000000000002 1.0000000180025095e-35 19289712.151304349 7532306.4101913879 6346708.330000001 0.016402613000000003 0.065591397849462316 0.36798446000000001 0.11344654500000002 468965.50866956526
decision_type=2 2 2 2 2 2 2 2 2 2 2 2 2 2 2 2 2 2 2 2 2 2 2 2 2 2 2 2 2 2
left_child=21 22 3 4 6 -6 7 8 13 -4 12 -5 26 -3 19 -15 17 -9 20 -12 28 -1 23 -2 25 27 -11 -24 29 -18
right_child=1 2 9 11 5 -7 -8 16 -10 10 14 -13 -14 15 -16 -17 18 -19 -20 -21 -22 -23 24 -25 -26 -27 -28 -29 -30 -31
leaf_value=0.060243528444879985 -0.0074334867755179368 0.002009751684385587 -0.033031297229734344 -0.056996426393608926 -0.050765698674996751 0.0099002408515010635 0.016956171608800735 0.032229172378914359 0.0047406741349240427 -0.00045987953020257711 -0.00082833646114820149 0.010420893370367154 -0.036338524429242125 -0.017032945756268302 0.020982133106515366 -0.052589191687388716 -0.0021601028350535009 -0.0044646571166296039 0.036238854618874695 -0.06347308314030585 0.013691856711545004 0.018859709907048931 -0.04886897334899365 -0.042504780372131644 0.022580452191781328 0.016476695347408858 -0.057107087458558442 0.0079666423898791527 0.015435320813104128 -0.021237498538402688
leaf_weight=52.058477574959397 2807.4035280654989 321.48885287142912 210.75316817127896 29.945171434286749 92.695796303130919 2145.6592972513827 377.98930497132824 198.97988466056995 535.81026921316879 293.50435636669863 247.31153438417823 2523.5985674890107 194.75916720303212 1474.5759198358428 252.53256672853604 78.547730924517964 528.31537965621101 99.92925234377617 67.394396687741391 22.281057023676112 284.17192689375952 338.87255640787771 81.93521407386288 176.31438076053382 216.21084629453253 57.289869111933513 25.093524663418066 29.982549710577587 139.53085986431688 286.60944200184895
leaf_count=639 178180 14521 19080 2110 8111 35319 5215 1357 24452 17374 7238 29161 33445 69595 3411 8744 5622 1555 274 1338 2677 6048 11215 31193 4799 3985 3148 1498 1585 6171
internal_value=-7.05912e-12 -0.000690348 0.00160811 0.0031248 0.000619852 0.00738791 -0.00282839 -0.00469083 -0.0108118 -0.00957053 -0.00479553 0.0096303 -0.0168406 -0.015257 0.00704729 -0.0188312 0.0045021 0.0199619 0.00096381 -0.00600575 -0.000955524 0.0243706 -0.00780679 -0.00950593 0.00534706 -0.0166735 -0.00492155 -0.0336428 -0.00531652 -0.00886963
internal_weight=14191.5 13800.6 10431.5 9185.24 6631.7 2238.36 4393.34 4015.35 2410.42 1246.24 1035.48 2553.54 513.357 1874.61 522.125 1553.12 1604.93 298.909 1306.02 269.593 1238.63 390.931 3369.14 2983.72 385.418 169.208 318.598 111.918 954.456 814.925
internal_count=539060 532373 301503 216469 185198 43430 141768 136553 117312 85034 65954 31271 53967 92860 11987 78339 19241 2912 16329 8576 16055 6687 230870 209373 21497 16698 20522 12713 13378 11793
is_linear=0
shrinkage=0.05


Tree=66
num_leaves=31
num_cat=0
split_feature=152 153 152 19 152 153 54 150 0 48 8 15 49 1 104 13 150 48 0 48 5 49 0 150 114 49 41 153 0 12
split_gain=91.8241 87.2935 52.608 51.2908 44.6844 41.4173 59.7944 51.1524 64.3266 50.6935 48.8081 37.4607 37.2549 52.6637 35.8262 35.7341 34.9622 68.5297 34.7119 46.0091 36.8027 45.2002 34.3384 58.248 31.6613 31.5595 29.6362 29.5814 27.7604 27.7402
threshold=0.45035120232289044 0.18194617090909093 0.5502026774843628 0.12155913700000001 0.72537311563515972 0.020859681666666654 44.500000000000007 594630.78923076938 97690.375000000015 227416.75642375171 -0.20324066999999998 -0.024616966999999997 56.000000000000007 1.0000000180025095e-35 1.0000000180025095e-35 0.035348401000000008 84714.450995061765 90692.619022257553 379195.00000000006 287544.51822751324 1.0000000180025095e-35 9.5000000000000018 5262670.0000000009 4605613.7348168511 0.40588235294117653 16.500000000000004 0.080514802500000024 1.0000000180025095e-35 13191.000000000002 -0.23388575999999997
decision_type=2 2 2 2 2 2 2 2 2 2 2 2 2 2 2 2 2 2 2 2 2 2 2 2 2 2 2 2 2 2
left_child=27 2 -2 26 15 -5 7 18 -9 -10 -11 14 22 -14 16 25 28 -18 20 -20 -7 -22 23 -12 29 -3 -4 -1 -6 -19
right_child=1 4 3 5 11 6 -8 8 9 10 12 -13 13 -15 -16 -17 17 24 19 -21 21 -23 -24 -25 -26 -27 -28 -29 -30 -31
leaf_value=0.059825297421116523 -0.019667681470323412 -0.012329622319973333 0.0046349910107499085 -0.013077854425203018 0.047311494762594518 0.019381015335797464 0.0060978153337259465 -0.038643018952721264 -0.050672826062707434 0.025730454542910466 -0.010680111227520704 0.022614041880784651 0.030439001250430003 -0.058825365695008583 0.021417809251916681 0.014463778345745732 -0.062237370663798378 0.016372306252826999 -0.046022299910319614 -0.0041495928989492619 -0.036802139840636232 0.0034813302822227655 -0.0025975814468932536 -0.041577656759225132 -0.074505170853411906 0.005920521697437911 0.03405823169635349 0.018710776771556949 0.011463025550198529 0.0013406557370666892
leaf_weight=50.331348670180887 509.61734185638306 859.52330128609901 244.70454508213697 1069.4619596836419 60.67154507979285 342.53647312961402 1536.1075785056746 187.94173108418181 67.548116040299647 110.07641054577107 777.86170318356017 328.5999198515201 111.42478972417302 19.400066323549254 310.38069098599954 224.25425891709892 41.247140488732839 343.32308036799077 71.895715905702673 749.49594280024758 75.72528566919209 865.80074285151204 771.57646714628208 189.74455025834322 13.253148664254693 327.00897129173973 131.61069208983099 334.52331547354697 491.39456053441972 2895.3443129822845
leaf_count=639 37599 28968 11204 70974 246 6961 31178 19082 13997 6487 65118 2764 2706 4982 2576 3313 1672 3900 5447 27378 5669 30450 38672 56397 296 4974 4065 6048 4030 41268
internal_value=7.33351e-11 -0.000675306 -0.00413435 -0.00305335 0.00392063 -0.0040273 -0.00238037 -0.00538045 -0.0106477 -0.00807817 -0.0066251 0.00636234 -0.00852968 0.017202 0.00507725 -0.00384039 0.00375827 0.0018062 0.000212344 -0.00781468 0.00534708 0.000241401 -0.0104653 -0.016739 0.00261852 -0.00729987 0.0149253 0.0240877 0.0154027 0.00293412
internal_weight=14112.4 13727.5 7832.53 7322.91 5895 6946.6 5877.14 4341.03 2235.57 2047.63 1980.08 4484.21 1870.01 130.825 4155.61 1410.79 3845.23 3293.17 2105.45 821.392 1284.06 941.526 1739.18 967.606 3251.92 1186.53 376.315 384.855 552.066 3238.67
internal_count=539060 532373 438366 400767 94007 385498 314524 283346 207441 188359 174362 56752 167875 7688 53988 37255 51412 47136 75905 32825 43080 36119 160187 121515 45464 33942 15269 6687 4276 45168
is_linear=0
shrinkage=0.05


Tree=67
num_leaves=31
num_cat=0
split_feature=152 152 25 15 152 29 17 10 27 150 13 13 152 16 8 36 47 14 54 1 19 128 54 19 153 37 15 38 13 22
split_gain=89.6067 79.6212 74.0834 64.9214 64.4095 57.6429 54.7503 52.0932 50.1939 45.2203 44.0268 42.1271 60.9989 51.4274 46.2918 38.6865 34.64 34.1587 33.6329 39.948 30.3422 30.254 29.7824 28.4912 28.3532 27.5665 27.4821 27.1808 28.7884 26.7664
threshold=0.45035120232289044 0.68274942756989876 0.16814626000000002 0.015335793000000002 0.92408447469306187 -0.0091817479999999983 -0.075343714999999992 -0.031192453499999995 571.50000000000011 8048086.6135613639 0.052842480000000004 -0.18046104999999998 0.85041647251279495 -0.13579349999999998 -0.084473539999999986 -0.13080200499999997 -0.24586529999999998 0.081665840000000003 28.500000000000004 1.0000000180025095e-35 0.40395465500000005 0.033370411568409301 9.5000000000000018 0.17068681000000002 0.018083714846304704 -0.25214148999999991 -0.32060214999999997 0.23070695500000002 -0.24299149499999997 0.29887464000000002
decision_type=2 2 2 2 2 2 2 2 2 2 2 2 2 2 2 2 2 2 2 2 2 2 2 2 2 2 2 2 2 2
left_child=24 10 3 4 6 -6 -3 -8 11 16 17 12 13 14 -9 -5 -7 -2 19 -19 -18 26 -21 -16 -1 -15 -11 28 -22 -14
right_child=1 2 -4 15 5 9 7 8 -10 21 -12 -13 29 25 23 -17 20 18 -20 22 27 -23 -24 -25 -26 -27 -28 -29 -30 -31
leaf_value=0.048395641851718622 -0.0011477285934878582 0.017929930303405207 0.034715899335878535 0.0039272184505267328 0.034388972007969684 0.02654633129200111 0.011420204251602655 0.00055940956422247134 -0.020440206199812024 -0.00056831913334547959 0.0074056175686116471 0.0052095115250693942 -0.0010578555470875102 -0.0026653004144139227 0.0030150258776016877 0.031604997812255654 0.010819676039686553 -0.012513601280503975 -0.0037744123979826095 -0.056095448951083808 -0.01508202425920363 0.012494694888536067 -0.024518709478814217 -0.019371165383017645 0.01632281226910029 0.026500811580476999 -0.051187724175548177 0.015652616587292938 0.013193460180031515 0.024382122200063597
leaf_weight=90.641268881387077 623.5821671845315 325.63221595849609 162.46767513020313 244.87804215829237 183.44423067988828 208.93636269849958 580.9340809223504 457.1263285165478 443.41739679856255 41.163756346388254 374.44045508443378 1252.248238186854 2951.1559501334268 261.34468357065634 156.3199217664951 260.61906303296564 905.88397601112956 737.27913403505227 479.97970372598502 97.248650898403866 398.14332302883849 51.147091329970863 321.67213288785752 1565.9392315113801 287.3829349266598 117.41161652799929 76.91600611328613 147.58404658248764 116.31944103643764 107.14841419178993
leaf_count=1241 28891 8264 2985 7854 1909 1906 16589 18213 24879 1376 13751 42931 86375 12371 5307 4966 11947 37338 20511 16216 10405 1651 30652 111446 5446 3445 4870 2682 1604 1039
internal_value=4.53197e-11 -0.000665003 0.00120233 0.000700667 -0.000154009 0.00759543 -0.00216196 -0.00299087 -0.0041358 0.0050698 -0.00847414 -0.00308325 -0.00493221 -0.0106296 -0.013585 0.018197 0.00742193 -0.0111054 -0.0149005 -0.0195193 0.00487349 -0.0196274 -0.031849 -0.0173393 0.0240131 0.00637598 -0.0335413 -0.00326272 -0.00868897 -0.00016656
internal_weight=14028.4 13650.4 11016.2 10853.7 10348.2 2129.54 8218.68 7893.05 7312.11 1946.09 2634.2 6868.69 5616.45 2558.14 2179.39 505.497 1776.87 2259.76 1636.18 1156.2 1567.93 169.227 418.921 1722.26 378.024 378.756 118.08 662.047 514.463 3058.3
internal_count=539060 532373 385014 382029 369209 38350 330859 322595 306006 36441 147359 281127 238196 150782 134966 12820 28544 133608 104717 84206 26638 7897 46868 116753 6687 15816 6246 14691 12009 87414
is_linear=0
shrinkage=0.05


Tree=68
num_leaves=31
num_cat=0
split_feature=152 153 53 54 1 15 36 36 48 150 150 48 114 27 6 150 35 0 54 152 20 41 50 14 27 0 48 40 17 152
split_gain=90.8825 75.4333 44.2574 47.7262 45.8123 41.3423 66.7493 55.8307 43.217 38.7275 37.2924 96.8336 39.158 37.7442 36.2941 33.5227 32.3292 30.3194 30.1109 30.637 36.5299 32.4131 43.6239 39.946 29.7203 28.103 29.5668 27.2703 26.4475 28.4033
threshold=0.31840728732322959 0.18194617090909093 41.500000000000007 121.50000000000001 1.0000000180025095e-35 -0.10090979249999998 -0.19135554499999999 -0.134613185 1865641.9647858799 1345054.595744347 90111.781728395072 96143.530491202357 0.53921568627450989 185.50000000000003 42.500000000000007 147772.63595365427 0.28188833500000005 330297.97500000003 34.500000000000007 0.93674930461886685 -0.19822018499999997 0.011778034000000001 2.5000000000000004 0.18792705500000004 432.50000000000006 1100135.0000000002 260079.44013157903 0.33646620000000005 0.062320883000000001 0.92408447469306187
decision_type=2 2 2 2 2 2 2 2 2 2 2 2 2 2 2 2 2 2 2 2 2 2 2 2 2 2 2 2 2 2
left_child=-1 2 3 5 -5 7 -7 9 -8 28 13 -12 14 -3 18 16 -6 -17 19 20 -13 22 23 27 -19 -11 -27 -22 -2 -30
right_child=1 10 -4 4 15 6 8 -9 -10 25 11 12 -14 -15 -16 17 -18 24 -20 -21 21 -23 -24 -25 -26 26 -28 -29 29 -31
leaf_value=0.035002973989488539 0.0065979611857601627 -0.0015236049741363374 0.021581877494124199 -0.059781078157482306 0.056676504131742966 -0.021005394567772707 -0.0013751530310014341 -0.017518493841971555 0.017846381410745644 -0.032210483018421526 -0.048340751694389748 0.012688218237373709 -0.078183982286160608 0.020198349063289271 0.0081978868641470973 -0.079383263685669656 -0.0021372896758788114 0.0046061897679790216 0.011088208764679284 0.012173713444812231 0.00834108998252606 -0.0010603712457117513 0.0067119669883037043 -0.030010035316954498 -0.044075312227023045 -0.058589126959210591 -0.007951926504801702 -0.027562881538731668 -0.0085884712867029204 0.0071715871446705161
leaf_weight=183.01476418296807 692.11552481260878 296.71523313020589 169.85613172777812 27.970514820837707 58.472426331427414 281.66496166213801 766.33119345274645 1259.7380246819921 472.87324184168574 163.3985676626653 93.325370532955276 252.29846932984219 14.781911691883577 613.42481390738976 2141.5750059346465 11.120693813194519 38.916760595981032 1379.9231589085539 466.56861497520003 295.29915520676877 151.50933574762894 895.31532503309427 184.6949794285465 420.42614765492908 32.080896166327875 29.827702352518827 859.58364382544096 81.246844841749407 1274.7415339669005 368.53792055847589
leaf_count=2449 24548 2609 1751 5713 293 20937 38702 119385 21831 21662 3756 5426 296 5790 28898 915 571 31587 4137 1837 2698 22586 2215 13238 3238 8233 76331 2220 56579 8629
internal_value=-8.79053e-11 -0.000464398 -0.00366426 -0.00421992 0.00362816 -0.00618993 0.000965744 -0.00853137 0.00595967 -0.00518995 0.003808 0.00211254 0.00307274 0.0131168 0.00331842 0.0047946 0.0331745 0.00285247 -0.000485132 -0.00285263 -0.00508747 -0.00767505 -0.0147432 -0.0208099 0.00350014 -0.0131515 -0.00965012 -0.0041917 -0.00160081 -0.00505397
internal_weight=13977.3 13794.3 7887.15 7717.3 1548.48 6168.81 1520.87 4647.94 1239.2 3388.2 5907.18 4997.04 4903.72 910.14 4888.93 1520.51 97.3892 1423.12 2747.36 2280.79 1985.49 1733.19 837.877 653.182 1412 1052.81 889.411 232.756 2335.39 1643.28
internal_count=539060 536611 440905 439154 42317 396837 81470 315367 60533 195982 95706 87307 83551 8399 83255 36604 864 35740 54357 50220 48383 42957 20371 18156 34825 106226 84564 4918 89756 65208
is_linear=0
shrinkage=0.05


Tree=69
num_leaves=31
num_cat=0
split_feature=152 152 153 25 15 152 9 36 14 8 46 20 16 19 40 40 18 152 152 19 46 37 54 52 0 30 37 153 98 46
split_gain=83.9062 77.3062 77.7866 66.3767 59.7738 69.8228 59.5005 52.5658 50.2405 40.8742 40.7983 40.0067 41.4392 36.2135 43.6592 36.0405 34.4433 33.1048 32.7717 32.3456 31.2781 29.1167 29.0298 30.3397 33.1335 32.6436 28.7227 28.3742 28.3058 26.1959
threshold=0.45035120232289044 0.5648737936503857 0.026411662736842104 0.17763210000000004 0.015335793000000002 0.8769851622892989 -0.046607891499999991 -0.19025919499999996 0.13531901500000001 -0.070652437499999984 -0.22129832499999999 -0.24205617999999998 -0.14132393999999995 0.41123628500000003 0.35426821000000003 0.42011727500000007 -0.22862439999999998 0.78537603865405703 0.72369662166972704 0.13415542500000002 -0.074781060499999982 -0.32642969999999999 25.500000000000004 9.5000000000000018 1999900.0000000002 0.15209617500000003 -0.28991046499999995 1.0000000180025095e-35 0.096399535423925667 -0.032209414999999998
decision_type=2 2 2 2 2 2 2 2 2 2 2 2 2 2 2 2 2 2 2 2 2 2 2 2 2 2 2 2 2 2
left_child=27 -2 -3 4 5 6 -4 26 -8 17 -7 -11 16 15 -15 20 -13 -10 -18 -20 22 -14 23 24 25 -12 -6 -1 -26 -5
right_child=1 2 3 29 7 10 8 -9 9 11 13 12 21 14 -16 -17 18 -19 19 -21 -22 -23 -24 -25 28 -27 -28 -29 -30 -31
leaf_value=0.059130520422360056 -0.01449331148676229 -0.0099481539197434875 0.019410238492694788 0.015921556194773239 -0.00026444409662006819 0.032763018731943372 0.004137043608940673 0.021681699079993219 -0.0064335357897971667 0.010868227167746748 -0.036939497821081572 0.0049123097598144615 -0.028024299427825163 -0.0087821373109148518 0.0072986157823711068 -0.029038936017565298 -0.029418904279293043 0.010840435704663587 0.018280141673597389 -0.01414333122270893 0.025567846347462942 0.011675327522166462 0.013572380028748924 0.021820396806025807 0.015104506892022579 -0.0040819924434265754 -0.054337502774729721 0.0181652715808369 -0.054895290787238184 0.049975235596372125
leaf_weight=48.769076208584011 937.1291557554232 1589.7904768546905 276.98701129686015 174.38529185490916 115.49620016643894 130.61777595570311 1336.8440430349874 590.31576331776159 625.19204829978116 216.67570351166069 89.803988994681276 231.19664842588827 55.285055796732195 893.18297939194599 800.26797025318956 62.362642489984864 350.59296663982968 498.53047765047813 80.071221689810045 1954.0754899516178 266.68909446406178 280.61705298286688 956.13039392163046 154.58343487256207 276.6026008464396 477.60687816393329 31.190893611405045 317.1976665018301 15.237391046015544 83.521448887629958
leaf_count=639 55428 109016 7814 5098 4144 1169 44167 13702 30972 7268 1650 8943 4430 25228 14710 2024 32517 12321 1658 106108 3737 10021 9979 2525 4695 10294 1475 6048 405 875
internal_value=-3.89034e-11 -0.000638015 0.000391346 0.00188242 0.00128192 0.000271977 -0.00321379 0.0150253 -0.00432704 -0.00696323 0.00526513 -0.00986895 -0.0113911 0.0043655 -0.00118291 0.00845246 -0.013514 0.00122992 -0.0153004 -0.012867 0.0094978 0.00514129 0.00732227 0.0014279 -0.00224081 -0.00928234 -0.0117623 0.0236243 0.0114497 0.0269496
internal_weight=13916.9 13551 12613.9 11024.1 10766.2 10029.2 5906.07 737.003 5629.08 4292.24 4123.09 3168.51 2951.84 3992.47 1693.45 2299.02 2615.94 1123.72 2384.74 2034.15 2236.65 335.902 1969.96 1013.83 859.251 567.411 146.687 365.967 291.84 257.907
internal_count=539060 532373 476945 367929 361956 342635 266219 19321 258405 214238 76416 170945 163677 75247 39938 35309 149226 43293 140283 107766 33285 14451 29548 19569 17044 11944 5619 6687 5100 5973
is_linear=0
shrinkage=0.05


Tree=70
num_leaves=31
num_cat=0
split_feature=152 153 54 2 53 1 49 1 150 23 152 44 53 9 153 27 0 19 54 13 152 14 0 8 9 24 150 114 19 150
split_gain=81.3191 67.1894 50.3561 53.4644 52.3186 48.5096 44.6635 85.4432 43.467 41.0203 48.9153 44.2665 40.1408 37.7941 33.8269 33.818 37.9117 32.7218 32.4768 31.396 37.2684 33.1446 30.5464 29.6377 28.6915 28.6839 32.9178 41.5768 31.5665 27.6197
threshold=0.31840728732322959 0.33489576666666671 121.50000000000001 1.0000000180025095e-35 8.5000000000000018 1.0000000180025095e-35 87.500000000000014 1.0000000180025095e-35 147772.63595365427 0.085757372500000012 0.83044021987458705 0.17489810000000003 3.5000000000000004 -0.01397066875 0.0074915824915824511 432.50000000000006 798750.00000000012 0.18524230500000002 58.000000000000007 0.10801734750000001 0.78672362243901628 0.015925242500000002 1892498.9200000002 -0.14953850999999999 0.24416961000000001 -0.040769266999999991 33395.977051158225 0.10472972972972971 0.16282526500000002 147772.63595365427
decision_type=2 2 2 2 2 2 2 2 2 2 2 2 2 2 2 2 2 2 2 2 2 2 2 2 2 2 2 2 2 2
left_child=-1 2 3 4 6 -4 9 14 22 11 13 -2 -5 -11 -8 16 -10 -15 19 20 -3 -22 -7 -19 -12 -23 -27 28 -28 -25
right_child=1 18 5 12 -6 8 7 -9 15 10 24 -13 -14 17 -16 -17 -18 23 -20 -21 21 25 -24 29 -26 26 27 -29 -30 -31
leaf_value=0.033726586601936968 0.021152296175255304 -0.0036819855105319939 -0.060074310374051171 -0.031222849963456673 -0.04996691261833338 0.060563068133803459 -0.027257043691542006 -0.05089005161131227 -0.06942063422344473 0.003096178736952749 0.0015305320831417888 -0.0043757111001688281 0.016248876094042679 -0.0039018852864265395 0.010674764783742083 -0.045822266278567274 0.0058251176909451833 -0.0020214174924426736 0.023079632202186704 0.025691011218897358 0.039285227467445699 0.018467004693270138 0.0089826399277356337 -0.0075458096715925295 -0.0085981399697239776 0.022648696813267765 0.03097536162223918 -0.050758164926818741 0.00079758891516489407 -0.024819612826007784
leaf_weight=176.45178407244384 250.77264539210955 1418.1795391977503 28.173630169076205 49.549361406498065 65.969383822004602 59.663535160711035 62.89800743071828 65.36985256166372 16.929157671344001 299.30084525419079 1297.2804917820904 526.03613222009153 439.61649650438267 453.46231441604505 896.71981536054227 33.478967583621852 1496.1259398593102 223.7627271449328 227.65803128178231 155.89529815668357 74.510798998177052 360.96746728639118 55.313950715120882 285.885022882052 1516.5190920929163 197.6068163048476 91.063617729581892 37.721351844724268 1789.8501775796758 1214.4609633966102
leaf_count=2449 12193 30632 5832 4127 10317 227 3758 12410 1383 17505 43873 33140 7299 28612 15051 3383 31914 16368 970 1796 330 3261 692 15005 73716 1044 633 756 20317 140067
internal_value=3.33516e-11 -0.000434682 -0.00282642 -0.00455236 -0.00564521 0.00498528 -0.00523296 0.00442072 0.00608847 -0.00686376 -0.00843908 0.00386535 0.0114403 -0.0135633 0.00818853 0.00388339 0.00498321 -0.0158532 0.00469512 0.00368068 0.00281635 0.00642795 0.0357485 -0.0189965 -0.00392839 0.00543965 0.00321757 0.0012163 0.00225863 -0.0215282
internal_weight=13867.2 13690.7 9337.29 7647.6 7158.44 1689.69 7092.47 1024.99 1661.51 6067.48 5290.67 776.809 489.166 2476.87 959.618 1546.53 1513.06 2177.57 4353.45 4125.8 3969.9 2551.72 114.977 1724.11 2813.8 2477.21 2116.24 1918.64 1880.91 1500.35
internal_count=539060 536611 476872 433441 422015 43431 411698 31219 37599 380479 335146 45333 11426 217557 18809 36680 33297 200052 59739 58769 56973 26341 919 171440 117589 26011 22750 21706 20950 155072
is_linear=0
shrinkage=0.05


Tree=71
num_leaves=31
num_cat=0
split_feature=152 153 152 16 13 152 8 150 48 114 0 49 19 17 152 29 19 49 54 40 153 48 150 0 18 21 152 29 49 1
split_gain=78.9232 71.7031 57.5346 57.6712 52.7134 67.4885 51.5489 42.6921 48.591 41.2321 40.8785 41.8957 36.6738 33.8768 32.1501 30.5393 29.2096 28.9263 46.6557 28.372 27.1001 26.0506 68.8552 38.7034 33.9072 32.4334 27.0965 27.0528 26.0229 49.5267
threshold=0.45035120232289044 0.050179856115107911 0.52203048897911153 1.0000000180025095e-35 0.035348401000000008 0.73177068814786794 -0.070652437499999984 1078161.2652380953 345786.80252777785 0.12852341077957305 358950.00000000006 4.5000000000000009 0.015269565500000002 -0.093967814999999996 0.95753826061075575 -0.096391614499999986 0.16282526500000002 18.500000000000004 35.500000000000007 0.55096695000000007 1.0000000180025095e-35 24776430.447017733 7891854.1027729539 6145989.9450000012 1.0000000180025095e-35 0.32456541500000008 0.93302652091720506 -0.0091817479999999983 12.500000000000002 1.0000000180025095e-35
decision_type=2 2 2 2 2 2 2 2 2 2 2 2 2 2 2 2 2 2 2 2 2 2 2 2 2 2 2 2 2 2
left_child=20 21 -3 4 5 12 15 9 -9 14 11 -10 -4 -14 19 -7 -12 18 -15 -8 -1 22 26 24 25 -23 -2 -28 -18 -30
right_child=1 2 3 -5 -6 6 7 8 10 -11 16 -13 13 17 -16 -17 28 -19 -20 -21 -22 23 -24 -25 -26 -27 27 -29 29 -31
leaf_value=0.058747507826864387 -0.0080481405817936884 -0.017884575823755827 0.019140272297145888 0.028607654721919326 0.021585996746053628 0.051689835097930584 0.0051098486462256201 -0.054399236195072823 -0.060531014784118792 -0.015552825015826095 0.027494761684128462 -0.010500890086797056 0.011945685810233048 -0.020731951704471632 0.023598661674019427 0.011413298795103308 -0.0034589054152990291 0.00034484961412803222 0.0025590418524276876 -0.094002646993028099 0.017911793582007608 -0.055972991889201767 -0.036974377926002742 0.023371313738115327 0.018113580635343102 0.0069953279709568314 0.057935901993267286 0.0035912911632205191 0.023256723969341964 -0.054701842092392844
leaf_weight=46.83485804265365 2505.6990902017369 370.44745789549233 121.00926195572538 202.31283935374813 319.95663820210029 49.353144543536473 3206.4006068120943 46.029545941273682 55.861135997096426 231.94646602962166 88.771890552248806 166.77746854437282 169.46002768076141 932.74484742579807 247.21076452464331 1014.9649541216131 2062.0219282772305 386.55570958468161 279.42803420542623 7.2369058990152544 306.59077967546182 53.389126659429166 197.93470833585889 164.16233999328688 55.872001474563149 33.145593474619091 25.351873504696414 236.8022617122042 190.09299530822318 22.818346517291502
leaf_count=639 170692 19348 3288 3845 6181 743 51086 7305 6142 4993 1570 6131 4942 69877 1374 20169 71712 10571 5819 170 6048 6219 37309 2826 2741 1271 360 9452 3269 2968
internal_value=-1.61975e-10 -0.000613149 0.00145803 0.00218913 0.0016323 0.000944236 0.00310036 0.0013873 -0.00347802 0.0048555 -0.00257177 -0.0230537 -0.00748931 -0.00931175 0.00622327 0.0132809 -0.000642568 -0.011565 -0.015363 0.00488665 0.0233232 -0.00705097 -0.00848527 0.00682472 -0.0122497 -0.0318541 -0.00644796 0.00884674 -0.00174054 0.0149017
internal_weight=13797.2 13443.8 10171.4 9800.95 9598.64 9278.68 7389.49 6325.17 2632.37 3692.79 2586.34 222.639 1889.2 1768.19 3460.85 1064.32 2363.71 1598.73 1212.17 3213.64 353.426 3272.36 2965.79 306.569 142.407 86.5347 2767.85 262.154 2274.93 212.911
internal_count=539060 532373 301503 282155 278310 272129 177632 156720 99097 57623 91792 12273 94497 91209 52630 20912 79519 86267 75696 51256 6687 230870 217813 13057 10231 7490 180504 9812 77949 6237
is_linear=0
shrinkage=0.05


Tree=72
num_leaves=31
num_cat=0
split_feature=152 152 25 10 153 54 18 152 49 3 8 1 2 53 38 19 150 24 54 1 153 11 99 13 53 23 153 46 48 0
split_gain=75.6592 67.0899 73.9497 59.2091 54.208 46.6593 46.8035 48.219 45.8609 96.2337 45.8539 44.9814 35.1917 43.8818 35.0361 35.0224 31.591 28.6113 30.9636 34.1146 32.0113 28.8362 28.4498 28.7061 26.8566 26.463 26.0222 25.8938 25.4631 89.1708
threshold=0.45035120232289044 0.64372373473078903 0.16814626000000002 -0.031192453499999995 0.052677131973684205 32.500000000000007 -0.30197799999999991 0.95753826061075575 18.500000000000004 1.0000000180025095e-35 -0.084473539999999986 1.0000000180025095e-35 1.0000000180025095e-35 6.5000000000000009 0.19081239500000002 0.03312381100000001 27581684.241153851 -0.071967959999999984 15.500000000000002 1.0000000180025095e-35 0.73205128205128212 0.10763065000000001 0.077524038461538464 0.035348401000000008 6.5000000000000009 0.27420974000000004 1.0000000180025095e-35 -0.05282705749999999 4090810.6182888201 1983460.1050000002
decision_type=2 2 2 2 2 2 2 2 2 2 2 2 2 2 2 2 2 2 2 2 2 2 2 2 2 2 2 2 2 2
left_child=26 15 3 -3 -5 6 -6 8 10 -10 -8 -7 13 17 -9 -2 28 -12 20 -20 -19 25 23 -17 -14 -22 -1 -4 29 -13
right_child=1 2 27 4 5 11 7 14 9 -11 12 16 24 -15 -16 22 -18 18 19 -21 21 -23 -24 -25 -26 -27 -28 -29 -30 -31
leaf_value=0.058394722545936029 0.0090408708082730296 0.013179431808371259 0.013434439447341929 -0.0068942930981648227 0.027406274719738458 -0.065133180460271209 0.00732421247050246 0.00013091332742299865 -0.054830189420527913 0.0073472394978392561 0.0039915080631457642 0.014746205620750366 -0.032977358830852226 -0.056470279496200537 0.034385658012540531 -0.013296956686755609 -0.027541031544813955 -0.019739703816718121 -0.07963275635748901 -0.00040310900582682759 -0.0026216843535299683 0.017018900922259037 -0.037570920278066397 0.0042688249526890423 0.018449922704032538 -0.022986142497691386 0.017739541219576761 0.048124750782913277 0.01964389150201739 -0.012082264507545099
leaf_weight=45.253397109452635 229.49140326106681 825.61740035840194 113.76021080708597 2658.0050170782124 142.26916735849227 20.853744321590057 577.92314596455981 143.87149986234726 65.041579450029531 1439.755351543412 392.05891085689655 1001.2471635941183 29.36149678385118 48.64190789803979 155.14238536846824 1294.5606349005102 58.427378646214493 1043.9724081575769 13.844964029311084 727.57749770380906 423.407215777901 112.65861909044906 100.55373966776824 283.5223632278321 187.52408953080885 255.96648331813049 302.21928241720889 102.04447442093806 488.76881886800402 448.43948967423057
leaf_count=639 9839 23965 3611 183960 3357 1744 17994 1572 6789 23529 14087 7302 1577 5613 996 80836 2499 67908 2251 23460 5884 1104 9264 11123 1993 3972 6048 1000 7709 7435
internal_value=9.2743e-11 -0.000597998 0.000845465 0.000289826 -0.000730024 0.00137685 -0.000915589 -0.00163297 -0.00273151 0.00465976 -0.00564852 0.00791993 -0.00796605 -0.00936402 0.0179039 -0.00927952 0.00868283 -0.0085924 -0.0105066 -0.00188261 -0.0139891 -0.00640933 -0.0117841 -0.010141 0.0114878 -0.0102944 0.0230343 0.029838 0.00977467 0.00644721
internal_weight=13731.8 13384.3 11476.2 11260.4 10434.8 7776.75 5759.02 5616.75 5317.73 1504.8 3812.94 2017.74 3235.01 3018.13 299.014 1908.13 1996.88 2969.49 2577.43 741.422 1836 792.032 1678.64 1578.08 216.886 679.374 347.473 215.805 1938.46 1449.69
internal_count=539060 532373 421311 416700 392735 208775 182086 178729 176161 30318 145843 26689 127849 124279 2568 111062 24945 118666 104579 25711 78868 10960 101223 91959 3570 9856 6687 4611 22446 14737
is_linear=0
shrinkage=0.05


Tree=73
num_leaves=31
num_cat=0
split_feature=152 153 2 53 54 54 49 1 0 150 48 48 150 23 53 1 99 150 48 14 15 41 0 22 150 0 38 0 0 68
split_gain=73.4467 63.0462 40.6735 46.7759 40.1998 38.9554 44.111 54.4665 52.2968 77.3624 76.0496 67.7299 65.421 35.126 33.9851 33.9643 31.8429 32.6021 65.4745 34.1488 29.7271 29.6288 72.4568 45.3602 43.3117 93.4721 45.9302 43.6153 39.7378 28.9393
threshold=0.45035120232289044 0.26682741333333332 1.0000000180025095e-35 8.5000000000000018 121.50000000000001 44.500000000000007 87.500000000000014 1.0000000180025095e-35 6145989.9450000012 378491.35586956493 478304.16325899289 6130345.485318183 8230807.0343750017 0.14126611500000003 3.5000000000000004 1.0000000180025095e-35 0.079878826530612221 74491.955450877213 68931.521521739138 0.23728694000000003 -0.10307357449999999 0.033878529500000004 1940181.4000000001 0.019619554000000004 1078161.2652380953 1918817.7750000001 0.15351542500000001 284725.00000000006 798750.00000000012 0.77272727272727282
decision_type=2 2 2 2 2 2 2 2 2 2 2 2 2 2 2 2 2 2 2 2 2 2 2 2 2 2 2 2 2 2
left_child=-1 2 3 5 16 6 8 -8 9 -2 -11 -10 13 -12 -4 -7 17 -3 -19 -20 -13 22 28 -24 27 26 -26 -23 -17 -21
right_child=1 4 14 -5 -6 15 7 -9 11 10 12 20 -14 -15 -16 21 -18 18 19 29 -22 24 23 -25 25 -27 -28 -29 -30 -31
leaf_value=0.022898027773088948 -0.0028542979115020622 0.014061567926215586 -0.029055973515467251 -0.04874278574066282 0.026746665733016546 -0.059772387058047972 0.0067266204021924486 -0.045461614034397954 -0.025654995908574143 -0.044411034432035479 0.0043619222028887916 0.0012557898237918479 -0.042584193419153399 -0.01452304063893637 0.015675516227496047 -0.078869779524672709 -0.020083617292696376 -0.062946834268563887 0.0081261319876980327 -0.00065392368772075116 0.021026597775218869 0.065564976543316292 -0.0096174489719637185 -0.046812435562779808 -0.0065296799351028823 0.0082493114414048298 -0.056806713030049354 0.013704017409278993 0.0077562236704347993 -0.043560676875514653
leaf_weight=341.45071894230205 1597.9628469221188 661.19798101136985 47.231556295009796 58.015073744354595 186.44490621751174 22.347601828023471 896.01402903419512 52.949157752664178 188.1456047519041 234.72487806406571 310.16026931687884 615.69548528445011 179.26388446894634 1194.5347350638567 420.49790966115688 13.531399704457725 143.91949011353427 38.371826939037419 1641.1092437831103 2107.0666192343488 275.067597450834 44.161702136858366 244.65933775401209 123.26621054613497 89.701345248264261 700.95580345805502 92.030069889326114 494.5246309209615 612.13141772069503 40.04547436919529
leaf_count=6687 72079 5415 4393 9972 874 5448 18331 12061 29052 34850 23684 18095 55967 100100 7034 1095 2905 1695 23097 35370 5371 132 8007 6172 3186 19445 10483 6566 10649 845
internal_value=-5.73686e-11 -0.000586726 -0.00317489 -0.00400876 0.00398328 -0.00368361 -0.00599955 0.00381468 -0.00802614 -0.0109805 -0.0177484 0.00160351 -0.0140319 -0.0106303 0.0111585 0.0015848 0.00306696 0.00380938 0.0020379 0.00269615 0.00736101 0.00215258 -0.00447145 -0.0220789 0.00678301 -3.53966e-05 -0.0319903 0.0179556 0.00588274 -0.00145417
internal_weight=13667.2 13325.7 8507.57 8039.84 4818.16 7981.83 5544.52 948.963 4595.56 3516.65 1918.68 1078.91 1683.96 1504.7 467.729 2437.31 4631.71 4487.79 3826.59 3788.22 890.763 2414.96 993.588 367.926 1421.37 882.687 181.731 538.686 625.663 2147.11
internal_count=539060 532373 462172 450745 70201 440773 369590 30392 339198 286680 214601 52518 179751 123784 11427 71183 69327 66422 61007 59312 23466 65735 25923 14179 39812 33114 13669 6698 11744 36215
is_linear=0
shrinkage=0.05


Tree=74
num_leaves=31
num_cat=0
split_feature=19 152 16 12 13 33 25 27 150 48 54 49 153 12 24 150 152 0 48 17 0 46 35 34 14 37 152 14 145 33
split_gain=70.9916 60.4544 64.323 57.3488 53.5166 47.2355 45.4917 43.2297 39.8761 68.2972 42.4526 35.8519 35.3605 33.7332 32.3266 32.2213 33.1146 32.5553 38.7991 65.2921 31.2074 30.4611 30.4531 30.358 28.4341 27.3318 28.5596 26.1466 25.3071 28.4811
threshold=1.0000000180025095e-35 0.78537603865405703 -0.072844194999999987 -0.23814543499999996 -0.086738124999999985 -0.13045676999999997 -0.0026384162499999996 573.50000000000011 608859.27924426447 728321.83720279729 30.500000000000004 95.500000000000014 0.010479060333333302 0.17272273000000002 -0.18843896499999999 6070641.2754473696 0.88127530992663961 1983460.1050000002 5410991.9321428584 0.15132558500000001 798750.00000000012 -0.097734201999999978 0.27121770500000003 -0.24284509499999998 0.26572408000000008 -0.26887562999999992 0.45035120232289044 0.24154638500000003 0.10795454545454546 0.045175608000000006
decision_type=2 2 2 2 2 2 2 2 2 2 2 2 2 2 2 2 2 2 2 2 2 2 2 2 2 2 2 2 2 2
left_child=-1 2 4 5 8 -3 7 12 14 -10 11 -11 -5 15 -2 16 24 28 19 -19 -12 -8 27 -6 -14 26 -4 -18 29 -17
right_child=1 3 25 6 23 -7 21 -9 9 10 20 -13 13 -15 -16 17 22 18 -20 -21 -22 -23 -24 -25 -26 -27 -28 -29 -30 -31
leaf_value=0.020856608383231872 0.018459399149709458 0.037933909160917566 0.031469874105338108 -0.022128978365701771 -0.0087608665949457706 0.0073490841427549421 0.001372604204983426 -0.016888533598386039 -0.04753194344023573 -0.021383187434583631 -0.064758634539231544 0.01548283785366855 0.0027701911089783432 0.019936374440691414 -0.0066059869792126098 -0.059388735563268881 0.010376729147743433 0.0077987105342061632 0.0025339840525536676 -0.055593825851914982 -0.00054464199276433873 0.025348080295807235 0.0096655373792788896 0.0091949507203105841 -0.0086163706649408367 0.019690429083403738 -0.0070100588850586128 -0.0040483496230480434 0.051853979565681933 -0.010295626683126679
leaf_weight=396.09676506286269 142.04029773853836 186.34216586349066 58.091822031186894 165.13632760300243 365.49476217620031 391.39629666297697 235.18273123765539 367.743266324047 150.2607205485856 936.00431810467853 19.499222870188532 70.94631391542498 1122.1280064625171 234.07652691131807 1362.739772097505 67.084304626376252 438.0523547224002 77.191536616563099 500.41093122007442 85.730053735896945 637.78685257073084 303.37196139722073 1744.6532675773487 661.32842967494889 1072.0889767102199 330.76074057350161 283.74338708436335 1110.5048797597992 8.430695148999801 52.792166141109192
leaf_count=11665 3639 2359 907 13902 18019 10265 7402 17582 24851 98126 3438 1780 34349 5487 51622 16731 7456 3357 17525 8761 28502 5013 24877 21680 43446 10003 14283 27911 143 3979
internal_value=1.84342e-11 -0.000626753 -0.00494513 0.00202845 -0.00717195 0.0172138 0.000871742 -0.000198823 -0.0102579 -0.0152486 -0.0123338 -0.0187857 0.000720205 0.00129953 -0.00424 0.00060477 0.00196519 -0.00882529 -0.00436589 -0.0255587 -0.00244963 0.0148782 0.00513567 0.00280363 -0.00279325 0.00944387 -0.00047074 3.21839e-05 -0.0318799 -0.0377687
internal_weight=13577.1 13181 5018.7 8162.32 4346.1 577.738 7584.58 7046.02 3319.28 1814.5 1664.24 1006.95 6678.28 6513.14 1504.78 6279.07 5487.43 791.64 663.333 162.922 657.286 538.555 3293.21 1026.82 2194.22 672.596 341.835 1548.56 128.307 119.876
internal_count=539060 527395 276850 250545 251657 12624 237921 225506 211958 156697 131846 99906 207924 194022 55261 188535 138039 50496 29643 12118 31940 12415 60244 39699 77795 25193 15190 35367 20853 20710
is_linear=0
shrinkage=0.05


Tree=75
num_leaves=31
num_cat=0
split_feature=152 153 54 15 152 36 9 1 49 8 18 150 0 93 32 15 0 21 16 37 37 81 14 125 19 13 150 114 48 150
split_gain=70.6707 58.8251 52.4198 47.5728 51.2287 50.0368 40.9148 39.4827 34.7177 38.0725 33.0763 31.8119 42.8632 43.1483 38.2926 36.9293 34.0639 29.0775 28.4296 45.775 32.7288 29.4715 28.0076 27.0974 26.9803 25.5856 25.0064 41.7875 30.4115 74.313
threshold=0.31840728732322959 0.51000000000000012 121.50000000000001 0.0047538620000000011 0.76405086084293938 -0.15827709499999998 -0.060255148499999994 1.0000000180025095e-35 47.000000000000007 -0.17323741999999998 -0.30197799999999991 1492189.3613241108 346676.09500000003 0.061920098151982163 0.0090549057500000016 -0.16540410999999997 985037.16000000003 -0.016505501499999995 -0.30440212999999994 -0.27541385499999993 -0.27645222499999994 0.23611111111111113 0.28732340000000006 0.016523867809057503 0.21297351500000003 -0.14171322499999997 23646.378124999934 0.98000000000000009 639498.74438888906 458566.99628205149
decision_type=2 2 2 2 2 2 2 2 2 2 2 2 2 2 2 2 2 2 2 2 2 2 2 2 2 2 2 2 2 2
left_child=-1 2 3 4 8 -5 -6 -4 9 -2 -8 12 -9 -14 -13 -16 -15 -11 19 24 22 23 -20 -22 -12 -19 -3 28 29 -28
right_child=1 26 7 5 6 -7 10 11 -10 17 18 14 13 16 15 -17 -18 25 20 -21 21 -23 -24 -25 -26 -27 27 -29 -30 -31
leaf_value=0.032928738484749795 0.0012236599471757094 0.020042383763738379 -0.058436464284354998 -0.010047862844488897 0.046339802840493938 0.015697346757255287 0.031680360173216335 0.060807172993130466 0.00067107188750033372 0.00273699684101295 0.02509021955677292 -0.028670255885766483 0.018698371471971387 0.03649233916089259 0.010528052582991406 -0.012927964408791593 -0.014370829680468914 -0.024623491287677522 -0.011402768287659541 -0.015753635477518065 0.012759132018518738 -0.042315324550174394 0.0065344372454460425 -0.0083455700063323549 -0.0035142685773336896 -0.0096858673182765795 0.0027809015240780055 -0.087815101067493032 0.0077705698381945647 -0.036200782594937017
leaf_weight=161.00018349301536 315.76705801264143 264.65518131933641 23.833286223765754 282.24599800404758 42.53991093437071 569.60051930920963 68.189781207358465 45.134622588288039 468.26358049898408 154.13755477332961 86.155936244467739 103.93913116076146 536.65393261681311 38.994955084519461 566.36938378826017 238.45311269600643 211.21369535347912 961.30077648339648 647.51216562918853 921.31039193486504 817.22463952429825 28.977678920491599 327.79136314141215 186.87176969312713 1909.3970826163277 408.47154919809145 849.82611117430497 12.333729753503574 2128.5108619023231 142.80429004481994
leaf_count=2449 20387 1687 5832 16451 741 21344 1804 154 18527 9911 2357 7860 4838 331 13061 7561 4273 108224 34048 54747 27645 655 14199 9490 81388 27610 8863 330 27851 4442
internal_value=1.20987e-11 -0.000396866 -0.00233487 -0.00401797 -0.00531536 0.00716707 -0.00248831 0.00548236 -0.011484 -0.0145779 -0.00290429 0.00635749 0.0134216 0.0107036 -0.000109939 0.0035785 -0.00644382 -0.0178522 -0.00338311 -0.00653526 0.00119491 0.00739669 -0.00537422 0.00883135 -0.0022793 -0.020169 0.00528368 0.00403715 0.00440012 -0.00282718
internal_weight=13519.5 13358.5 9960.35 8195.76 7343.91 851.847 5035.97 1764.59 2307.94 1839.68 4993.43 1740.76 831.997 786.863 908.762 804.822 250.209 1523.91 4925.24 2916.86 2008.38 1033.07 975.304 1004.1 1995.55 1369.77 3398.13 3133.47 3121.14 992.63
internal_count=539060 536611 493438 449528 411733 37795 227074 43910 184659 166132 226333 38078 9596 9442 28482 20622 4604 145745 224529 138492 86037 37790 48247 37135 83745 135834 43173 41486 41156 13305
is_linear=0
shrinkage=0.05


Tree=76
num_leaves=31
num_cat=0
split_feature=153 153 150 48 0 48 1 17 38 54 21 12 153 30 47 119 54 152 14 35 152 42 21 11 150 0 48 9 0 150
split_gain=68.013 56.2309 50.4089 80.5372 53.564 61.5167 77.6055 67.4792 47.1883 52.8759 46.0613 39.0997 34.9822 34.0908 40.5113 33.8923 33.4817 29.5576 32.7462 30.8156 28.4526 30.5872 29.7684 28.4299 28.1276 37.4466 56.1043 27.1537 26.1934 28.6226
threshold=1.0000000180025095e-35 0.045529727727272706 1241970.9374102566 345786.80252777785 1600160.4300000004 3172592.2662820518 1.0000000180025095e-35 0.063885020000000015 0.17005806500000001 5.5000000000000009 -0.0093758742499999975 -0.24831301999999997 0.62135295952380964 0.16056313500000002 -0.14665704999999998 0.0053501112823146008 11.500000000000002 0.73352216651216084 1.0000000180025095e-35 0.29290233000000004 0.94538314116789557 0.32903026500000004 0.35133831000000004 -0.17676531499999995 18055341.479609434 11496125.000000002 20860673.720273815 -0.073561314999999988 1362674.0000000002 1779997.5464285717
decision_type=2 2 2 2 2 2 2 2 2 2 2 2 2 2 2 2 2 2 2 2 2 2 2 2 2 2 2 2 2 2
left_child=-1 27 10 -4 8 6 -6 16 13 11 -3 -10 24 14 -5 28 -8 -12 -19 23 21 -21 -23 -20 -7 -26 -27 -2 -11 -30
right_child=1 2 3 4 5 12 7 -9 9 15 17 -13 -14 -15 -16 -17 -18 18 19 20 -22 22 -24 -25 25 26 -28 -29 29 -31
leaf_value=0.061808049037806762 0.014822466160005788 0.022713457775087788 -0.054142722250925306 -0.0057188900945147666 0.013939982230122548 0.006176265409783846 -0.053390335793473312 -0.03796720969864717 0.036770661878540861 -0.05183469710786065 -0.0027066560260976939 -0.014360761806132575 0.019108510148069021 0.0043643347655421489 -0.074769439354596678 0.020242280887235814 0.011197221883103965 0.033708176648822204 0.025014079720485173 0.011990364973656072 0.030981637419686153 -0.039916727114428896 0.016753912887595802 0.0015328045440373614 -0.033736585407774633 -0.025720635237356845 0.020331747058457434 -0.0073759604706902064 0.026009413610904142 -0.037636299886777691
leaf_weight=44.361759814226389 144.85024278619676 320.3624195765733 75.299487394338939 65.122278395981994 204.19188606880198 1344.2328038863343 23.346316066745203 285.14819089599769 46.066478042601375 185.03063383866538 1550.1283959251086 198.47474818868068 404.7806694706378 470.09471919616772 31.523630164971109 24.345959277838119 142.78675444281907 99.064491295197513 134.02012394100893 749.73661196784815 169.97641727735754 59.368108918191865 38.008526238496415 3377.7234334124223 110.51631097514473 114.83953948307317 155.93912086682394 2814.5187996426503 25.546103894055705 57.258483625413646
leaf_count=739 6564 5257 13977 1565 5644 54988 3306 21200 1483 31154 47428 12531 4376 12308 2465 905 3585 1037 1617 9111 904 1493 419 60765 11088 5763 2231 206017 591 8549
internal_value=1.60547e-11 -0.00020428 0.00151686 -0.00292641 -0.00193481 0.00175818 -0.0116366 -0.0232093 -0.0112581 -0.021883 0.00422762 -0.00472867 0.00587963 -0.00119593 -0.0282416 -0.0362403 0.00212087 0.00326903 0.00527061 0.00464856 0.0123124 0.0085663 -0.0177968 0.00242893 0.00277635 -0.00920986 0.000800539 -0.00628943 -0.0413746 -0.0180009
internal_weight=13466.7 13422.3 10462.9 3964.54 3889.24 2785.78 655.473 451.281 1103.46 536.722 6498.39 244.541 2130.31 566.741 96.6459 292.181 166.133 6178.03 4627.9 4528.83 1017.09 847.113 97.3766 3511.74 1725.53 381.295 270.779 2959.37 267.835 82.8046
internal_count=539060 538321 325740 197709 183732 112181 33735 28091 71551 55213 128031 14014 78446 16338 4030 41199 6891 122774 75346 74309 11927 11023 1912 62382 74070 19082 7994 212581 40294 9140
is_linear=0
shrinkage=0.05


Tree=77
num_leaves=31
num_cat=0
split_feature=16 152 11 13 153 19 28 21 152 37 8 17 43 20 152 9 10 152 27 30 26 19 33 66 150 152 41 32 150 27
split_gain=67.4286 52.4013 59.0849 56.2163 41.7313 39.2573 31.8291 27.9578 27.2805 35.6638 27.0339 26.8686 30.0067 25.9569 27.3692 29.9899 29.8968 30.2501 28.9556 26.6427 25.5424 25.2013 25.0658 27.9504 25.45 26.5725 26.4058 24.8439 23.9998 23.4792
threshold=-0.029447939999999995 0.73667967444362592 -0.19034199499999996 -0.060624706999999993 0.15388464692307693 -0.021600753499999997 -0.060972057499999989 1.0000000180025095e-35 0.31840728732322959 -0.22992504499999997 -0.035209531999999995 -0.015360623499999998 -0.0214697625 -0.34122748499999994 0.7921114534108481 0.20008094500000004 -0.014206307499999999 0.96220318077861211 579.50000000000011 0.26736787000000006 -0.011889856499999999 0.11305967500000001 0.17025178500000002 1.0000000180025095e-35 1467147.5372916667 0.94800072532600332 0.03667128850000001 0.016052808000000005 7891854.1027729539 199.50000000000003
decision_type=2 2 2 2 2 2 2 2 2 2 2 2 2 2 2 2 2 2 2 2 2 2 2 2 2 2 2 2 2 2
left_child=1 3 27 5 11 -1 -7 -8 -2 -10 -6 12 -4 -12 -15 -16 -17 18 29 -19 -9 -13 23 24 25 26 -23 -3 -24 -18
right_child=8 2 4 -5 10 6 7 20 9 -11 13 21 -14 14 15 16 17 19 -20 -21 -22 22 28 -25 -26 -27 -28 -29 -30 -31
leaf_value=0.013879337447829305 0.045737611463157468 0.031828223412470158 0.021231574165466664 0.0048175234443394686 0.011960417736904481 -0.031844021232831698 0.0046573511110156833 -0.015185213983727332 0.0039231589179433762 0.034370576376086502 0.040958318813545946 0.028415232861339918 -0.010385511066280918 -0.010540120051610029 0.0092168541072622096 0.020451183234129377 -0.011891008610905113 -0.0027735300476329238 -0.033354128499978916 0.037955027439885804 -0.0022137522253917702 -0.0095558647950011906 0.056152219147302895 0.00072543481946186843 -0.01527769233949049 0.01542859566724644 0.0047620077895336108 -0.0019872871075435959 -0.068785768726008764 0.0017405281554061709
leaf_weight=165.99336976504492 73.200633863219082 218.42223416917841 228.50643149818643 903.87938076270439 871.53118511353387 174.21990336567978 296.16890433464323 1461.4975125833917 326.60629996271746 136.31728921410922 42.433093123720028 60.143050567799946 111.74064157306566 407.70867352747882 1238.1759306982858 148.81575460429303 513.03817781666294 80.355008871061727 86.467487232410349 80.257628176826984 512.62441025602675 1394.0352051610971 28.480561702788691 1610.2659798029199 770.71990453224862 153.33274599310244 418.74981089445646 72.293535838296521 4.4434803765325332 822.03075406423886
leaf_count=5411 965 4307 7443 34275 10645 19479 13806 105997 13018 2692 277 1894 6799 11455 14245 1278 7401 538 1816 342 23095 68309 489 77156 74524 2704 11431 2679 861 13729
internal_value=-1.6752e-10 -0.000723394 0.00123089 -0.00592939 0.000519792 -0.00965047 -0.0112483 -0.00966775 0.0173741 0.012889 0.00409936 -0.00269316 0.0108482 0.00209568 0.00160734 0.00327537 -0.00097463 -0.00298993 -0.00531384 0.0175784 -0.0118169 -0.00373083 -0.00417223 -0.00450141 -0.00757671 -0.00455792 -0.00624846 0.0234192 0.0392904 -0.00349778
internal_weight=13412.5 12876.3 9361.95 3514.38 9071.23 2610.5 2444.51 2270.29 536.124 462.924 4290.81 4780.42 340.247 3419.28 3376.85 2969.14 1730.96 1582.15 1421.54 160.613 1974.12 4440.17 4380.03 4347.1 2736.84 1966.12 1812.79 290.716 32.924 1335.07
internal_count=539060 522385 320322 202063 313336 167788 162377 142898 16675 15710 61726 251610 14242 51081 50804 39349 25104 23826 22946 880 129092 237368 235474 234124 156968 82444 79740 6986 1350 21130
is_linear=0
shrinkage=0.05


Tree=78
num_leaves=31
num_cat=0
split_feature=152 152 25 153 15 152 16 13 36 37 26 19 7 12 28 27 93 150 152 54 46 153 11 150 48 5 0 152 17 38
split_gain=65.8698 60.8994 60.3723 56.3634 52.43 46.1246 51.1633 52.0718 43.4731 40.9032 33.1829 35.3944 33.0428 32.0552 29.1949 28.2435 32.923 27.5307 29.0602 28.943 24.8971 23.9105 23.3813 25.7511 35.7136 39.4198 29.3283 27.7423 23.323 35.5559
threshold=0.45035120232289044 0.5502026774843628 0.17763210000000004 0.032389194859690502 0.015335793000000002 0.86986628201798089 -0.15041142499999996 -0.15687252499999996 -0.18036168499999997 -0.32642969999999999 -0.015721238499999995 0.15775875000000003 0.28849588500000006 -0.23069081999999999 -0.0081447124999999981 538.50000000000011 0.47199638663053306 702062.82887786522 0.78945422321363667 30.500000000000004 -0.075892462499999994 1.0000000180025095e-35 0.12273622500000002 1345054.595744347 3463573.6269999999 1.0000000180025095e-35 1346542.9700000004 0.93876938304679891 0.067478762500000011 0.18412073500000001
decision_type=2 2 2 2 2 2 2 2 2 2 2 2 2 2 2 2 2 2 2 2 2 2 2 2 2 2 2 2 2 2
left_child=21 -2 3 28 5 6 7 10 -6 -8 11 -5 17 -7 -14 16 22 -13 19 -19 -4 -1 23 -15 25 -25 27 -26 29 -3
right_child=1 2 20 4 8 13 9 -9 -10 -11 -12 12 14 15 -16 -17 -18 18 -20 -21 -22 -23 -24 24 26 -27 -28 -29 -30 -31
leaf_value=0.057451612678424246 -0.014309464574851979 0.0078834218662467599 0.0077854250193847112 0.0060271933094474652 -0.0082309800292102771 0.02276605267894868 -0.015472143317570903 0.0047538562357376159 0.020924306619099109 0.012071414261663816 0.005488169701720582 -0.0079970321490774703 -0.055107835083378624 0.0069464076000552771 0.0068448123862027213 -0.010072745559859052 -0.093024347121179823 -0.036153822763659457 -0.013018630574709901 -0.0088397728243944894 0.0367491998623522 0.017130494040672028 0.019706078714125445 -0.025727167230561922 -0.036113625272839449 0.015014434062196137 0.0069283886191655458 0.013553764428240573 -0.011953667437322631 -0.020590983109208625
leaf_weight=42.467976447194815 757.13407491693033 409.723267978894 145.31956057588104 305.45634782343404 166.12387242156547 219.45084964064881 161.70859341199684 1004.2011463188528 555.06062410825689 809.72229889355367 388.01555176009515 1025.1006405241933 20.284742815187201 2112.0501100353431 304.12472583893395 367.19704858391196 8.63423800957389 351.67271548275312 774.34992540726671 133.91947698839067 151.59514355308056 273.90879901169683 242.78182096494129 253.77482477031299 82.742745547060622 77.503765616740566 736.12840049470833 42.585132835840341 1294.3642553560821 149.68630504556131
leaf_count=639 47061 18935 5743 9637 6345 2288 10027 33939 12762 24961 13683 34987 3509 24827 10215 10309 244 52273 47488 6537 2584 6048 3181 8829 6818 2095 18119 1420 96852 16705
internal_value=6.5379e-11 -0.0005465 0.000301151 -0.000250096 0.00121511 0.000220501 -0.00287885 -0.00521663 0.0142084 0.00748639 -0.00824799 -0.0100765 -0.0119615 0.0041695 0.00297102 0.00312932 0.0044925 -0.0140815 -0.0190319 -0.028621 0.0225734 0.0225429 0.00472984 0.00362963 -0.00224358 -0.0161955 0.00312173 -0.0192372 -0.00826669 0.000264266
internal_weight=13366.8 13050.4 12293.3 11996.4 10142.6 9421.41 5278.56 4307.13 721.184 971.431 3302.92 2914.91 2609.45 4142.85 324.409 3923.4 3556.2 2285.04 1259.94 485.592 296.915 316.377 3547.57 3304.78 1192.73 331.279 861.456 125.328 1853.77 559.41
internal_count=539060 532373 485312 476985 344493 325386 247256 212268 19107 34988 178329 164646 155009 78130 13724 75842 65533 141285 106298 58810 8327 6687 65289 62108 37281 10924 26357 8238 132492 35640
is_linear=0
shrinkage=0.05


Tree=79
num_leaves=31
num_cat=0
split_feature=16 9 152 23 19 152 22 43 14 32 14 16 27 18 19 40 40 150 37 22 21 28 24 33 40 152 17 34 152 140
split_gain=66.3913 47.6658 73.7355 55.0472 48.7552 45.803 50.3018 45.4839 44.0627 41.3993 38.53 33.1781 31.848 29.569 28.7508 50.1949 35.6047 29.2387 28.5307 33.1928 27.3588 27.0249 25.5667 25.6624 25.2028 23.5364 23.4769 25.889 27.0068 23.3883
threshold=-0.015314523999999998 -0.046607891499999991 0.71334817046347943 0.021504493500000003 0.12858796000000003 0.86145845475486837 -0.12919499499999998 0.020489364000000003 0.20638767500000002 -0.11591286199999999 0.083922120000000017 -0.14132393999999995 538.50000000000011 0.13148392500000003 0.41730550000000005 0.32515560000000004 0.42011727500000007 113542.11959884469 -0.26676644499999996 0.10430630250000002 0.27150622500000005 -0.036189341999999992 0.048129872500000011 0.045175608000000006 0.39005610500000004 0.92090870067993713 -0.059705328499999995 -0.18477200999999996 0.82510635650740427 0.69397283531409182
decision_type=2 2 2 2 2 2 2 2 2 2 2 2 2 2 2 2 2 2 2 2 2 2 2 2 2 2 2 2 2 2
left_child=1 -1 10 -4 -5 6 7 -6 18 -7 -3 13 14 22 16 -16 25 -17 19 -8 -18 -12 26 -24 -23 29 -10 28 -28 -11
right_child=-2 2 3 4 5 9 8 -9 11 12 21 -13 -14 -15 15 17 20 -19 -20 -21 -22 24 23 -25 -26 -27 27 -29 -30 -31
leaf_value=0.013207112051127103 0.018305950794267899 0.0012476569754193976 0.021987523676777004 0.020951227726890592 0.013226927625457319 0.041122423467495284 -0.010727908584345153 -0.024476862135651714 0.0153604602136597 0.0037744627294139148 -0.028930889455090866 0.015690060613856121 -0.010618032684878662 0.0024672028147393263 -0.013078639495563642 0.021963071941536513 -0.057017886371410559 0.00092428401567523253 0.0087115579321846524 0.017495812627179318 0.011781263488135246 -0.0083840920492869453 -0.012890896789218249 0.014435706532347848 -0.029352791935702251 0.012944480376225909 -0.036517954916944283 -0.0029916886456183961 -0.016208884249017844 -0.10376139386292996
leaf_weight=589.43686217269351 477.53093726628322 686.13852452274114 293.01959166838787 269.21465166704729 566.9310573433313 68.324425323749892 656.56624888935767 93.128075349406572 39.930024876026437 1599.276078930503 223.16319863658282 102.94232894144079 459.25480505279847 251.95139295172703 630.97374107553333 195.84275711746886 38.439886730368016 1053.438140466038 538.54257909811076 123.81834582562442 23.154096755373757 1494.8911320321913 687.11617534498509 98.192032272214419 158.49330002351417 1094.4297165572643 382.59533420182561 124.44506581076712 286.10408441574691 5.072338444995693
leaf_count=19687 14773 31799 7549 5388 15955 654 29787 7630 1532 38121 24275 3527 16082 11169 25484 2565 1581 27909 19931 4015 546 88404 39576 4304 13317 15168 43707 7883 16626 116
internal_value=-6.96349e-11 -0.000681089 -0.0013496 0.000646447 -1.95345e-05 -0.000638542 -0.00469041 0.00790728 -0.00721614 0.00246003 -0.00889136 -0.0119452 0.00194206 -0.0134663 0.00318505 -0.00158345 0.00643317 0.00422242 -0.000140823 -0.00624984 -0.0311553 -0.0125986 -0.0159468 -0.00947408 -0.0103941 0.00729105 -0.0220484 -0.0239317 -0.0278287 0.00343448
internal_weight=13312.4 12834.8 12245.4 9682.7 9389.68 9120.47 3952.26 660.059 3292.2 5168.21 2562.69 1973.28 5099.88 1870.33 4640.63 1880.25 2760.37 1249.28 1318.93 780.385 61.594 1876.55 1618.38 785.308 1653.38 2698.78 833.075 793.144 668.699 1604.35
internal_count=539060 524287 504600 346805 339256 333868 205642 23585 182057 128226 157795 128324 127572 124797 111490 55958 55532 30474 53733 33802 2127 125996 113628 43880 101721 53405 69748 68216 60333 38237
is_linear=0
shrinkage=0.05


Tree=80
num_leaves=31
num_cat=0
split_feature=153 153 54 15 152 36 25 1 23 13 49 46 153 0 150 13 7 7 36 150 48 0 41 28 152 42 16 32 34 46
split_gain=62.7183 52.8977 45.9955 52.7052 45.0897 40.4374 34.6829 34.5899 33.1723 38.3283 32.7111 32.6794 29.7249 29.046 29.2501 27.7485 27.2906 31.5075 26.0076 25.3552 40.7523 55.4905 29.7446 24.9981 24.8989 31.9739 32.9446 24.6725 24.6618 24.4919
threshold=1.0000000180025095e-35 0.75235849056603787 121.50000000000001 0.0047538620000000011 0.76995087155319941 -0.19431883499999997 -0.031180018499999997 1.0000000180025095e-35 0.15234687500000002 -0.032844669999999992 33.500000000000007 -0.14310204999999998 0.11115030055555557 138019.80000000002 147772.63595365427 -0.21252403999999997 -0.084828179999999989 0.19973951500000003 -0.051195155999999992 2471419.5546808983 12563963.04287879 7156500.0050000008 0.21910189500000002 0.08667200500000001 0.93481913222021096 0.26608249500000009 -0.44479883999999997 0.047910521500000004 -0.26844326999999996 1.0000000180025095e-35
decision_type=2 2 2 2 2 2 2 2 2 2 2 2 2 2 2 2 2 2 2 2 2 2 2 2 2 2 2 2 2 2
left_child=-1 2 3 4 8 -5 15 -4 -2 10 -10 -8 13 14 -9 19 -3 24 -7 22 -21 23 -6 -22 25 -18 -27 -26 -17 -13
right_child=1 16 7 5 6 18 11 12 9 -11 -12 29 -14 -15 -16 28 17 -19 -20 20 21 -23 -24 -25 27 26 -28 -29 -30 -31
leaf_value=0.061546586950228556 -0.0023520946513764761 0.017427537071234508 -0.055960684090666971 -0.016599511497478094 -0.0038462698116384746 0.0079883703717841485 -0.019308689280945087 0.066083308999167242 -0.022081136125708729 0.0026746520887313894 -0.0045414907060716955 0.0094627977430086514 0.017584720159912789 0.0013731522893346334 -0.06987835231008678 -0.0088137518919445164 0.0028581770469429156 0.017385588158451464 0.030961610514083457 -0.022703825992008833 -0.040801195839984115 0.012670806254103689 0.032772055047777901 0.022390973475610414 0.020243566032934104 -0.047198057826143336 -0.0075642449701309247 -0.023082669035676764 0.0086758133052607066 0.040798961218137093
leaf_weight=41.264334770019559 937.00232386535208 456.87050296930829 22.445615095282847 142.5327586800704 2894.3039115263964 659.91761601049438 87.917840903974138 29.751360450871289 1025.6112856433738 282.47196917800102 358.82622993255063 484.31968698336277 448.58326845394913 1243.9550350587233 4.562437657499685 275.93470323197835 1009.8540638937557 356.6925114311307 151.47350437824934 471.38209853999433 91.118086273680092 249.81064591836184 56.539736618229654 18.895712162659038 246.84237603429938 63.126924421871081 309.46318389032967 37.904553537722677 747.81487552409817 71.569373197009554
leaf_count=739 57390 5926 5840 9529 97755 25718 5275 75 107156 12589 19914 16343 3078 34550 558 12369 13189 3882 3944 46488 16960 4188 969 1618 1159 1463 5673 320 23401 1002
internal_value=9.45763e-11 -0.000191855 -0.00170973 -0.00315058 -0.0044669 0.00796243 -0.00188079 0.00570945 -0.00987924 -0.0141104 -0.0175351 0.0090173 0.00651104 0.00262495 0.0480055 -0.00334075 0.00638979 0.00389813 0.0122771 -0.00531745 -0.0130311 -0.000359429 -0.00314464 -0.0299475 0.00101251 -0.00176064 -0.0142793 0.0144761 0.00396179 0.0134973
internal_weight=13278.8 13237.5 10756.7 9007.44 8053.52 953.924 5449.61 1749.3 2603.91 1666.91 1384.44 643.807 1726.85 1278.27 34.3138 4805.8 2480.75 2023.88 811.391 3782.05 831.207 359.824 2950.84 110.014 1667.19 1382.44 372.59 284.747 1023.75 555.889
internal_count=539060 538321 506709 462608 423417 39191 226368 44101 197049 139659 127070 22620 38261 35183 633 203748 31612 25686 29662 167978 69254 22766 98724 18578 21804 20325 7136 1479 35770 17345
is_linear=0
shrinkage=0.05


Tree=81
num_leaves=31
num_cat=0
split_feature=152 152 153 20 19 152 23 44 20 25 24 44 10 150 27 40 41 54 27 123 17 41 38 150 48 22 16 9 27 38
split_gain=64.6678 54.3578 54.8192 56.1846 46.6581 39.8292 49.8518 34.2054 33.0286 31.4976 30.7556 30.8085 29.6521 31.9487 28.5253 28.0771 27.8604 25.3082 27.7003 24.9057 23.1812 33.6198 32.8626 26.3889 27.1627 25.2588 23.0206 22.9229 22.7689 22.7045
threshold=0.45035120232289044 0.5502026774843628 0.032389194859690502 0.34946156500000009 0.15306178500000003 0.86986628201798089 0.28659607500000006 0.18706307500000002 -0.18584379499999995 -0.0054634407999999994 -0.091065059999999989 0.26528293000000008 0.046300822500000005 247582.27651734106 557.50000000000011 0.38464297500000005 0.17087567500000003 43.500000000000007 188.50000000000003 0.020416666666666656 0.067478762500000011 0.025161860500000004 0.18412073500000001 2579077.1010208339 7105908.9977445658 0.043705860000000006 -0.26538298499999996 0.060245902000000011 516.50000000000011 0.19665402000000001
decision_type=2 2 2 2 2 2 2 2 2 2 2 2 2 2 2 2 2 2 2 2 2 2 2 2 2 2 2 2 2 2
left_child=-1 -2 20 4 15 6 10 16 19 14 11 -6 -9 -14 -10 -4 -8 18 26 -7 22 -22 -3 29 -25 -24 -12 -16 -20 -23
right_child=1 2 3 -5 5 8 7 12 9 -11 17 -13 13 -15 27 -17 -18 -19 28 -21 21 23 25 24 -26 -27 -28 -29 -30 -31
leaf_value=0.022811158077654197 -0.013627157093926649 0.007976557065393455 0.016082912447341183 0.020563738164404918 0.018168611739286345 0.032013759027696952 -0.027762515997762138 0.0034226365372105267 0.0031535372238894813 0.02511207794621937 -0.021465933597636329 -0.01372971282606405 0.0044501424247983578 -0.016615749039480151 0.062922439360795376 -0.020792245821517404 0.012397690514617452 0.010198004182859285 0.0036500950966457989 -0.070209677664014578 -0.018518273847019127 -0.010843744323530257 -0.031786172016249031 -0.041855170874897978 -0.0049256768802496739 0.015268247902694071 -0.0028036261666442822 -0.016588895283114493 -0.0096069464299292674 0.017069188090392696
leaf_weight=303.55920737967244 747.09901430530772 420.0574410453919 665.36824728817737 380.17523492059263 407.07745587242243 134.68584738031495 338.21559399402759 537.70942528262094 3509.0893082807161 152.77423839678522 323.1437026799249 92.987322015804239 241.19433559542813 709.20697414494498 9.3949603955261392 55.962464905547677 49.506515472094179 410.81665475477348 1232.4317505865693 6.2343183291377491 718.25740744694667 112.09176377439871 108.84759870808557 65.8189750383317 204.49546067247866 38.646252187725622 338.17466105954372 257.82016417168779 439.34419033072481 208.10679258218443
leaf_count=6687 47061 19068 16072 10558 13256 1458 36398 19794 66232 1870 14230 3484 5822 42047 76 3102 2882 7022 66502 182 61202 4268 13780 10209 13143 3052 10996 7983 20750 9874
internal_value=-2.82525e-12 -0.000536173 0.00026762 0.00170064 0.000977079 1.59402e-05 -0.00291892 -0.00940714 0.00370782 0.0028548 0.000832896 0.0122371 -0.00596076 -0.0112696 0.00195436 0.0132221 -0.0226346 -0.00124547 -0.00326046 0.0274914 -0.00759224 -0.011252 0.000847191 -0.00241387 -0.0139177 -0.019457 -0.0119227 -0.0137934 0.000166133 0.00729772
internal_weight=13218.3 12914.7 12167.6 10291.3 9911.14 9189.81 5119.81 1875.83 4070 3929.08 3243.98 500.065 1488.11 950.401 3776.3 721.331 387.722 2743.91 2333.09 140.92 1876.32 1308.77 567.551 590.513 270.314 147.494 661.318 267.215 1671.78 320.199
internal_count=539060 532373 485312 350716 340158 320984 243183 106943 77801 76161 136240 16740 67663 47869 74291 19174 39280 119500 112478 1640 134596 98696 35900 37494 23352 16832 25226 8059 87252 14142
is_linear=0
shrinkage=0.05


Tree=82
num_leaves=31
num_cat=0
split_feature=152 152 25 13 152 16 24 45 19 16 37 23 150 14 46 150 152 23 37 22 43 34 19 17 114 128 102 153 41 22
split_gain=60.5853 49.7466 65.7637 45.0155 42.6047 46.5675 42.2729 40.6655 38.3622 33.3667 49.9266 33.1211 33.4227 28.6805 27.2426 27.1041 25.6247 25.2507 29.8977 24.8592 30.5753 24.2187 24.1437 23.9258 23.137 23.098 22.6217 22.6013 24.3412 22.5961
threshold=0.45035120232289044 0.59554324783386836 0.16814626000000002 -0.072571972499999984 0.83305015699763196 -0.15041142499999996 -0.051376650999999988 0.19042001500000003 0.15775875000000003 -0.35337900999999994 -0.27645222499999994 0.28147261000000007 33395.977051158225 0.22077648000000002 -0.0049423329999999993 5373329.543157896 0.95753826061075575 0.11495963500000002 -0.34333291499999996 -0.12062006499999998 -0.012145499999999998 -0.24404064999999997 0.03312381100000001 0.11224259500000001 0.014235055724417351 1.0000000180025095e-35 0.051956815114709808 0.26682741333333332 -0.025503091499999995 0.16507011000000002
decision_type=2 2 2 2 2 2 2 2 2 2 2 2 2 2 2 2 2 2 2 2 2 2 2 2 2 2 2 2 2 2
left_child=-1 22 3 4 5 8 -6 9 24 10 16 -10 -13 -14 17 -12 23 -7 -19 20 -15 29 -2 26 -3 27 -8 -11 -29 -5
right_child=1 2 -4 21 6 14 7 -9 11 25 15 12 13 19 -16 -17 -18 18 -20 -21 -22 -23 -24 -25 -26 -27 -28 28 -30 -31
leaf_value=0.022234767372052891 0.0071905708725831024 0.011018812784855374 0.024588600345245848 -0.0093317933417862275 0.013027390326057493 0.025086019805664689 0.020682417417272059 0.023418464659483499 -0.0048366608093467229 -0.0023286416576516395 -0.012960987858001875 0.016966052847963653 -0.0065748293640375795 0.012332439089409251 -0.041747873547599366 -0.049224807672741705 0.014817718789659345 -0.029734663546746837 0.0066668617549245279 -0.026955101740748635 -0.036621552057610911 0.01784602424991848 -0.012881635299943781 -0.0043679592633250114 -0.0194594033367647 0.016091500186832322 -0.093546389024611154 -0.0037717875847539661 0.013266128456172513 0.030221665945426281
leaf_weight=299.40178872537217 174.40929732294717 391.46895927819423 276.51766190753551 186.01887723674008 731.28162367842015 164.52825175959333 137.58525709074456 182.80521653871983 1792.8195347391811 1416.888872002979 665.85552425205242 75.321158192571602 408.46817339239351 95.655312085858895 28.96581304614665 55.847822898242157 243.51775105233537 62.457089650997659 582.37987648813578 659.17161627463793 47.851924598238838 513.33922388702922 1062.3688426746885 1528.4318105299462 74.046456828626106 314.56847478976124 4.4752254105405873 312.84682340768632 635.36017630412243 44.805138187773991
leaf_count=6687 7849 12116 7105 8192 14777 5471 2772 2010 98456 49537 25842 1919 22407 3725 1763 6606 3415 5337 23974 70968 5489 12495 66865 50857 4123 8461 133 2757 5580 1372
internal_value=1.2559e-11 -0.000517257 0.000496319 -9.02868e-05 -0.000923867 -0.00470064 0.00173352 0.000231387 -0.00720692 -0.000566057 -0.00456045 -0.00922933 -0.0153509 -0.0173607 0.00589696 -0.0157672 -0.000334792 0.00760209 0.00314111 -0.0228495 -0.00399108 0.0117975 -0.0100511 -0.00254367 0.00617084 0.00336282 0.017084 0.00166985 0.00764472 -0.00165409
internal_weight=13169.5 12870.1 11633.3 11356.8 10612.6 4383.13 6229.46 5498.18 3544.8 5315.38 2635.71 3079.29 1286.47 1211.15 838.331 721.703 1914.01 809.365 644.837 802.679 143.507 744.163 1236.78 1670.49 465.515 2679.66 142.06 2365.1 948.207 230.824
internal_count=539060 532373 457659 450554 428495 255748 172747 157970 219203 155960 89625 202964 104508 102589 36545 32448 57177 34782 29311 80182 9214 22059 74714 53762 16239 66335 2905 57874 8337 9564
is_linear=0
shrinkage=0.05


Tree=83
num_leaves=31
num_cat=0
split_feature=16 150 48 0 9 152 11 27 10 153 152 29 19 48 33 22 43 15 14 32 84 11 19 47 37 4 50 83 152 21
split_gain=60.1049 42.7465 64.931 82.0174 39.7955 56.9377 55.5759 40.4324 38.4082 33.5314 31.2993 35.5041 32.4064 30.4477 29.9723 29.7512 32.9288 31.8717 26.3349 25.6441 25.3761 24.4642 23.4556 25.7859 29.9361 23.332 29.6512 22.6793 22.7438 22.4013
threshold=-0.015314523999999998 22347845.617017735 8180330.3131334847 13567657.595000001 0.065711145000000012 0.71334817046347943 -0.19034199499999996 555.50000000000011 0.029727874000000005 0.020859681666666654 0.92408447469306187 -0.0091817479999999983 0.12155913700000001 19591841.521250006 0.019766374500000006 -0.12767967 0.017806735000000004 -0.020977522999999994 0.16520073000000002 -0.024407821999999999 0.013671145949981301 0.12553319500000001 0.40232490000000004 -0.25162909999999994 -0.27640647999999995 1.0000000180025095e-35 4.5000000000000009 0.029146141215106704 0.87404171212857751 0.062412763000000003
decision_type=2 2 2 2 2 2 2 2 2 2 2 2 2 2 2 2 2 2 2 2 2 2 2 2 2 2 2 2 2 2
left_child=1 4 -3 14 -1 18 19 9 -9 20 12 -12 -11 -5 -4 16 -14 21 29 -7 -8 -17 -13 -24 -25 -10 -27 28 -23 -6
right_child=-2 2 3 13 5 6 7 8 25 10 11 22 15 -15 -16 17 -18 -19 -20 -21 -22 27 23 24 -26 26 -28 -29 -30 -31
leaf_value=0.0078003054662297679 0.017560364861408512 -0.050650762641702256 -0.048033044575650802 -0.014229724863575606 0.014495967747624964 0.038757720011010466 -0.022993807005414868 0.010517554924523819 -0.021169590103828347 0.022980123670551446 0.032588905819595622 0.01172871937218881 0.013379018211705992 0.024277977891189267 -0.011162529387936665 -0.0044909072654312539 -0.019184356612447231 0.012452181607840517 -0.013467948868949656 0.0089031351977994031 -0.0022427555916106306 0.0013407753617085646 0.024064156811281864 0.00021878719767123319 -0.030395533322800618 -0.031595318699756708 0.029929640062266363 -0.065656472329247831 0.025432498054862016 -0.005876335501621829
leaf_weight=1434.0327702691229 469.84984933523992 99.788132342160679 103.85289042653312 71.878484267450403 166.4725270978015 129.53464072622592 235.1544163794315 160.62458972638706 501.59866497865733 151.98900299417437 136.50897431187332 793.20199890891672 604.43392126857361 179.59350655239541 117.45995554886758 3699.6977550565935 89.075982269889209 354.84548675008409 1171.4239295695152 161.74428267127951 394.46780816128012 282.98985704970255 88.872163177758921 480.24037614651024 95.777391384122893 30.995154993492179 53.18702274413954 10.225655215326695 149.8328595663188 712.33513649344604
leaf_count=53393 14773 12213 20426 2578 6356 1798 22849 6277 27423 2738 1405 9161 12197 2586 7661 147378 6486 8458 80114 5469 20043 10712 1154 8762 3219 1719 1128 810 2036 37738
internal_value=4.19759e-11 -0.000651622 -0.0140009 -0.00626535 -1.93746e-05 -0.00107179 0.000712295 -3.98377e-05 -0.0111423 0.00105526 0.00205793 0.00820545 0.000223253 0.0132713 -0.0284643 -0.000443039 0.0091965 -0.00192942 -0.00855972 0.0221798 -0.00999296 -0.00316127 0.00592263 -0.00100393 -0.00487161 -0.0170816 0.00727668 0.00794195 0.00968075 -0.00201721
internal_weight=13131.7 12661.8 572.573 472.785 12089.3 10655.2 8605 8313.72 746.405 7567.31 6937.69 1594.6 5343.09 251.472 221.313 5191.1 693.51 4497.59 2050.23 291.279 629.622 4142.75 1458.09 664.89 576.018 585.781 84.1822 443.048 432.823 878.808
internal_count=539060 524287 45464 33251 478823 425430 301222 293955 36547 257408 214516 23701 190815 5164 28087 188077 18683 169394 124208 7267 42892 160936 22296 13135 11981 30270 2847 13558 12748 44094
is_linear=0
shrinkage=0.05


Tree=84
num_leaves=31
num_cat=0
split_feature=153 19 150 48 0 153 33 54 1 49 3 150 65 98 152 23 27 25 114 49 41 40 0 48 17 33 41 22 137 152
split_gain=59.4514 46.0863 53.2791 53.068 67.7945 36.6444 34.4971 30.1054 36.1381 35.0329 48.8386 35.2416 29.2018 28.8967 29.317 28.3071 28.2874 27.5739 26.7151 25.6354 25.6102 29.1884 25.508 51.0394 28.8441 28.2759 25.3829 29.5228 25.8673 25.2809
threshold=1.0000000180025095e-35 0.12858796000000003 5786903.7605714295 3689144.2403954812 2377738.0000000005 0.18194617090909093 -0.0019586597499999998 21.500000000000004 1.0000000180025095e-35 13.500000000000002 1.0000000180025095e-35 14030.431335403717 0.0070283882783882508 0.10263157894736842 0.7096803968530766 0.081831065000000022 185.50000000000003 0.12550126500000003 0.98000000000000009 95.500000000000014 0.081642507500000017 0.27954973000000005 2194150.0000000005 2430121.9982475494 0.0021615406000000006 -0.05171130849999999 0.0052401209500000006 -0.0076047555999999997 0.10102040816326531 0.31840728732322959
decision_type=2 2 2 2 2 2 2 2 2 2 2 2 2 2 2 2 2 2 2 2 2 2 2 2 2 2 2 2 2 2
left_child=-1 20 5 19 6 12 -5 9 -9 11 -11 -7 15 14 -13 -3 -12 18 -16 -4 21 -2 -10 24 -24 -26 27 -25 -28 -23
right_child=1 2 3 4 -6 7 -8 8 22 10 16 13 -14 -15 17 -17 -18 -19 -20 -21 -22 29 23 26 25 -27 28 -29 -30 -31
leaf_value=0.061451788684606927 0.017927310687946132 0.0067557107543472321 -0.037119064707934482 -0.048221503449685336 7.4757553591377318e-06 0.026723877833780094 -0.013962281373924232 -0.061976341599269208 0.016778129005673187 -0.045150763925459948 -0.0015705617270832584 -0.016775284705783777 0.0029225928124591476 -0.031631587358262013 -0.00083919419017583919 -0.0062592681225769019 0.013680137317173685 0.038152009555758641 -0.089750326282627996 0.02419307354249764 0.022639972539824738 0.034670343830194204 0.020807285707204866 -0.00043041278528524549 -0.01166936313765763 -0.072543389256275653 0.019428253773074722 -0.11432245879663849 -0.088078274119843397 -0.0062094675805067787
leaf_weight=39.240016372667014 276.70450306059502 473.6380085602068 205.18648331121221 113.57226390338838 1111.3229026528788 93.891702025721315 208.14932514631801 16.92587555811042 778.43593337060884 43.284376200346742 448.06048120140622 324.69772909450694 1811.5751719521759 94.35776394396089 1364.1398566406715 3542.5691081505465 946.0452343858924 45.55147297680378 8.5012535275891405 18.593435075395973 287.33245098597763 41.514688550960273 21.763385990634561 19.525899306405339 35.470440515317023 41.273125330451876 243.21216550306417 8.0299863023683411 5.7270405287854365 424.88753858482596
leaf_count=739 6636 24398 29249 36608 49939 736 25671 657 4961 2096 4180 11899 62949 3060 21821 207300 11795 339 143 1874 8887 704 204 179 617 710 1881 202 93 18533
internal_value=3.57068e-11 -0.000184723 -0.00105445 -0.00938003 -0.00584389 0.000276165 -0.0260563 0.00364462 0.010553 0.00124436 0.00715463 -0.00315478 -0.00234731 -0.00468171 -0.00322268 -0.00472439 0.00877862 -0.000119792 -0.00138985 -0.0320248 0.00996349 0.00506195 0.0116173 0.000904462 -0.0299996 -0.0444078 0.0119147 -0.0336194 0.016955 -0.00257074
internal_weight=13093.2 13053.9 12023.5 1656.82 1433.04 10366.7 321.722 4538.89 1170.36 3368.53 1437.39 1931.14 5827.78 1837.25 1742.89 4016.21 1394.11 1418.19 1372.64 223.78 1030.44 743.107 1153.44 375.002 98.507 76.7436 276.495 27.5559 248.939 466.402
internal_count=539060 538321 503561 143341 112218 360220 62279 65573 9504 56069 18071 37998 294647 37262 34202 231698 15975 22303 21964 31123 34760 25873 8847 3886 1531 1327 2355 381 1974 19237
is_linear=0
shrinkage=0.05


Tree=85
num_leaves=31
num_cat=0
split_feature=153 153 53 54 49 3 22 43 2 3 43 153 150 38 8 0 43 24 152 153 15 0 24 48 7 7 0 48 49 0
split_gain=56.6 44.798 40.0496 47.0139 59.5821 113.284 58.3405 58.7716 43.9861 42.8497 39.9952 35.0922 34.6991 31.3252 30.2391 28.0045 26.7077 26.5555 26.3362 25.8353 25.7418 24.8535 24.3846 24.3252 24.1814 30.2385 24.2478 46.3602 24.2857 38.1223
threshold=1.0000000180025095e-35 0.75235849056603787 11.500000000000002 24.500000000000004 47.000000000000007 1.0000000180025095e-35 0.07756505000000001 -0.0067344461499999992 1.0000000180025095e-35 1.0000000180025095e-35 -0.020153607499999993 0.014570896811594203 27581684.241153851 0.23022875000000004 0.12412044000000001 17793.420000000002 0.061427666000000006 -0.23267908999999998 0.45035120232289044 0.06467774451612901 -0.0046681856499999992 2501250.0000000005 -0.13373061999999997 397032.96768634266 -0.084828179999999989 0.19973951500000003 449933.32500000007 414552.2720175439 8.5000000000000018 21625.815000000006
decision_type=2 2 2 2 2 2 2 2 2 2 2 2 2 2 2 2 2 2 2 2 2 2 2 2 2 2 2 2 2 2
left_child=-1 2 3 4 6 -6 10 13 -4 12 22 -7 18 21 20 23 -16 -18 -5 -20 -12 -8 -2 -13 -3 26 28 -28 29 -26
right_child=1 24 8 9 5 11 7 -9 -10 -11 14 15 -14 -15 16 -17 17 -19 19 -21 -22 -23 -24 -25 25 -27 27 -29 -30 -31
leaf_value=0.061496984390044897 0.018761917112245799 0.016417592744501282 -0.044394605208440276 0.036116855069281958 -0.050559706819746898 -0.010656133898072268 -0.015077475582530168 0.0085913828779406922 0.018506248317048002 -0.054868222231009567 -0.013819384131817908 0.016006175627182838 -0.019197358272061177 0.015962708754524199 -0.01761253141971417 0.012698447577431382 0.036635924705719122 -0.043064667370122454 -0.0015752044198777274 0.0067223489877218561 0.0064904434041357833 -0.050749346018401364 -0.0064055651161877315 -0.038055756756735434 0.022112045457517077 0.016872203029782328 -0.031371158247472566 0.0091041837018155623 -0.0017580865814239345 -0.03996299742929809
leaf_weight=37.308347550235339 104.12879531705403 448.95112863786926 30.019937772085541 60.712939751509111 90.657067735090095 233.24870065733558 199.67139795083494 862.70237324650225 374.74063363652385 32.873812241912674 1153.4127198473871 34.347551907878369 176.97039672701794 60.951257449138211 507.19003004838305 1106.1499921202194 11.034133602574 197.87890435592271 1730.7476209049528 2048.3912351940817 180.41897324064848 64.634909694010275 1271.1518019517716 52.780867952853441 32.377517217770219 351.59049826787668 76.941968668950722 878.5889473863208 542.76771071727853 104.76200257265009
leaf_count=739 4799 5926 6240 948 19318 13899 13710 42245 4758 7491 84597 510 11643 3838 34752 21714 424 23976 89386 31606 9017 7871 72507 1460 307 3882 2353 10484 6732 1928
internal_value=1.1994e-10 -0.000176207 -0.00158315 -0.00219642 -0.00495812 0.00363728 -0.00778498 0.00176271 0.0138411 0.0019842 -0.0110964 0.00708154 0.00244948 -0.0163494 -0.0155218 0.0105487 -0.0238098 -0.0388551 0.00344713 0.00292228 -0.0110722 -0.0238009 -0.00450002 -0.0167436 0.00593723 0.00356929 0.000709396 0.005845 -0.0065081 -0.0253076
internal_weight=13058.1 13020.8 10584.8 10180.1 6130.36 1517.18 4613.18 1187.96 404.761 4049.7 3425.22 1426.53 4016.82 325.258 2049.93 1193.28 716.103 208.913 3839.85 3779.14 1333.83 264.306 1375.28 87.1284 2435.98 1987.03 1635.44 955.531 679.907 137.14
internal_count=539060 538321 506709 495711 354637 56901 297736 67664 10998 141074 230072 37583 133583 25419 152766 23684 59152 24400 121940 120992 93614 21581 77306 1970 31612 25686 21804 12837 8967 2235
is_linear=0
shrinkage=0.05


Tree=86
num_leaves=31
num_cat=0
split_feature=152 150 48 0 50 150 48 0 33 34 38 0 48 37 109 48 14 150 84 16 153 97 1 0 131 15 36 45 27 27
split_gain=55.493 42.8973 225.115 81.51 72.1849 50.8387 69.2374 71.7056 63.8263 46.163 37.149 36.3026 52.9315 35.2397 34.5678 34.5434 33.9697 33.698 27.378 26.4429 26.1076 25.4318 23.4928 32.6201 23.0584 22.7407 36.0116 22.3311 22.1193 21.6376
threshold=0.31840728732322959 247582.27651734106 185433.95167275143 97690.375000000015 3.5000000000000004 6403983.362343207 12563963.04287879 8989091.665000001 -0.0035201942499999994 -0.22327376499999999 0.20219001000000003 85556.985000000015 181223.50711038965 -0.31090355999999991 0.0092733739837398011 414552.2720175439 0.078313615000000017 66498642.320714295 0.15587044534412953 -0.30254654999999991 0.83666666666666678 0.13188405797101446 1.0000000180025095e-35 694569.50500000012 0.033908045977011456 -0.063205511999999978 -0.16527782999999999 -0.057495023499999992 185.50000000000003 579.50000000000011
decision_type=2 2 2 2 2 2 2 2 2 2 2 2 2 2 2 2 2 2 2 2 2 2 2 2 2 2 2 2 2 2
left_child=-1 11 -3 4 9 15 17 8 -8 27 -11 21 -13 28 -6 22 -17 -7 25 -15 -21 -2 -5 -24 -10 29 -27 -4 -14 -18
right_child=1 2 3 5 14 6 7 -9 24 10 -12 12 13 19 -16 16 18 -19 -20 20 -22 -23 23 -25 -26 26 -28 -29 -30 -31
leaf_value=0.032466228569816867 0.012681574291458234 -0.048219284613439758 0.030260396882484736 -0.0079255053333651907 0.0049540779440740805 -0.01696441459542462 -0.040832443163678567 0.014892006462246749 0.0026926264211286702 -0.00075359470361459336 -0.043805617716093558 -0.01389793513432068 -0.0010293802923833555 -0.0087454085063566559 -0.028449740188390107 0.014852227824316189 0.0022654512517909812 -0.066798851184803554 -0.018912815630707916 0.0019866263767619372 0.028557226374916801 -0.10423138201110388 0.074707767188141941 -0.060621777340527018 -0.044777185026931489 -0.0028351973285021094 0.019486344924302734 -0.046427859925200148 0.021313575219799135 -0.0165181824159405
leaf_weight=130.29829188832082 1068.4533360951627 256.44351852353429 9.8945562751614471 200.34928817489345 425.19691445530043 611.58121307933834 138.84828983632178 490.02940655546263 333.62013456673594 180.25904309231555 69.397985465719103 471.11565405011788 151.737191980239 491.94321744237095 94.699116620773566 599.11999788917637 4810.2677217768287 35.91431170978467 147.52865029832174 519.83323612824461 112.44759065555991 4.671831364859826 4.9616359982173881 43.425243782850885 27.706506016671483 292.99588241034508 471.40507625807186 233.76063151023118 410.30321991945311 158.36463622200972
leaf_count=2449 25406 34326 354 8744 9466 64399 30573 9448 19367 8107 5970 17060 2489 14327 5253 19151 166747 4439 4373 14232 851 119 65 7859 5968 10098 12665 20387 7693 6675
internal_value=1.66599e-11 -0.000328789 -0.00200046 -0.000736775 -0.0141305 0.000885323 -0.00701499 0.00129842 -0.0120194 -0.0278312 -0.0127209 0.00465738 0.000919152 0.00505881 -0.00113043 0.00280826 0.00351018 -0.0197286 0.00235464 -5.18924e-05 0.00671206 0.0121726 -0.0154771 -0.046745 -0.000947356 0.00290192 0.0109305 -0.0433136 0.0152815 0.00166676
internal_weight=12996.6 12866.3 9635.77 9379.33 1013.21 8366.12 1637.7 990.204 500.175 493.312 249.657 3230.51 2157.38 1686.26 519.896 6728.42 6479.68 647.496 5880.56 1124.22 632.281 1073.13 248.736 48.3869 361.327 5733.03 764.401 243.655 562.04 4968.63
internal_count=539060 536611 454434 420108 49537 370571 134194 65356 55908 34818 14077 82177 56652 39592 14719 236377 219709 68838 200558 29410 15083 25525 16668 7924 25335 196185 22763 20741 10182 173422
is_linear=0
shrinkage=0.05


Tree=87
num_leaves=31
num_cat=0
split_feature=152 152 8 29 150 48 0 9 152 16 153 15 49 3 54 132 114 33 45 2 153 92 23 153 44 45 48 19 30 34
split_gain=54.2282 46.0026 50.453 51.799 40.0375 41.8241 39.8099 37.1666 49.1618 39.2769 35.8 34.0635 33.7218 43.9854 33.5844 32.7359 29.8899 29.5715 28.7128 28.5629 36.9654 28.0465 28.0401 27.9386 29.5698 27.3808 25.5814 25.4244 24.86 24.7438
threshold=0.45035120232289044 0.52203048897911153 -0.14953850999999999 -0.0019280718999999996 18694353.369607147 5832504.3083333345 14210720.040000001 0.065711145000000012 0.87985747266503733 1.0000000180025095e-35 0.025089928057553956 0.019426856000000003 27.500000000000004 1.0000000180025095e-35 34.500000000000007 0.04880952380952381 0.13484848484848483 0.045175608000000006 -0.042734820499999993 1.0000000180025095e-35 0.36742166938775517 0.45227272727272733 0.085757372500000012 0.95346320346320368 0.26913177500000002 0.20327566500000002 17964834.763562504 0.24978805500000004 0.28379319000000008 -0.31974046499999992
decision_type=2 2 2 2 2 2 2 2 2 2 2 2 2 2 2 2 2 2 2 2 2 2 2 2 2 2 2 2 2 2
left_child=-1 -2 3 -3 7 -6 17 23 9 10 -9 12 14 -14 15 19 -5 -7 -10 20 22 -15 -12 24 28 -20 -8 -22 -4 -26
right_child=1 2 4 16 5 6 26 8 18 -11 11 -13 13 21 -16 -17 -18 -19 25 -21 27 -23 -24 -25 29 -27 -28 -29 -30 -31
leaf_value=0.021941528421753398 -0.015408528583525958 0.02815803783984663 0.014225739816639413 0.005039017825354845 -0.046242811705417802 -0.039981289974619638 -0.018789923884633575 -0.016429264219149982 0.024534401908974372 0.021271553332013207 0.0038078295433598749 0.0084765121435506578 -0.050341683483069367 0.008542465474454565 0.0014723012082523358 -0.02773173435204589 -0.062575757395970003 -0.0062856844648340963 0.0016824751234242011 0.014353457551596083 0.0073485041355969179 -0.059749245429418021 -0.019151904532829337 0.029639881151737518 0.021959827323402244 0.032602575597995329 0.017137423707013041 -0.0083811027324093377 -0.013366100968493711 -0.015799621896719702
leaf_weight=275.60891922237352 495.66809909169569 302.04135935518389 643.94004484075049 696.00347027705357 83.874163619970204 118.97401637039729 69.999034365464468 596.50548506549239 150.94171551757609 147.54955366689319 154.53290075594123 532.99477897840552 34.875474036140076 722.63004188827472 876.23621476737026 232.74583280408115 16.737943591491785 143.82847241520358 3648.7226375393075 133.83338673629623 383.7221180886263 15.353706702997441 953.44045032541908 135.91053181994357 53.884577697128407 73.031541200005449 169.57573314663023 777.24335968382366 93.487685139087262 222.69684967090143
leaf_count=6687 32057 8421 24286 28362 10947 23333 2793 51914 2639 3736 10696 16105 7972 18678 21229 21747 725 8084 86159 3361 5853 738 105301 1297 1125 506 2451 16485 7675 7698
internal_value=-4.26832e-11 -0.000476878 0.000130504 0.0108049 -0.000839212 -0.0135583 -0.00810144 -0.000134717 -0.00116913 -0.00418097 -0.00487462 -0.00344395 -0.00492683 0.00452861 -0.00700776 -0.00982714 0.00345116 -0.0215401 0.00315624 -0.0080928 -0.0094168 0.00712166 -0.0159496 0.00835197 0.0054987 0.00228922 0.00664016 -0.00318216 0.0107278 -0.00844319
internal_weight=12956.6 12681 12185.3 1014.78 11170.5 586.251 502.377 10584.3 9434.36 5561.66 5414.11 4817.61 4284.61 772.859 3511.75 2635.52 712.741 262.802 3872.7 2402.77 2268.94 737.984 1107.97 1149.92 1014.01 3721.75 239.575 1160.97 737.428 276.581
internal_count=539060 532373 500316 37508 462808 47608 36661 415200 373119 283815 280079 228165 212060 27388 184672 163443 29087 31417 89304 141696 138335 19416 115997 42081 40784 86665 5244 22338 31961 8823
is_linear=0
shrinkage=0.05


Tree=88
num_leaves=31
num_cat=0
split_feature=153 19 150 48 0 131 35 153 150 53 141 48 0 17 38 150 11 33 48 47 26 92 40 41 15 26 54 27 0 54
split_gain=54.0609 44.2336 42.0415 43.9583 53.0014 38.7199 38.0084 32.3939 30.0952 27.8218 27.8152 26.8284 57.2684 28.9891 33.921 31.9527 26.2685 28.3138 25.9918 25.3565 32.418 28.5969 22.7831 24.2012 22.7364 22.6272 22.8632 22.1293 29.9623 30.7019
threshold=1.0000000180025095e-35 0.12858796000000003 5786903.7605714295 12563963.04287879 11182433.335000003 0.016892847045518754 0.36649689000000002 0.18194617090909093 54564360.608333334 41.500000000000007 1.0000000180025095e-35 4594341.2527631586 1716390.0000000002 0.039937295000000005 0.25517453500000004 1189643.1604545456 0.064015442500000005 -0.18611285999999996 2822168.3483333336 -0.15232385999999995 -0.15046034499999997 0.92428571428571449 0.24643683000000002 0.081642507500000017 -0.15903556999999999 -0.42210538999999997 58.000000000000007 487.50000000000006 2036902.7050000003 134.00000000000003
decision_type=2 2 2 2 2 2 2 2 2 2 2 2 2 2 2 2 2 2 2 2 2 2 2 2 2 2 2 2 2 2
left_child=-1 22 7 8 5 6 -5 9 -4 11 19 13 -13 14 -3 16 17 -15 -17 25 21 -21 -2 -24 -14 -9 -27 28 29 -19
right_child=1 2 3 4 -6 -7 -8 10 -10 -11 -12 12 24 15 -16 18 -18 27 -20 20 -22 -23 23 -25 -26 26 -28 -29 -30 -31
leaf_value=0.061612211308132672 0.026009401499885655 0.0046731020592643288 -0.01545483225825873 -0.00012240291145075626 0.012229998121025085 -0.04116281608051231 -0.047054792123164872 0.021504605976699169 -0.06044922654763743 0.019663311484987532 0.015261069186899404 -0.038405821287867722 0.0024431135671693677 0.014624818705766391 -0.042964428187044407 -0.024081751975226235 0.0046742734791920346 -0.0058962580656273574 -0.0045454982456217532 -0.0082268121814868759 0.0033745369223551081 -0.075709819533773023 0.00093030222889117168 0.019745500452125059 0.019514653740159038 0.0028504481708704048 0.027669515235305964 -0.018565892964257577 -0.023277104646024113 0.015753100471495623
leaf_weight=35.505274513545373 179.79635245075042 1011.9535349055732 656.70809692468174 373.97995519469441 403.44893727182352 93.05161700716053 48.764444853790337 210.45462429375038 39.393079101253534 140.3704327919404 441.48681154420774 70.423410483401312 548.72845152644732 145.37562505342066 38.801768633700704 415.68887771356458 647.20020819800266 1336.9187942657009 288.35266880910058 811.01650728008826 1181.2221306896245 16.008805755351204 590.16867298050056 240.57426146696162 302.58616478163458 1721.9661461087817 98.075899817049503 413.77783051722508 212.71284341521095 186.62240461376496
leaf_count=739 3446 42110 72754 28403 7071 21819 7872 2676 5422 1457 5699 16914 21190 6865 6679 45959 27820 60896 19993 13874 13802 521 23402 7912 9496 28500 501 25505 7780 1983
internal_value=-1.28095e-12 -0.000170031 -0.00102599 -0.00852267 -0.00134509 -0.0119633 -0.00553615 0.000156626 -0.0180011 -0.00232373 0.00334522 -0.00287298 0.00492635 -0.00440339 0.00291397 -0.00651183 -0.0042225 -0.00673098 -0.0160803 0.00204267 -0.00194101 -0.00953309 0.00987165 0.00637898 0.00851092 0.00598269 0.00418786 -0.00817496 -0.00569863 -0.00324437
internal_weight=12901.1 12865.6 11855.1 1615.35 919.245 515.796 422.744 10239.7 696.101 5759.51 4480.23 5619.14 921.738 4697.4 1050.76 3646.65 2942.61 2295.41 704.042 4038.74 2008.25 827.025 1010.54 830.743 851.315 2030.5 1820.04 2150.03 1736.25 1523.54
internal_count=539060 538321 503561 143341 65165 58094 36275 360220 78176 294647 65573 293190 47600 245590 48789 196801 130849 103029 65952 59874 28197 14395 34760 31314 30686 31677 29001 96164 70659 62879
is_linear=0
shrinkage=0.05


Tree=89
num_leaves=31
num_cat=0
split_feature=153 9 152 25 15 14 152 145 38 8 20 152 16 16 23 41 37 21 13 12 33 33 37 33 30 30 36 114 19 35
split_gain=51.6172 43.0061 39.3542 49.2578 40.3658 38.6081 32.3748 34.3948 31.3651 30.8236 31.7644 34.4511 51.83 32.3057 33.462 38.3486 30.6933 34.6162 30.6622 29.3019 25.1062 24.309 23.5124 23.0942 22.6626 22.5698 21.8482 20.1147 20.0397 19.7618
threshold=1.0000000180025095e-35 -0.046607891499999991 0.68274942756989876 0.16814626000000002 0.015335793000000002 0.081665840000000003 0.95753826061075575 0.012426674899660352 0.19113450000000001 -0.14953850999999999 -0.25048529999999997 0.82119494437430962 -0.14744079499999999 -0.39527249999999997 0.15068240500000002 0.16013301000000002 -0.32403581499999995 0.13356922000000002 -0.15687252499999996 -0.12645383999999996 -0.14669410999999996 -0.10316568999999999 -0.34761300499999997 -0.11810537499999998 0.12148892000000001 0.27346391000000009 -0.22792958999999999 0.98000000000000009 0.65964755500000016 0.094589660000000006
decision_type=2 2 2 2 2 2 2 2 2 2 2 2 2 2 2 2 2 2 2 2 2 2 2 2 2 2 2 2 2 2
left_child=-1 24 5 4 6 -3 9 8 27 -4 -11 12 18 14 -13 16 17 -16 -12 20 22 -21 -15 -7 -2 -19 -6 28 -8 -28
right_child=1 2 3 -5 26 23 7 -9 -10 10 11 13 -14 19 15 -17 -18 25 -20 21 -22 -23 -24 -25 -26 -27 29 -29 -30 -31
leaf_value=0.061707025183492373 0.03836645204787565 0.0033094864994494713 0.010987898719785723 0.028951514089088672 -0.040006003747620686 -0.024954591182277924 0.0079614878494121098 -0.062500200988192173 0.031153066706301955 0.014145314024553095 -0.014557965724048515 0.012086585892928159 0.0077625414702435294 -0.025465296051700306 0.036960035171238491 0.012578275350597405 -0.015322542143232795 0.0019057978515402781 0.00034419053487004411 -0.015216575408408931 0.008013468373310564 0.0017869980313613958 0.045568594065879396 -0.0084212479390055172 0.0091425862131661959 -0.021118811056655782 0.053754168769891433 -0.10249421101657193 -0.082038649905611633 0.0135953546210152
leaf_weight=33.80035275962473 75.638531144428271 665.19180306982162 482.17664174985839 150.19990809413139 17.760359851992689 251.16747508081971 278.86557812558021 14.994196924730202 174.97523427117267 293.50520154440892 1504.0875868587245 240.39929893851513 445.50038019936619 13.470369636284884 54.555778295441996 205.88760563713004 1063.941260831969 357.57387092108547 447.99026341944409 226.80403962019773 414.33506787932129 2870.6649921668723 86.17758868430974 1327.7837611557006 539.63047349315275 151.54296903181239 33.047534282319248 4.3398843230679622 6.3253781367675392 419.45819484992535
leaf_count=739 1283 30306 15562 2886 1221 24182 3488 552 1981 9120 116803 7368 19499 424 814 6430 46351 11859 18275 11030 10155 78465 943 82556 19823 5130 230 52 261 11272
internal_value=4.04824e-11 -0.000162718 -0.000813041 0.000534877 9.9721e-05 -0.00679455 -0.000620094 0.012034 0.01444 -0.00130504 -0.00201266 -0.00259939 -0.00762605 -0.000479585 -0.00545326 -0.007753 -0.0103248 -0.000891582 -0.011138 0.00237658 0.0134328 0.000541956 0.0359663 -0.0110512 0.0127352 -0.00494767 0.0143931 0.00433959 0.00596533 0.0165282
internal_weight=12851.8 12818 12202.7 9958.58 9808.38 2244.14 9338.11 479.5 464.506 8858.61 8376.44 8082.93 2397.58 5685.35 2073.9 1833.5 1627.61 563.673 1952.08 3611.45 513.983 3097.47 99.648 1578.95 615.269 509.117 470.266 289.531 285.191 452.506
internal_count=539060 538321 517215 380171 377285 137044 364562 6334 5782 358228 342666 333546 154577 178969 77952 70584 64154 17803 135078 101017 11522 89495 1367 106738 21106 16989 12723 3801 3749 11502
is_linear=0
shrinkage=0.05


Tree=90
num_leaves=31
num_cat=0
split_feature=152 152 25 13 11 152 32 32 11 13 150 48 11 0 152 27 42 16 37 24 35 16 19 10 34 34 22 44 69 98
split_gain=51.4612 41.6467 58.7679 39.8955 32.3511 45.7017 36.9765 36.1305 40.3685 31.0618 30.473 45.5957 29.3934 29.1875 28.6672 28.2771 30.6408 27.7623 24.2074 21.7875 21.6706 34.2297 21.6399 21.4737 21.1941 20.4928 21.6855 20.4302 20.3098 20.3027
threshold=0.45035120232289044 0.59554324783386836 0.16814626000000002 -0.072571972499999984 0.12273622500000002 0.73352216651216084 0.028903958500000004 0.025617806500000003 -0.17077346999999996 -0.19761652499999996 1078161.2652380953 376909.72059523815 -0.043010346499999998 297055.00000000006 0.94538314116789557 557.50000000000011 0.28527283500000006 -0.19319717499999997 -0.42441206499999995 0.27408283500000002 0.29290233000000004 -0.51821936999999985 0.03312381100000001 0.019659934500000004 -0.12949160999999995 -0.24404064999999997 0.18088618500000003 0.13292121000000004 0.24500000000000002 0.075498575498575457
decision_type=2 2 2 2 2 2 2 2 2 2 2 2 2 2 2 2 2 2 2 2 2 2 2 2 2 2 2 2 2 2
left_child=-1 22 3 4 5 17 -6 8 -7 12 14 -12 23 24 15 16 28 -3 -18 -15 21 29 -2 -9 -13 26 -5 -14 -10 -16
right_child=1 2 -4 25 6 7 -8 9 10 -11 11 13 27 19 20 -17 18 -19 -20 -21 -22 -23 -24 -25 -26 -27 -28 -29 -30 -31
leaf_value=0.021830640159751238 0.006920226150549969 -0.016256363977865625 0.023314082844259856 -0.0085691427159366573 -0.00098847258415786163 0.021175664189696325 0.016516932484387608 0.0082142723031414684 0.006826371376810015 0.007184793533346819 -0.055074147833475529 -0.02997562061449012 0.019599664659403035 -0.0020581204869846124 -0.078737456295308428 -0.015787328320753097 -0.08659813844055958 -0.0002804502601695734 -0.0082101359359998995 0.025934888534577889 0.036866087504153038 0.015718653488523891 -0.012046971407657484 -0.022295124069137601 0.041490212864985464 0.016850393349110451 0.031273504203957879 -0.0055595337460351132 -0.038653547009162931 0.03790515161589577
leaf_weight=264.39050607843092 176.02003875519767 812.40312468684715 274.94952916646434 185.62086530862143 682.07346422218689 260.88480969806551 540.87958854778117 66.730103953799699 1982.6393533159717 441.02269267579686 42.414465813562856 132.16826199294155 84.400097616482526 1711.8823973745966 16.021594634396028 195.08540572704806 10.195853727520442 408.75656500781406 289.44501456365106 72.452097711793613 105.75200564286206 198.42745893861866 1032.3602951512057 424.97566578742408 11.257967717712743 502.32384500843182 41.851865329983411 1835.4832222585319 24.855207591841463 4.8629480618983498
leaf_count=6687 7849 66778 7105 8340 30593 6434 16468 1825 46678 15753 9939 12311 3351 78497 532 9612 238 23952 9265 2411 660 2016 66865 22629 140 12495 1224 67532 825 56
internal_value=-1.2437e-10 -0.00045924 0.000479489 -8.69018e-05 -0.000883229 -0.00190595 0.0067537 -0.000516246 0.00202128 -0.00501586 0.000979664 -0.00379402 -0.00724707 -0.00266576 0.00430618 0.0024915 0.00403711 -0.0109088 -0.0108774 -0.000921477 0.0182749 0.00931022 -0.00928409 -0.0181546 -0.024366 0.0112122 -0.00123864 -0.00445351 0.00626328 -0.0515773
internal_weight=12832.6 12568.2 11359.8 11084.9 10355.1 9132.12 1222.95 7910.96 5058.34 2852.61 4797.46 1970.18 2411.59 1927.76 2827.28 2502.22 2307.14 1221.16 299.641 1784.33 325.064 219.312 1208.38 491.706 143.426 729.797 227.473 1919.88 2007.49 20.8845
internal_count=539060 532373 457659 450554 428495 381434 47061 290704 179614 111090 173180 103298 95337 93359 69882 66618 57006 90730 9503 80908 3264 2604 74714 24454 12451 22059 9564 70883 47503 588
is_linear=0
shrinkage=0.05


Tree=91
num_leaves=31
num_cat=0
split_feature=19 150 48 0 33 16 152 9 29 23 44 38 45 150 40 54 10 31 153 14 152 43 37 0 81 93 16 152 44 24
split_gain=50.0641 37.7655 44.5267 49.3331 54.6656 30.0449 37.6312 36.2264 35.161 27.4328 26.5651 26.4659 24.8671 24.6159 23.4644 22.6268 27.9101 36.4735 27.4552 21.4912 29.2303 27.0358 23.3075 21.3734 20.7984 20.7114 20.2909 19.9198 22.5164 19.4497
threshold=0.12858796000000003 6403983.362343207 12563963.04287879 8343333.3350000009 -0.0035201942499999994 -0.061386035999999991 0.88414403380760864 0.060245902000000011 -0.056736969999999991 0.14906419500000004 0.33290540000000007 0.25252802500000004 -0.042140806499999996 54564360.608333334 0.38464297500000005 176.50000000000003 0.15718175500000001 0.25166915000000006 0.14586524666666667 0.26572408000000008 0.77854717205673485 -0.031114238499999999 -0.37131104999999992 8343333.3350000009 0.012856207009498801 0.12310606060606062 1.0000000180025095e-35 0.67621644459156605 0.20502485000000004 -0.12384732499999999
decision_type=2 2 2 2 2 2 2 2 2 2 2 2 2 2 2 2 2 2 2 2 2 2 2 2 2 2 2 2 2 2
left_child=14 5 13 4 -4 6 7 -2 -8 10 27 -7 -10 -3 26 16 -14 18 24 20 21 -11 29 -17 -18 -20 -1 -9 -29 -22
right_child=1 2 3 -5 -6 11 8 9 12 19 -12 -13 15 -15 -16 23 17 -19 25 -21 22 -23 -24 -25 -26 -27 -28 28 -30 -31
leaf_value=0.010726164413384705 0.0065313250208059205 -0.016361178210236714 -0.043791052271603764 0.010064023684705287 -0.003088148309141709 0.0054713071460267375 0.034706038448690871 -0.0066566782962892606 0.02452658098002778 0.00091952145190205058 -0.057356397473857158 0.031461452265737488 0.0044136114196764884 -0.058212598516218086 -0.014482355379895062 0.020011010913114816 -0.011302459457088673 0.029895162804524835 0.0018218660368161091 -0.010821317144880764 0.043810762655549701 -0.016904212635798367 0.0032377190142651203 -0.06092704792091818 -0.036912039303454429 -0.044245264246880571 0.037927093898502594 0.013790959039171088 -0.00090607552575681536 -0.044650486545387634
leaf_weight=864.70266223544968 888.67572204714997 554.02285847165331 110.46571860820768 460.83025525178527 325.7277271112689 416.42936387789268 88.886150570586324 459.03614841378294 127.39989151633927 344.42251865511935 19.0683817382087 128.07692215654242 1971.8167787312123 37.513669821724761 85.462294001017653 223.72260797614581 368.55834662745474 67.95007975801127 521.80161549855256 1701.4280227121744 7.278386852820403 556.53962619352387 1161.5280555294739 8.4651888993103039 101.00827724424016 25.595569430617616 74.464708766487092 481.13934454988339 568.5548145420762 42.475099354895065
leaf_count=28566 33116 65078 30649 9288 24890 13388 1421 22211 2086 15182 1161 3834 36345 5423 4923 3513 14556 949 5166 92738 134 37068 36830 225 7355 610 1724 16406 21245 2980
internal_value=1.24917e-12 -0.000922934 -0.00836629 -0.00134389 -0.0133961 0.000154891 -0.000484383 -0.0028161 0.00366001 -0.00437126 0.00129001 0.0115846 0.00285225 -0.0190153 0.0106004 0.00201267 0.000869669 -0.0055714 -0.00794116 -0.00663922 -0.00327051 -0.0100905 0.00180226 0.0170601 -0.0168113 -0.000332172 0.0128829 0.00203122 0.00583048 -0.0317096
internal_weight=12793 11768.4 1488.56 897.024 436.193 10279.9 9735.35 6230.15 3505.2 5341.47 1527.8 544.506 3416.32 591.537 1024.63 3288.92 3056.73 1084.91 1016.96 3813.67 2112.24 900.962 1211.28 232.188 469.567 547.397 939.167 1508.73 1049.69 49.7535
internal_count=539060 503847 135328 64827 55539 368519 351297 279071 72226 245955 61023 17222 70805 70501 35213 68719 64981 28636 27687 184932 92194 52250 39944 3738 21911 5776 30290 59862 37651 3114
is_linear=0
shrinkage=0.05


Tree=92
num_leaves=31
num_cat=0
split_feature=153 13 152 20 10 23 44 152 21 19 43 22 25 14 24 19 40 26 17 44 16 33 29 114 150 152 150 16 37 40
split_gain=48.7806 39.0532 41.8695 44.7727 39.3113 34.3279 42.3176 35.079 31.2619 31.0688 32.0263 38.4586 28.5452 28.0641 26.8196 26.8161 23.7692 23.7302 23.251 28.3645 21.6066 21.4709 21.4577 20.402 23.3379 20.6724 32.8912 26.2779 31.0436 21.0756
threshold=1.0000000180025095e-35 0.064674370000000009 0.68274942756989876 0.36171896500000006 -0.017261188499999996 0.1232040075 0.15403189000000003 0.83044021987458705 1.0000000180025095e-35 0.17876973500000001 -0.0094061389999999991 0.072969372000000018 -0.012493019999999999 0.081665840000000003 -0.028346130499999993 0.30084516500000008 0.39005610500000004 0.035455582000000006 0.0021615406000000006 0.26033855000000006 -0.18538856999999997 -0.13045676999999997 -0.056736969999999991 0.40588235294117653 126714.48356533457 0.95753826061075575 140639.34643018013 -0.37574322499999996 -0.26554492999999996 0.45679194000000006
decision_type=2 2 2 2 2 2 2 2 2 2 2 2 2 2 2 2 2 2 2 2 2 2 2 2 2 2 2 2 2 2
left_child=-1 2 8 4 -4 6 -6 9 -2 -7 11 -11 15 -10 22 -12 21 23 -13 -20 -17 -15 -9 25 -25 27 -27 28 -16 -29
right_child=1 -3 3 -5 5 7 -8 14 13 10 12 18 -14 16 17 20 -18 -19 19 -21 -22 -23 -24 24 -26 26 -28 29 -30 -31
leaf_value=0.061870482990483103 0.0064639293203098153 0.013517797924049875 0.010803168878446165 0.024247080633642063 0.023668611740965687 0.0098921852926771303 0.0015340376279444972 0.052905696187934864 -0.00013280909727535312 0.0012332430848872359 -0.032183419564532877 0.012154509677016739 0.00011218629321763684 -0.029808383743126107 -0.0035920812101666554 -0.018128923384423897 -0.033563956609005893 0.031874277732930417 -0.015882453698956706 -0.057565444840763064 0.0083030812631906484 -0.0088052264458405374 0.0062404731994986883 -0.014842576438189078 -0.10177885771171746 0.038477475036019851 0.0021628513193178303 0.0018837351476286603 -0.019550917733084566 -0.034766458662348253
leaf_weight=31.778799835827158 364.08565832691602 501.7191742519899 800.95135406183545 197.25228107566363 296.87312926675077 246.98134321800899 791.99785553065158 25.215493379742838 553.54844716976186 946.056859008022 285.17696868890198 42.010965007357299 228.31950761974076 138.00109299628821 1424.2617418738519 387.54932445505256 133.46178418339332 52.843445300066378 130.10338464985398 59.467589277774096 96.583849120637751 1028.8897349093968 1068.4723091228079 30.02746528503485 10.391125898575408 78.325490284012631 305.7619360430981 2080.9961803366241 387.6691917735734 39.97903719227179
leaf_count=739 17161 16192 24242 4922 8431 8533 31086 355 27304 46580 34306 1207 10523 16391 48842 35310 13970 685 9496 4417 4878 63611 24639 311 249 649 4977 56498 20692 1864
internal_value=-3.39786e-11 -0.000154416 -0.000715242 0.000661571 0.000187621 -0.000755526 0.00756888 -0.0018991 -0.00693097 -0.00691315 -0.00882124 -0.00323724 -0.0154128 -0.00956158 0.000307548 -0.0200204 -0.0135753 -0.00143055 -0.0215 -0.0289582 -0.0128558 -0.0112891 0.00731636 -0.00183445 -0.0371928 -0.0015034 0.00956835 -0.00258466 -0.00700653 0.0011929
internal_weight=12764.8 12733 12231.3 10013.3 9816.02 9015.06 1088.87 7926.19 2217.99 2422.25 2175.27 1177.64 997.63 1853.9 5503.94 769.31 1300.35 4410.26 231.582 189.571 484.133 1166.89 1093.69 4357.41 40.4186 4316.99 384.087 3932.91 1811.93 2120.98
internal_count=539060 538321 522129 383692 378770 354528 39517 315011 138437 155250 146717 61700 85017 121276 159761 74494 93972 134767 15120 13913 40188 80002 24994 134082 560 133522 5626 127896 69534 58362
is_linear=0
shrinkage=0.05


Tree=93
num_leaves=31
num_cat=0
split_feature=152 153 153 152 20 21 49 3 54 153 2 22 24 152 15 1 53 22 105 23 43 0 48 17 28 153 150 32 150 115
split_gain=47.436 42.9982 75.8201 34.9832 40.0898 34.4596 25.3983 62.4369 40.7781 36.9423 44.6839 38.9882 36.3024 36.2153 34.6067 32.532 23.8672 23.5257 22.5269 22.5132 22.4989 21.8811 92.2868 37.2438 36.2574 33.0655 41.7447 26.2386 22.1032 21.8753
threshold=0.45035120232289044 0.034567721310344808 1.0000000180025095e-35 0.52203048897911153 0.34946156500000009 -0.037038214499999993 27.500000000000004 1.0000000180025095e-35 24.500000000000004 0.75235849056603787 1.0000000180025095e-35 0.18088618500000003 -0.20436175999999998 0.66531498641639264 0.026611132000000003 1.0000000180025095e-35 6.5000000000000009 0.11240422800000001 0.021927016645326456 0.1232040075 -0.0016503961499999998 1999900.0000000002 2572455.5454848097 0.041853014000000008 0.05820358350000001 0.30003575000000005 3210662.575263158 0.016799759000000001 828477.56048331421 0.3392857142857143
decision_type=2 2 2 2 2 2 2 2 2 2 2 2 2 2 2 2 2 2 2 2 2 2 2 2 2 2 2 2 2 2
left_child=-1 2 17 -3 5 -5 8 -8 9 10 11 12 -7 -14 16 -10 19 -2 -9 -15 -13 25 23 28 -25 26 27 -17 -23 -21
right_child=1 3 -4 4 -6 6 7 18 15 -11 -12 20 13 14 -16 21 -18 -19 -20 29 -22 22 -24 24 -26 -27 -28 -29 -30 -31
leaf_value=0.021318067520154263 1.4029392831942316 -0.013991519771372857 -0.0071061079149746121 0.019901954007392159 0.017134889113835546 0.019542947551613114 -0.044250033308009473 0.011836633456449227 -0.049362240848849707 0.0026517917869754129 0.011061066917609358 -0.018289718444992786 -0.027829902380853772 0.00329849683001417 0.015498572820157411 0.017627054108725324 -0.048271164220151278 0.46096235854279244 -0.0037021328355104476 -0.012331822398498192 0.013811789273625617 -0.032270017873838111 0.0079799873604169541 -0.057277316673030543 -0.017136314407149352 0.019296064197028971 -0.037723640364252735 -0.00089427871925731829 0.014862191761805258 0.047344149095960568
leaf_weight=255.70692344603594 0.10518059024070581 381.11079322506157 2082.2001450043135 230.56089572454948 391.11497707385206 99.402850875449076 58.365235850531462 1098.0502443933074 28.111539096862543 1703.8875538978027 333.97270709530858 67.7165721841302 292.77153067728796 279.97429108140204 133.86869681417011 308.6667590799043 41.412440071901074 0.1792307808282203 296.14978623516799 1942.1996732996704 281.40480206295615 35.330477334326133 991.47185862179322 94.661220824520569 138.6532167798141 506.14721127517987 58.091412479618157 502.56236701167654 84.053749090788187 15.47897160600405
leaf_count=6687 68 23709 157923 6584 11671 4362 8723 19144 3219 23543 6647 6153 34718 15249 4367 3531 6229 32 7896 123350 11959 467 21661 3928 3718 3028 11599 7179 1592 124
internal_value=2.12934e-12 -0.000436874 -0.00699461 0.000876846 0.0014427 0.000804907 0.00033612 0.00641497 -0.000775985 -0.00338271 -0.00633039 -0.00817181 -0.0101329 -0.0112232 -0.0092082 0.00414962 -0.0106594 0.809323 0.00853596 -0.00996335 0.00758529 0.00470275 0.000165972 -0.0218 -0.0334225 0.0091363 0.00322095 0.00615295 0.000913921 -0.01186
internal_weight=12733.4 12477.7 2082.48 10395.2 10014.1 9622.97 9392.41 1452.57 7939.84 5192.09 3488.2 3154.23 2805.11 2705.71 2412.93 2747.75 2279.07 0.284411 1394.2 2237.65 349.121 2719.64 1344.17 352.699 233.314 1375.47 869.321 811.229 119.384 1957.68
internal_count=539060 532373 158023 374350 350641 338970 332386 35763 296623 236701 213158 206511 188399 184037 149319 59922 144952 100 27040 138723 18112 56703 31366 9705 7646 25337 22309 10710 2059 123474
is_linear=0
shrinkage=0.05


Tree=94
num_leaves=31
num_cat=0
split_feature=153 19 153 150 48 0 152 16 37 29 150 49 54 24 152 8 3 44 3 14 44 33 12 46 21 45 21 92 20 93
split_gain=48.8522 38.068 36.0397 35.8045 31.8325 58.2052 30.7623 33.2754 37.047 32.5485 28.0823 27.3321 37.5634 34.897 35.8932 32.9305 26.7583 26.754 25.483 24.1681 22.5332 22.1371 21.95 19.9217 29.2569 19.7748 21.6759 19.2035 26.0485 18.8644
threshold=1.0000000180025095e-35 0.12858796000000003 0.021310115372340403 8048086.6135613639 19591841.521250006 13567657.595000001 0.92408447469306187 -0.15041142499999996 -0.26287451499999992 -0.0091817479999999983 18694353.369607147 65.000000000000014 19.500000000000004 -0.075031874999999984 0.73825762538126039 -0.15493553999999995 1.0000000180025095e-35 0.19895191500000001 1.0000000180025095e-35 0.058858906500000009 0.27819698500000006 0.019766374500000006 -0.24485572499999997 -0.16346818999999999 0.54192711500000013 0.077354710000000007 -0.07180760999999998 0.92428571428571449 -0.17106947999999997 0.56829268292682944
decision_type=2 2 2 2 2 2 2 2 2 2 2 2 2 2 2 2 2 2 2 2 2 2 2 2 2 2 2 2 2 2
left_child=-1 -2 -3 6 17 10 7 11 20 29 -6 12 13 -4 25 -16 -13 -5 -14 -17 -9 -12 -21 -11 -25 -15 -27 -24 -29 -8
right_child=1 2 3 4 5 -7 9 8 -10 23 21 16 18 14 15 19 -18 -19 -20 22 -22 -23 27 24 -26 26 -28 28 -30 -31
leaf_value=0.063377884412787119 0.0092197989791474172 -0.0097379769361530116 0.0056311623621562289 -0.032076411251063745 0.0078628729457454732 0.017712330202094295 0.033323794774236248 0.0040352764929913838 0.016113263218949302 0.015037112239981715 -0.044103202271198454 -0.046572589511270149 0.003132721396432437 -0.025445969022011718 0.016923133288656123 0.012993939262011962 0.010660792955181186 -0.0091563931653472017 -0.05212001360961345 0.0078336582652180128 -0.016829814627340425 -0.0089034656070366269 -0.0085283499947108495 0.0027480031277358806 -0.062386172558833324 0.033840512836915491 -0.012578636601714294 0.036246018442355261 -0.059334537515644818 -0.11588220683068329
leaf_weight=30.332499435600766 998.04626598304094 1061.5450421189271 571.98854376775125 190.37384537146863 83.821926114978851 249.12083205685485 130.35231568216113 578.59018384445335 593.33833620610494 375.05435730342288 93.051920777528721 21.204434603670961 2048.5446599712595 375.60791478775354 161.8263032314353 150.74392842885572 553.49720793038432 384.41505144660368 21.082873637715238 206.66425829360378 166.67075886910607 85.899984045128804 1983.4253625981873 1113.5598943430232 17.511631334433332 27.066301464365097 355.05793468265256 8.8055948503315431 37.421899903798476 2.15340458205901
leaf_count=739 34760 76421 24051 36207 3853 3507 1453 23376 16615 4196 22651 4651 53082 35133 3765 4060 8455 32935 2435 6353 5379 6606 86870 17229 616 736 21234 148 1497 47
internal_value=-1.18369e-10 -0.000152012 -0.000954998 -7.43277e-05 -0.00867177 0.000396363 0.000909097 -0.000389878 0.00679094 0.00714109 -0.0160199 -0.00186348 -0.00286952 -0.00577198 -0.00774453 -0.00490421 0.00854909 -0.0167477 0.00256987 -0.00638396 -0.000631009 -0.0272067 -0.00769017 0.00505092 0.00173957 -0.0172989 -0.00929071 -0.00927084 -0.041128 0.030899
internal_weight=12676.8 12646.4 11648.4 10586.9 1086.68 511.895 9500.17 7861.54 1338.6 1638.63 262.774 6522.94 5948.24 3878.61 3306.62 2548.89 574.702 574.789 2069.63 2387.06 745.261 178.952 2236.32 1506.13 1131.07 757.732 382.124 2029.65 46.2275 132.506
internal_count=539060 538321 503561 427140 105759 36617 321381 297840 45370 23541 33110 252470 239364 183847 159796 102693 13106 69142 55517 98928 28755 29257 94868 22041 17845 57103 21970 88515 1645 1500
is_linear=0
shrinkage=0.05


Tree=95
num_leaves=31
num_cat=0
split_feature=153 23 153 44 49 3 152 19 54 25 1 152 34 9 68 150 20 46 2 53 0 48 11 41 17 9 150 27 54 150
split_gain=46.8921 37.3429 33.0276 32.3056 27.6492 55.0969 34.6872 39.1045 32.7731 33.0238 31.9889 29.3996 34.245 25.9793 25.8738 25.1968 24.3103 23.995 22.6572 22.9841 21.5604 52.717 41.2561 24.6348 24.2671 21.855 21.4513 21.3099 21.0636 20.7019
threshold=1.0000000180025095e-35 0.041843327000000007 0.045326142783769861 0.14256621500000002 30.500000000000004 1.0000000180025095e-35 0.64129555067213528 0.16665917500000002 32.500000000000007 0.054250972500000001 1.0000000180025095e-35 0.94081218288031243 -0.16713515999999998 -0.17603582999999998 0.71185064935064946 33395.977051158225 0.21036095500000004 -0.09888237699999998 1.0000000180025095e-35 3.5000000000000004 1999900.0000000002 4090810.6182888201 0.042131021500000011 0.10304565500000001 0.3077293450000001 0.55215867500000015 204487.27250000011 47.500000000000007 19.500000000000004 4818594.591153848
decision_type=2 2 2 2 2 2 2 2 2 2 2 2 2 2 2 2 2 2 2 2 2 2 2 2 2 2 2 2 2 2
left_child=-1 3 -3 29 6 -6 13 -8 9 11 -10 12 14 -4 15 27 -14 -11 19 -17 23 22 25 -12 -25 -22 -15 -9 -28 -2
right_child=1 2 4 -5 5 -7 7 8 10 17 20 -13 16 26 -16 18 -18 -19 -20 -21 21 -23 -24 24 -26 -27 28 -29 -30 -31
leaf_value=0.063787428355793901 0.029236839517277319 -0.0060995890849491431 0.015612732445284409 0.0036313365237798136 -0.046039908336895127 0.009191621157101499 0.014251466839317812 -0.070333427491021422 -0.065064316787864271 -0.0053120870553725868 0.011492962994180825 0.0071452470915604766 0.0022257109091345369 0.00072633332242559231 -0.050179453190031809 -0.0086654329910979804 0.035915686677706241 0.026048221432314635 0.0096067416996739631 -0.037960088156763709 -0.031198547945973161 0.011756188179329365 0.0041716042980253854 -0.056441840948805028 0.030175189714119706 0.027587863491301181 -0.024958443846527317 0.014104015209550892 -0.004445244592677383 -0.0075397495341404447
leaf_weight=28.746152310039179 235.77312995772263 2478.5037295620805 87.533182214592671 818.71232052955747 46.853074670336355 1244.8793941496988 478.7584583407297 7.7960237234365186 16.248687600957055 97.44594531817711 1050.4837215046718 515.41927866748301 484.96061235178786 204.85869619635196 35.342016457900172 2645.0550305692195 60.1923708069844 163.06619060292724 166.27935288561275 68.695220299763605 219.12683492136421 435.33217737154337 193.77553901466308 26.083880630409112 11.719504718203096 17.039575849077664 377.65184801136093 179.91506161521829 187.16262930527955 45.679049924867286
leaf_count=739 5658 191037 2765 35853 7304 20901 10495 187 1837 4298 9882 6839 20033 6792 857 126849 1488 3112 3387 10072 5331 6335 3089 2650 528 205 35953 3333 8010 3241
internal_value=1.24014e-11 -0.000145523 -0.000987421 0.00865495 0.000417033 0.00718829 -0.000714496 0.000468394 -0.000563634 -0.00295221 0.00480109 -0.00403276 -0.00561198 -0.0101984 -0.00764242 -0.00715237 0.00594555 0.0143177 -0.00830923 -0.00940699 0.00538219 -0.000508685 -0.0129273 0.0100659 -0.0295895 -0.0269571 -0.0131339 0.0105972 -0.018161 0.0232681
internal_weight=12629.1 12600.3 11500.2 1100.16 9021.67 1291.73 7729.94 6872.74 6393.98 4424.17 1969.81 4163.65 3648.24 857.206 3103.08 3067.74 545.153 260.512 2880.03 2713.75 1953.56 865.274 429.942 1088.29 37.8034 236.166 769.673 187.711 564.814 281.452
internal_count=539060 538321 493569 44752 302532 28205 274327 220807 210312 180455 29857 173045 166206 53520 144685 143828 21521 7410 140308 136921 28020 14960 8625 13060 3178 5536 50755 3520 43963 8899
is_linear=0
shrinkage=0.05


Tree=96
num_leaves=31
num_cat=0
split_feature=19 8 152 17 16 29 13 12 33 12 33 13 152 34 16 94 150 48 18 54 31 10 19 37 20 99 29 34 25 44
split_gain=45.3101 35.1795 38.3655 38.4483 36.6515 35.3395 32.2814 32.2535 37.5626 27.1207 26.322 22.8876 24.4702 22.9456 21.4946 21.1345 22.5099 38.0591 20.0176 20.2343 22.9919 30.452 21.1658 30.9114 26.269 19.3299 18.2995 18.2002 18.1643 18.0683
threshold=1.0000000180025095e-35 -0.14953850999999999 0.76995087155319941 -0.093967814999999996 -0.12935349999999998 0.0019027355500000002 -0.023687880499999998 -0.23814543499999996 -0.079163232499999986 0.17272273000000002 0.061131758500000008 -0.18046104999999998 0.85041647251279495 -0.25030463499999994 -0.14132393999999995 0.15833333333333333 397919.43600000005 409928.36989560444 0.21496144500000003 121.50000000000001 0.21684046000000004 0.23498252500000003 0.46244241500000005 -0.29410713499999996 0.062428740000000003 0.048632218844984761 -0.074427504999999991 -0.13827746999999999 0.17763210000000004 0.17726903500000005
decision_type=2 2 2 2 2 2 2 2 2 2 2 2 2 2 2 2 2 2 2 2 2 2 2 2 2 2 2 2 2 2
left_child=-1 5 3 -3 6 -2 15 8 -4 11 -11 12 14 -13 -9 16 -5 -18 19 20 22 -22 27 -24 -25 -16 -12 -14 -19 -7
right_child=1 2 7 4 -6 29 -8 9 -10 10 26 13 18 -15 25 -17 17 28 -20 -21 21 -23 23 24 -26 -27 -28 -29 -30 -31
leaf_value=0.017558596344331209 0.021612373837556514 0.0089451739569746634 0.025922948705086869 -0.0068026527346553307 0.0022046595475028298 -0.016577869644279621 0.002319130213228182 -0.010054546677881474 -6.5396679465208593e-05 0.0069994749758787462 -0.11993409669799843 -0.0052456973688290815 -0.000173629006770659 0.012358965621657572 0.010488222971512584 0.029638084048158347 -0.054699893454258602 -0.01771005542484733 0.019794589934389584 0.0070360021805149307 -0.0051180005558961418 0.032407413781141439 -0.0025506424145787096 -0.034175471515368649 -0.0080724939807875606 -0.051468753323852479 0.04932931728637812 -0.038841805453441319 0.0085076173356081388 0.0052146343445539757
leaf_weight=356.99464584747511 331.82081857587764 390.6032210794765 262.45514734060271 668.35654226598854 707.93995460917176 110.48141929649864 388.15672945009828 1278.5903520682623 295.68074140120007 219.00245921274472 1.64251153403893 272.00412272692483 2421.505971159655 579.25721200687985 209.62555774099019 27.963100619934266 67.594647314836038 1060.3162576960676 121.90841805079253 702.64217075982015 108.36415462079458 107.89141038249363 655.50348075892543 182.29305854236009 204.5181393197854 13.393262592930112 57.386486750066979 30.817739719816018 70.454814808443189 683.7795014514104
leaf_count=11665 10685 15469 5101 28065 34250 5961 15337 82082 9745 7041 30 10422 65224 14558 8232 953 14182 102667 2227 13499 4336 2068 21319 9657 8840 1066 732 886 3580 29181
internal_value=5.51e-11 -0.000512455 -0.00136629 -0.00580801 -0.00773482 0.00790844 -0.0108172 0.000578066 0.0121552 -0.000323598 0.0149866 -0.000941559 -0.00202382 0.00673374 -0.00755615 -0.0135084 -0.0141547 -0.0182551 -0.000192163 -0.000744227 -0.00221738 0.0136037 -0.00319642 -0.00916506 -0.0203741 0.00676743 0.0446195 -0.000659562 -0.0160765 0.0021833
internal_weight=12588.9 12231.9 11105.9 3381.39 2990.78 1126.08 2282.84 7724.48 558.136 7166.35 278.031 6888.32 6037.05 851.261 1501.61 1894.69 1866.72 1198.37 4535.44 4413.54 3710.89 216.256 3494.64 1042.31 386.811 223.019 59.029 2452.32 1130.77 794.261
internal_count=539060 527395 481568 214503 199034 45827 164784 267065 14846 252219 7803 244416 219436 24980 91380 149447 148494 120429 128056 125829 112330 6404 105926 39816 18497 9298 762 66110 106247 35142
is_linear=0
shrinkage=0.05


Tree=97
num_leaves=31
num_cat=0
split_feature=19 153 54 53 15 152 23 23 27 32 32 9 17 9 150 152 41 40 96 150 114 152 28 16 37 37 31 49 10 27
split_gain=45.3305 33.7605 28.8853 25.6133 25.7495 29.3322 24.9167 24.2598 32.3789 24.0781 23.6427 22.5603 22.3307 26.4036 22.0549 20.8602 21.0926 25.9681 20.4978 20.4471 32.8025 18.7767 23.9513 21.9314 45.8924 26.1083 20.5527 21.5514 20.4369 20.0815
threshold=0.12858796000000003 0.26682741333333332 58.000000000000007 41.500000000000007 0.16130287000000001 0.75820713504717507 0.27420974000000004 0.078430257000000017 195.50000000000003 -0.016685354499999996 0.052601191000000005 -0.037393608999999987 -0.015360623499999998 -0.060255148499999994 656230.06687448395 1.0000000180025095e-35 0.080514802500000024 0.27954973000000005 0.028470111448834805 23646.378124999934 0.98000000000000009 0.7302730966266775 -0.045239986999999988 -0.41544562499999999 -0.32941684499999996 -0.38545354999999998 0.049089625500000005 16.500000000000004 0.062027823500000002 534.50000000000011
decision_type=2 2 2 2 2 2 2 2 2 2 2 2 2 2 2 2 2 2 2 2 2 2 2 2 2 2 2 2 2 2
left_child=15 3 11 4 5 6 10 8 -7 -8 -2 -3 18 -14 -11 -1 17 -17 -9 -13 21 22 -21 24 -23 -25 -24 29 -26 -28
right_child=1 2 -4 -5 -6 7 9 12 -10 14 -12 19 13 -15 -16 16 -18 -19 -20 20 -22 23 26 25 28 -27 27 -29 -30 -31
leaf_value=0.06206540532108993 -0.002677242061024313 0.018716466574385329 0.017668735872259676 0.018460160527485992 0.01596379084250418 -0.021625505338134926 -0.037602699484555108 0.013060633681521223 0.022822494126653162 -0.001855513620629875 -0.02466485109222516 0.01478385500516655 0.047770046144005915 -0.003728825311228342 -0.021503728614170492 0.016836927935976458 0.020528591740196025 -0.0029686317026789829 -0.038094838288561778 -0.03361429505610148 -0.0823238255687503 0.0088427232194291262 0.015048864885779037 -0.018500898580584162 0.0053093550554439055 0.006093446342129002 -0.011714106370597659 0.0072773976883751673 -0.021745296180387244 -0.054369834574285958
leaf_weight=18.98085579322651 1216.975866281422 182.60710716503672 300.47853073198348 137.72460202718503 169.35767377743105 51.80432023089088 113.62883017510103 316.47837187295954 195.96715301088989 265.80979768524412 135.91287893381741 240.82679350511171 25.028263780957786 4473.9000034139535 308.68275489606822 265.43290228264414 288.91275734236115 439.60763362848593 20.873861387677607 77.432717920077266 12.143392709840553 321.77230025804602 113.92115260715946 114.6260502468358 87.928771273116581 1840.8042064346082 306.40189222223125 149.11378860581317 338.60900645630318 30.32248632129631
leaf_count=292 85825 2734 1569 1530 7741 2354 19025 10470 8001 13130 16581 1852 524 226702 43613 6561 9082 19278 2028 4566 324 3951 2396 2749 1118 23448 10896 2356 7106 1258
internal_value=-7.70264e-11 -0.00088951 0.00274267 -0.00290153 -0.00330486 -0.00376286 -0.00882612 -0.0017302 0.0135293 -0.0165724 -0.00488614 0.00156752 -0.00251197 -0.00344233 -0.0124128 0.0101419 0.00915034 0.00448774 0.00989536 0.000705769 -0.000293437 1.19413e-06 -0.0074442 0.001866 -0.00541348 0.00465174 -0.00406548 -0.00854748 -0.0161681 -0.0155553
internal_weight=12562.1 11549.1 4116.99 7432.14 7294.42 7125.06 2041.01 5084.05 247.771 688.121 1352.89 3816.51 4836.28 4498.93 574.493 1012.93 993.953 705.041 337.352 3633.9 3393.08 3380.93 677.192 2703.74 748.31 1955.43 599.759 485.838 426.538 336.724
internal_count=539060 503847 66323 437524 435994 428253 178174 250079 10355 75768 102406 64754 239724 227226 56743 35213 34921 25839 12498 62020 60168 59844 21472 38372 12175 26197 16906 14510 8224 12154
is_linear=0
shrinkage=0.05


Tree=98
num_leaves=31
num_cat=0
split_feature=153 21 153 54 15 36 42 153 27 150 59 21 17 150 10 14 96 152 52 8 152 14 17 150 114 48 22 54 152 23
split_gain=44.9391 36.3959 31.9304 28.0109 26.7055 32.8355 26.1052 24.614 28.5304 22.6793 22.1495 32 18.5812 19.0836 25.9786 21.1646 18.4476 18.2619 18.2519 19.5788 17.3471 24.4881 17.169 17.3259 33.745 23.4197 19.3295 17.958 27.9239 25.6326
threshold=1.0000000180025095e-35 -0.027830656499999998 0.071808545714285715 121.50000000000001 -0.020977522999999994 -0.18306101499999997 0.21686431000000003 0.46504065040650416 185.50000000000003 594630.78923076938 1.0000000180025095e-35 0.23004153500000005 0.30360780000000004 2579077.1010208339 0.22669151000000001 0.11209655550000001 1.0000000180025095e-35 0.94538314116789557 10.500000000000002 -0.26861741999999994 0.88976845055508236 0.18984086500000005 -0.067669314999999994 58965.234266666688 0.10067567567567566 62040.147285714287 -0.082841909999999977 10.500000000000002 0.95753826061075575 0.18459956000000002
decision_type=2 2 2 2 2 2 2 2 2 2 2 2 2 2 2 2 2 2 2 2 2 2 2 2 2 2 2 2 2 2
left_child=-1 6 10 4 7 -6 9 8 -4 -2 20 12 13 17 15 -15 -13 -12 19 -10 21 -3 -9 -24 25 -25 -26 28 29 -27
right_child=1 2 3 -5 5 -7 -8 22 18 -11 11 16 -14 14 -16 -17 -18 -19 -20 -21 -22 -23 23 24 26 27 -28 -29 -30 -31
leaf_value=0.064340850296290261 0.033281389400925447 -0.0021749087929476781 -0.010782392956518476 0.011948895779856826 -0.0086446524700348384 0.013821803217905252 -0.004982165252627571 0.018828909254382721 0.022469951338686036 0.0083839136577984232 -0.0088912957932634484 -0.0015363288187806197 0.010186109788419551 0.018377569601776139 0.011494552722469327 -0.053652854142235973 0.014514611207128889 0.046495993861523699 0.0083399421619810964 -0.0035589801125226412 -0.00083980477282119808 -0.013694059155318431 0.012012813222943017 -0.058112963446281557 0.027785931928223047 0.005132428662365786 -0.070392914525233413 0.0063732282151532232 0.031600798189244467 -0.010246979646332139
leaf_weight=27.080174881179119 171.49142908726935 741.51831191790188 978.67225878049794 560.44431284342136 213.79403051352347 679.65701699462079 146.12285428003815 157.16304533989751 74.783380643362761 196.00769261047935 330.06671301510505 302.12523724921994 115.50962354634248 11.831560245278522 28.367143771829433 73.866492576111341 439.2968695446034 15.584845342556944 453.38402995649449 2129.1855040271985 863.98757317429408 1221.2289184112469 358.69623683800455 16.678561185020953 6.2432528273202506 436.59955616384104 25.448180485283956 984.37056383388699 56.471942564938217 713.98560498679581
leaf_count=739 2646 56953 36863 5804 7905 14324 8702 1998 2949 7640 20967 21060 6527 1164 2065 10695 18673 282 6265 108719 38499 120710 2899 517 89 7340 724 11505 280 13557
internal_value=-6.87773e-11 -0.00013936 -0.000697737 0.00117746 0.000348813 0.0084458 0.0128943 -0.000783012 -0.00348418 0.0200022 -0.00424845 0.00110806 -0.00774154 -0.0122461 -0.0299797 -0.0437083 0.00797395 -0.00639398 -0.000796339 -0.00267579 -0.00674343 -0.00934217 0.00278112 0.00181051 0.00017665 0.000911893 -0.0510516 0.00136112 -0.00272632 -0.00441113
internal_weight=12529.7 12502.6 11989 7845.58 7285.13 893.451 513.622 6391.68 3636.03 367.499 4143.38 1316.65 575.226 459.717 114.065 85.6981 741.422 345.652 2657.35 2203.97 2826.73 1962.75 2755.66 2598.49 2239.8 2208.11 31.6914 2191.43 1207.06 1150.59
internal_count=539060 538321 519333 221738 215934 22229 18988 193705 154796 10286 297595 81433 41700 35173 13924 11859 39733 21249 117933 111668 216162 177663 38909 36911 34012 33199 813 32682 21177 20897
is_linear=0
shrinkage=0.05


Tree=99
num_leaves=31
num_cat=0
split_feature=153 9 153 152 23 44 27 152 14 37 37 44 4 50 24 17 16 30 35 44 45 30 29 93 7 152 54 0 9 25
split_gain=43.177 38.1977 33.5742 32.0792 28.3511 47.1054 36.3795 26.0912 31.2322 36.0589 28.2505 24.1567 22.2653 25.4151 22.6297 21.3478 21.1421 20.4002 20.3456 20.2103 21.0133 19.6364 18.7535 20.7831 18.2063 21.8491 18.1615 18.3972 30.6542 20.2537
threshold=1.0000000180025095e-35 0.065711145000000012 0.032389194859690502 0.45035120232289044 0.14571277500000004 0.30099222000000009 520.50000000000011 0.88976845055508236 0.22623014000000002 -0.34333291499999996 -0.19945007999999997 0.15865967500000003 1.0000000180025095e-35 4.5000000000000009 -0.20436175999999998 0.39942328500000007 -0.18538856999999997 0.12328241500000002 0.36096091500000005 0.26913177500000002 0.15711235500000004 0.29121251000000004 -0.0091817479999999983 0.56829268292682944 0.063150285000000014 0.81590475018663156 121.50000000000001 8343333.3350000009 0.14301726000000001 0.032602667000000009
decision_type=2 2 2 2 2 2 2 2 2 2 2 2 2 2 2 2 2 2 2 2 2 2 2 2 2 2 2 2 2 2
left_child=3 17 24 -1 5 11 7 8 9 15 22 -4 14 -14 -8 -6 -10 -2 -11 21 -21 -19 23 -9 -3 -26 -24 -28 -29 -30
right_child=1 2 4 -5 6 -7 12 10 16 18 -12 -13 13 -15 -16 -17 -18 19 -20 20 -22 -23 26 -25 25 -27 27 28 29 -31
leaf_value=0.05410285033732385 0.025106845314814399 -0.012372503262174064 0.015437717130109824 0.35534992764451773 -0.025017482858446606 -0.029288114020857254 0.023711209729219408 0.019641690794605381 -0.0087759301531344126 0.0054976181555243296 0.037264333357208086 0.0032927108036340958 -0.014643212517986779 0.029330285428019937 -0.016110081887070946 0.024189306454007527 0.0065895997113208944 0.011544317217422984 -0.044846874920820796 -0.009083880871492615 0.033191125912746568 -0.0089467544371870968 -0.00030176446739873803 -0.10055777220947633 -0.011481552499625678 0.005471735150447344 0.015349774959712421 0.050235130706747677 -0.090558924357869108 0.088379819455380176
leaf_weight=24.659214799059558 145.18239219005409 923.38657687185696 570.13239743109807 0.91657428899270499 163.00917215615482 95.118537384605588 37.513173963490772 200.95019161040545 1811.9727819421532 1497.5700493106451 61.756660077284323 1452.5934685890588 63.52605133891484 68.064994515883882 728.86460969610926 25.487991721514845 255.42622168891103 902.20251820537123 20.340677896438137 311.62993667596311 32.455910388445773 134.32210543352994 1847.8286704296042 3.6617340286029494 338.64450507331276 433.116836982721 320.58008398971288 7.8884489131160107 14.047092676977625 1.7819854668341566
leaf_count=639 3418 73890 19587 100 12261 4930 1360 3572 106314 50402 791 52880 2521 1258 35844 982 10859 35941 3554 11294 528 10270 36725 103 31912 23985 2618 43 471 8
internal_value=5.02337e-11 -0.000133117 -0.00116646 0.0648988 1.92422e-05 0.0050989 -0.00148953 -0.000133862 -0.00274505 0.00226166 0.00387433 0.00671594 -0.0108984 0.00810192 -0.0141609 -0.0183639 -0.00687753 0.00727823 0.00482298 0.00540341 -0.00509629 0.0088889 0.00301397 0.0174906 -0.00763524 -0.00196727 0.00166272 0.012206 -0.0302865 -0.0704146
internal_weight=12494.6 12469.1 10943.3 25.5758 9248.11 2117.84 7130.27 6232.3 3773.81 1706.41 2458.49 2022.73 897.969 131.591 766.378 188.497 2067.4 1525.79 1517.91 1380.61 344.086 1036.52 2396.74 204.612 1695.15 771.761 2192.13 344.298 23.7175 15.8291
internal_count=539060 538321 476870 739 347083 77397 269686 228703 184372 67199 44331 72467 40983 3779 37204 13243 117173 61451 53956 58033 11822 46211 43540 3675 129787 55897 39865 3140 522 479
is_linear=0
shrinkage=0.05


end of trees

feature_importances:
title_sim=398
region_sim=289
price_sim=288
level_10000=209
supplier_cost=180
cost=171
level_00101=87
level_1_1=74
title_vector_12=68
title_vector_6=56
supplier=55
title_vector_8=53
title_vector_9=53
title_vector_15=48
title_vector_7=43
title_vector_10=37
level_01000=37
supplier_title_vector_9=36
level_1_3=34
title_vector_14=34
level_00111=33
title_vector_18=32
title_vector_16=31
supplier_title_vector_10=29
supplier_title_vector_16=28
title_vector_1=27
supplier_title_vector_8=27
supplier_title_vector_5=26
level_1_2=25
title_vector_2=25
supplier_title_vector_15=25
title_vector_17=23
supplier_title_vector_13=22
supplier_title_vector_6=21
title_vector_3=20
supplier_title_vector_4=19
title_vector_5=18
title_vector_13=17
supplier_title_vector_12=17
supplier_title_vector_19=17
55=17
title_vector_4=16
supplier_title_vector_18=16
supplier_title_vector_1=15
33=12
supplier_title_vector_7=11
level_00110=11
title_vector_0=10
title_vector_19=10
supplier_title_vector_2=10
supplier_title_vector_17=9
title_vector_11=8
supplier_title_vector_0=8
supplier_title_vector_3=8
supplier_title_vector_14=8
34=7
17=6
25=6
40=6
level_2_1=3
level_2_2=3
supplier_title_vector_11=3
7=3
22=3
39=3
52=3
72=3
86=3
region=2
6=2
9=2
10=2
24=2
30=2
35=2
37=2
66=2
69=2
73=2
75=2
82=2
0=1
2=1
5=1
8=1
18=1
38=1
41=1
42=1
43=1
45=1
46=1
50=1
56=1
58=1
60=1
61=1
64=1
77=1
78=1
81=1
83=1

parameters:
[boosting: gbdt]
[objective: lambdarank]
[metric: ndcg]
[tree_learner: serial]
[device_type: cpu]
[data_sample_strategy: bagging]
[data: ]
[valid: ]
[num_iterations: 100]
[learning_rate: 0.05]
[num_leaves: 31]
[num_threads: 0]
[seed: 0]
[deterministic: 0]
[force_col_wise: 0]
[force_row_wise: 0]
[histogram_pool_size: -1]
[max_depth: -1]
[min_data_in_leaf: 20]
[min_sum_hessian_in_leaf: 0.001]
[bagging_fraction: 1]
[pos_bagging_fraction: 1]
[neg_bagging_fraction: 1]
[bagging_freq: 0]
[bagging_seed: 3]
[bagging_by_query: 0]
[feature_fraction: 1]
[feature_fraction_bynode: 1]
[feature_fraction_seed: 2]
[extra_trees: 0]
[extra_seed: 6]
[early_stopping_round: 0]
[early_stopping_min_delta: 0]
[first_metric_only: 0]
[max_delta_step: 0]
[lambda_l1: 0]
[lambda_l2: 0]
[linear_lambda: 0]
[min_gain_to_split: 0]
[drop_rate: 0.1]
[max_drop: 50]
[skip_drop: 0.5]
[xgboost_dart_mode: 0]
[uniform_drop: 0]
[drop_seed: 4]
[top_rate: 0.2]
[other_rate: 0.1]
[min_data_per_group: 100]
[max_cat_threshold: 32]
[cat_l2: 10]
[cat_smooth: 10]
[max_cat_to_onehot: 4]
[top_k: 20]
[monotone_constraints: ]
[monotone_constraints_method: basic]
[monotone_penalty: 0]
[feature_contri: ]
[forcedsplits_filename: ]
[refit_decay_rate: 0.9]
[cegb_tradeoff: 1]
[cegb_penalty_split: 0]
[cegb_penalty_feature_lazy: ]
[cegb_penalty_feature_coupled: ]
[path_smooth: 0]
[interaction_constraints: ]
[verbosity: -1]
[saved_feature_importance_type: 0]
[use_quantized_grad: 0]
[num_grad_quant_bins: 4]
[quant_train_renew_leaf: 0]
[stochastic_rounding: 1]
[linear_tree: 0]
[max_bin: 255]
[max_bin_by_feature: ]
[min_data_in_bin: 3]
[bin_construct_sample_cnt: 200000]
[data_random_seed: 1]
[is_enable_sparse: 1]
[enable_bundle: 1]
[use_missing: 1]
[zero_as_missing: 0]
[feature_pre_filter: 1]
[pre_partition: 0]
[two_round: 0]
[header: 0]
[label_column: ]
[weight_column: ]
[group_column: ]
[ignore_column: ]
[categorical_feature: ]
[forcedbins_filename: ]
[precise_float_parser: 0]
[parser_config_file: ]
[objective_seed: 5]
[num_class: 1]
[is_unbalance: 0]
[scale_pos_weight: 1]
[sigmoid: 1]
[boost_from_average: 1]
[reg_sqrt: 0]
[alpha: 0.9]
[fair_c: 1]
[poisson_max_delta_step: 0.7]
[tweedie_variance_power: 1.5]
[lambdarank_truncation_level: 30]
[lambdarank_norm: 1]
[label_gain: ]
[lambdarank_position_bias_regularization: 0]
[eval_at: 1,3,5]
[multi_error_top_k: 1]
[auc_mu_weights: ]
[num_machines: 1]
[local_listen_port: 12400]
[time_out: 120]
[machine_list_filename: ]
[machines: ]
[gpu_platform_id: -1]
[gpu_device_id: -1]
[gpu_use_dp: 0]
[num_gpu: 1]

end of parameters

pandas_categorical:[]
